package,status,export_signature_pairs,selected_entries,extracted_entries,missing_entries,diagnostics
11ty__eleventy-img,extracted-with-diagnostics,34,1,1,0,6
11ty__eleventy-plugin-directory-output,extracted-with-diagnostics,1,1,1,0,1
11ty__eleventy-plugin-rss,extracted-with-diagnostics,7,1,1,0,7
1line-aa,extracted,1,1,1,0,0
3box,extracted,69,1,1,0,0
a-big-triangle,extracted,1,1,1,0,0
a-star,extracted,5,1,1,0,0
a2hs.js,extracted,1,1,1,0,0
abbrev,extracted,3,1,1,0,0
abs,extracted,1,1,1,0,0
abs-svg-path,extracted,1,1,1,0,0
absinthe__socket,extracted,34,1,1,0,0
absolute,extracted,1,1,1,0,0
absolute-url,extracted-with-diagnostics,2,1,1,0,5
abstract-leveldown,extracted,54,1,1,0,0
abstract-things,extracted,28,1,1,0,0
acc-wizard,extracted,0,1,1,0,0
accedo__accedo-one,extracted,1,1,1,0,0
accept-language-parser,extracted,2,1,1,0,0
accepts,extracted-with-diagnostics,29,1,1,0,5
accounting,extracted,36,1,1,0,0
accumulator-hash,extracted-with-diagnostics,2,1,1,0,5
accurate-interval,extracted,2,1,1,0,0
ace,extracted,0,1,1,0,0
ace-diff,extracted,10,1,1,0,0
ackee-tracker,extracted,10,1,1,0,0
acl,extracted-with-diagnostics,78,1,1,0,7
actioncable,extracted,11,1,1,0,0
activedirectory2,extracted-with-diagnostics,52,1,1,0,5
activestorage,extracted,3,1,1,0,0
activex-access,extracted-with-diagnostics,0,1,1,0,2
activex-adodb,extracted-with-diagnostics,0,1,1,0,2
activex-adox,extracted-with-diagnostics,0,1,1,0,2
activex-dao,extracted-with-diagnostics,0,1,1,0,2
activex-diskquota,extracted-with-diagnostics,0,1,1,0,2
activex-excel,extracted-with-diagnostics,0,1,1,0,2
activex-faxcomexlib,extracted-with-diagnostics,0,1,1,0,2
activex-infopath,extracted-with-diagnostics,0,1,1,0,2
activex-interop,extracted-with-diagnostics,0,1,1,0,2
activex-iwshruntimelibrary,extracted-with-diagnostics,0,1,1,0,2
activex-libreoffice,extracted-with-diagnostics,0,1,1,0,2
activex-msforms,extracted-with-diagnostics,0,1,1,0,2
activex-mshtml,extracted,0,1,1,0,0
activex-msxml2,extracted-with-diagnostics,0,1,1,0,2
activex-office,extracted-with-diagnostics,0,1,1,0,2
activex-opendssengine,extracted-with-diagnostics,0,1,1,0,2
activex-outlook,extracted-with-diagnostics,0,1,1,0,2
activex-powerpoint,extracted-with-diagnostics,0,1,1,0,2
activex-scripting,extracted-with-diagnostics,0,1,1,0,2
activex-shdocvw,extracted-with-diagnostics,0,1,1,0,2
activex-shell,extracted-with-diagnostics,0,1,1,0,2
activex-stdole,extracted-with-diagnostics,0,1,1,0,2
activex-vbide,extracted-with-diagnostics,0,1,1,0,2
activex-wia,extracted-with-diagnostics,0,1,1,0,2
activex-word,extracted-with-diagnostics,0,1,1,0,2
adal-angular,extracted,62,1,1,0,0
adblock-rs,extracted-with-diagnostics,16,1,1,0,5
add,extracted,4,1,1,0,0
add-dom-event-listener,extracted,2,1,1,0,0
add-zero,extracted,1,1,1,0,0
add2home,extracted,0,1,1,0,0
addons-linter,extracted,2,1,1,0,0
addressparser,extracted-with-diagnostics,1,1,1,0,5
adeira__graphql-global-id,extracted-with-diagnostics,4,1,1,0,1
adeira__graphql-resolve-wrapper,extracted-with-diagnostics,1,1,1,0,1
adeira__js,extracted,9,1,1,0,0
adeira__murmur-hash,extracted,1,1,1,0,0
adeira__test-utils,extracted,2,1,1,0,0
adj-noun,extracted,9,1,1,0,0
adlib,extracted,3,1,1,0,0
adm-zip,extracted-with-diagnostics,249,1,1,0,5
admin-check,extracted,1,1,1,0,0
adobe__aio-lib-analytics,extracted,17,1,1,0,0
adobe__ccweb-add-on-sdk,extracted-with-diagnostics,0,1,1,0,5
adobe__es-modules-middleware,extracted-with-diagnostics,1,1,1,0,6
aes-js,extracted,32,1,1,0,0
af-utils__react-table,extracted-with-diagnostics,28,1,1,0,3
af-utils__react-virtual-headless,extracted-with-diagnostics,20,1,1,0,1
af-utils__react-virtual-list,extracted-with-diagnostics,33,1,1,0,1
aframe,extracted,61881,1,1,0,0
africastalking,extracted,66,1,1,0,0
after-all-results,extracted,1,1,1,0,0
ag-auth,extracted-with-diagnostics,4,1,1,0,5
ag-channel,extracted-with-diagnostics,159,1,1,0,5
ag-request,extracted,5,1,1,0,0
ag-simple-broker,extracted-with-diagnostics,142,1,1,0,5
agadoo,extracted,1,1,1,0,0
agiledigital__mule-preview,extracted-with-diagnostics,4,1,1,0,1
agnostic-http-error-handler,extracted,1,1,1,0,0
ahocorasick,extracted,3,1,1,0,0
ahoy.js,extracted,28,1,1,0,0
airbnb-prop-types,extracted,49,1,1,0,0
airbnb__node-memwatch,extracted-with-diagnostics,2,1,1,0,5
ajv-async,extracted-with-diagnostics,1,1,1,0,1
ajv-bsontype,extracted-with-diagnostics,1,1,1,0,1
ajv-merge-patch,extracted-with-diagnostics,1,1,1,0,1
ajv-pack,extracted-with-diagnostics,4,1,1,0,1
akamai-edgeworkers,extracted,139,1,1,0,0
akumina-core,extracted,343,1,1,0,0
alcides,extracted-with-diagnostics,0,1,1,0,1
ale-url-parser,extracted,2,1,1,0,0
alertify,extracted,0,1,1,0,0
alexa-voice-service,extracted,16,1,1,0,0
algebra.js,extracted,44,1,1,0,0
ali-app,extracted,0,1,1,0,0
ali-oss,extracted,170,1,1,0,0
alicloud__log,extracted,33,1,1,0,0
align-text,extracted,2,1,1,0,0
alipayjssdk,extracted,0,1,1,0,0
alks-node,extracted-with-diagnostics,12,1,1,0,1
all-the-cities,extracted,0,1,1,0,0
all-the-package-names,extracted,0,1,1,0,0
alloy,extracted,0,1,1,0,0
almost-equal,extracted,1,1,1,0,0
alpha-bravo,extracted,2,1,1,0,0
alpha-shape,extracted,1,1,1,0,0
alpinejs,extracted,205,1,1,0,0
alpinejs__anchor,extracted,1,1,1,0,0
alpinejs__collapse,extracted,1,1,1,0,0
alpinejs__focus,extracted,1,1,1,0,0
alpinejs__intersect,extracted,1,1,1,0,0
alpinejs__mask,extracted,1,1,1,0,0
alpinejs__morph,extracted,2,1,1,0,0
alpinejs__persist,extracted,1,1,1,0,0
alpinejs__resize,extracted,1,1,1,0,0
alpinejs__sort,extracted,1,1,1,0,0
alt,extracted-with-diagnostics,0,1,1,0,1
amap-js-api,extracted,0,1,1,0,0
amap-js-api-arrival-range,extracted,0,1,1,0,0
amap-js-api-autocomplete,extracted,0,1,1,0,0
amap-js-api-city-search,extracted,0,1,1,0,0
amap-js-api-control-bar,extracted,0,1,1,0,0
amap-js-api-district-search,extracted,0,1,1,0,0
amap-js-api-driving,extracted,0,1,1,0,0
amap-js-api-geocoder,extracted,0,1,1,0,0
amap-js-api-geolocation,extracted,0,1,1,0,0
amap-js-api-heatmap,extracted,0,1,1,0,0
amap-js-api-indoor-map,extracted,0,1,1,0,0
amap-js-api-line-search,extracted,0,1,1,0,0
amap-js-api-map-type,extracted,0,1,1,0,0
amap-js-api-map3d,extracted,0,1,1,0,0
amap-js-api-overview,extracted,0,1,1,0,0
amap-js-api-place-search,extracted,0,1,1,0,0
amap-js-api-riding,extracted,0,1,1,0,0
amap-js-api-scale,extracted,0,1,1,0,0
amap-js-api-station-search,extracted,0,1,1,0,0
amap-js-api-tool-bar,extracted,0,1,1,0,0
amap-js-api-transfer,extracted,0,1,1,0,0
amap-js-sdk,extracted,0,1,1,0,0
amazon-cognito-auth-js,extracted,89,1,1,0,0
amazon-dax-client,extracted-with-diagnostics,2,1,1,0,5
amazon-product-api,extracted,6,1,1,0,0
ambient-weather-api,extracted,18,1,1,0,0
amcharts,extracted,720,1,1,0,0
amdefine,extracted-with-diagnostics,1,1,1,0,5
americanexpress__react-seo,extracted-with-diagnostics,1,1,1,0,1
amp,extracted-with-diagnostics,1874,1,1,0,5
amp-message,extracted-with-diagnostics,12,1,1,0,5
amphtml-validator,extracted-with-diagnostics,8,1,1,0,5
amplifier,extracted,39,1,1,0,0
amplify,extracted,48,1,1,0,0
amplify-deferred,extracted,0,1,1,0,0
amplitude-js,extracted,81,1,1,0,0
amqp,extracted-with-diagnostics,145,1,1,0,5
amqp-rpc,extracted-with-diagnostics,12,1,1,0,5
amqplib,extracted-with-diagnostics,430,1,1,0,5
amzn__synthetics-playwright,extracted-with-diagnostics,10,1,1,0,1
analog-clock,extracted,10,1,1,0,0
analytics-node,extracted,8,1,1,0,0
anchor-js,extracted,4,1,1,0,0
android-device-list,extracted,6,1,1,0,0
android-emulator-webrtc,extracted,0,1,1,0,0
android-versions,extracted,2,1,1,0,0
angular,extracted,1624,1,1,0,0
angular-agility,extracted,0,1,1,0,0
angular-animate,extracted,0,1,1,0,0
angular-aria,extracted,0,1,1,0,0
angular-block-ui,extracted,0,1,1,0,0
angular-bootstrap-calendar,extracted-with-diagnostics,0,1,1,0,1
angular-bootstrap-lightbox,extracted,0,1,1,0,0
angular-breadcrumb,extracted,0,1,1,0,0
angular-clipboard,extracted,1,1,1,0,0
angular-cookie,extracted,0,1,1,0,0
angular-cookies,extracted,0,1,1,0,0
angular-deferred-bootstrap,extracted,0,1,1,0,0
angular-desktop-notification,extracted,0,1,1,0,0
angular-dialog-service,extracted,0,1,1,0,0
angular-environment,extracted,0,1,1,0,0
angular-es,extracted,15,1,1,0,0
angular-feature-flags,extracted,0,1,1,0,0
angular-file-saver,extracted,0,1,1,0,0
angular-file-upload,extracted,61,1,1,0,0
angular-formly,extracted,7,1,1,0,0
angular-fullscreen,extracted,0,1,1,0,0
angular-gettext,extracted,0,1,1,0,0
angular-google-analytics,extracted,0,1,1,0,0
angular-gridster,extracted,0,1,1,0,0
angular-growl-v2,extracted,0,1,1,0,0
angular-hotkeys,extracted,0,1,1,0,0
angular-http-auth,extracted,0,1,1,0,0
angular-httpi,extracted,0,1,1,0,0
angular-idle,extracted,0,1,1,0,0
angular-jwt,extracted,0,1,1,0,0
angular-load,extracted,0,1,1,0,0
angular-loading-bar,extracted,0,1,1,0,0
angular-local-storage,extracted,0,1,1,0,0
angular-localforage,extracted-with-diagnostics,0,1,1,0,2
angular-locker,extracted,0,1,1,0,0
angular-material,extracted,0,1,1,0,0
angular-media-queries,extracted,0,1,1,0,0
angular-meteor,extracted-with-diagnostics,0,1,1,0,8
angular-mocks,extracted,0,1,1,0,0
angular-modal,extracted,0,1,1,0,0
angular-notifications,extracted,0,1,1,0,0
angular-notify,extracted,0,1,1,0,0
angular-oauth2,extracted,0,1,1,0,0
angular-odata-resources,extracted,0,1,1,0,0
angular-pdfjs-viewer,extracted,0,1,1,0,0
angular-permission,extracted,0,1,1,0,0
angular-promise-tracker,extracted,0,1,1,0,0
angular-q-extras,extracted,0,1,1,0,0
angular-q-spread,extracted,0,1,1,0,0
angular-resource,extracted,0,1,1,0,0
angular-route,extracted,0,1,1,0,0
angular-sanitize,extracted,0,1,1,0,0
angular-scenario,extracted,0,1,1,0,0
angular-scroll,extracted,0,1,1,0,0
angular-signalr-hub,extracted,0,1,1,0,0
angular-spinner,extracted,0,1,1,0,0
angular-storage,extracted,0,1,1,0,0
angular-strap,extracted,0,1,1,0,0
angular-toastr,extracted,0,1,1,0,0
angular-toasty,extracted,0,1,1,0,0
angular-tooltips,extracted,1,1,1,0,0
angular-translate,extracted,0,1,1,0,0
angular-ui-bootstrap,extracted,0,1,1,0,0
angular-ui-notification,extracted,0,1,1,0,0
angular-ui-router,extracted,0,1,1,0,0
angular-ui-scroll,extracted,0,1,1,0,0
angular-ui-sortable,extracted,0,1,1,0,0
angular-ui-tree,extracted,0,1,1,0,0
angular-websocket,extracted,1,1,1,0,0
angular-wizard,extracted,0,1,1,0,0
angular-xeditable,extracted,0,1,1,0,0
angular.throttle,extracted,0,1,1,0,0
angularfire,extracted-with-diagnostics,0,1,1,0,28
angularjs-dragula,extracted,1,1,1,0,0
angularlocalstorage,extracted,0,1,1,0,0
angulartics,extracted,38,1,1,0,0
animals,extracted,1,1,1,0,0
animated_gif,extracted,20,1,1,0,0
animation-frame,extracted,0,1,1,0,0
anime-quotes-api,extracted,2,1,1,0,0
animejs,extracted,23,1,1,0,0
annyang,extracted,15,1,1,0,0
ansi,extracted-with-diagnostics,115,1,1,0,5
ansi-align,extracted,8,1,1,0,0
ansi-diff-stream,extracted-with-diagnostics,73,1,1,0,5
ansi-escape-sequences,extracted,12,1,1,0,0
ansi-html,extracted,6,1,1,0,0
ansicolors,extracted,35,1,1,0,0
antlr4-autosuggest,extracted-with-diagnostics,3,1,1,0,1
any-base,extracted,2,1,1,0,0
any-db,extracted-with-diagnostics,129,1,1,0,5
any-db-transaction,extracted-with-diagnostics,25,1,1,0,5
anylogic-cloud-client,extracted,0,1,1,0,0
anyproxy,extracted-with-diagnostics,971,1,1,0,5
aos,extracted,6,1,1,0,0
apca-w3,extracted,6,1,1,0,0
apex.js,extracted-with-diagnostics,1,1,1,0,1
api-error-handler,extracted-with-diagnostics,1,1,1,0,5
apicache,extracted-with-diagnostics,9,1,1,0,6
apidoc,extracted,1,1,1,0,0
apigee-access,extracted,14,1,1,0,0
apimocker,extracted-with-diagnostics,12,1,1,0,5
apollo-upload-client,extracted-with-diagnostics,4,4,4,0,6
apostrophe,extracted,60,1,1,0,0
app-module-path,extracted,3,1,1,0,0
app-root-dir,extracted,4,1,1,0,0
appcache-webpack-plugin,extracted-with-diagnostics,9,1,1,0,6
appdmg,extracted-with-diagnostics,18,1,1,0,5
appdynamics,extracted,1,1,1,0,0
append-query,extracted,1,1,1,0,0
appframework,extracted,0,1,1,0,0
appgeist__ensure-dir,extracted,1,1,1,0,0
apple-mapkit,extracted,315,1,1,0,0
apple-mapkit-js-browser,extracted,0,1,1,0,0
apple-music-api,extracted,0,1,1,0,0
apple-signin-api,extracted,0,1,1,0,0
applepayjs,extracted,0,1,1,0,0
applest-atem,extracted-with-diagnostics,108,1,1,0,5
appletvjs,extracted,0,1,1,0,0
approximate-number,extracted,1,1,1,0,0
apptimize__apptimize-web-sdk,extracted,47,1,1,0,0
aqb,extracted,48,1,1,0,0
arangodb,extracted-with-diagnostics,114,1,1,0,5
arbiter,extracted,0,1,1,0,0
arc4,extracted-with-diagnostics,3,1,1,0,5
arcgis-rest-api,extracted,0,1,1,0,0
arcgis-to-geojson-utils,extracted,2,1,1,0,0
architect,extracted-with-diagnostics,21,1,1,0,5
architect__sandbox,extracted,17,1,1,0,0
architect__utils,extracted,5,1,1,0,0
archiver,extracted-with-diagnostics,7661,1,1,0,5
archy,extracted,2,1,1,0,0
arconnect,extracted-with-diagnostics,0,1,1,0,2
are-we-there-yet,extracted-with-diagnostics,2232,1,1,0,5
are.na,extracted,10,1,1,0,0
argon2-browser,extracted,3,1,1,0,0
argparse,extracted,34,1,1,0,0
args,extracted,8,1,1,0,0
argv,extracted,8,1,1,0,0
ari-client,extracted-with-diagnostics,24652,1,1,0,5
aria-query,extracted,25,1,1,0,0
arr-diff,extracted,1,1,1,0,0
arr-union,extracted,1,1,1,0,0
array-binarysearch.closest,extracted,3,1,1,0,0
array-bounds,extracted,1,1,1,0,0
array-find-index,extracted,2,1,1,0,0
array-foreach,extracted,4,1,1,0,0
array-initial,extracted,1,1,1,0,0
array-normalize,extracted,2,2,2,0,0
array-polar,extracted,5,1,1,0,0
array-rearrange,extracted,1,1,1,0,0
array-same,extracted,1,1,1,0,0
array-sort,extracted,2,1,1,0,0
array-to-sentence,extracted,1,1,1,0,0
array-unique,extracted,2,1,1,0,0
array.from,extracted,2,1,1,0,0
array.prototype.every,extracted,4,1,1,0,0
array.prototype.find,extracted,5,1,1,0,0
array.prototype.flat,extracted,20,1,1,0,0
array.prototype.flatmap,extracted,4,1,1,0,0
arrive,extracted,0,1,1,0,0
asana,extracted,473,1,1,0,0
asap,extracted,1,1,1,0,0
ascii-art,extracted,28,1,1,0,0
ascii-cats,extracted,1,1,1,0,0
ascii2mathml,extracted,2,1,1,0,0
asciichart,extracted,2,1,1,0,0
asciify,extracted,5,1,1,0,0
ase-utils,extracted-with-diagnostics,2,1,1,0,5
asenv,extracted-with-diagnostics,6,1,1,0,5
asn1,extracted-with-diagnostics,378,1,1,0,5
aspect-fit,extracted,1,1,1,0,0
aspnet-identity-pw,extracted,4,1,1,0,0
assert,extracted,48,1,1,0,0
assert-equal-jsx,extracted-with-diagnostics,1,1,1,0,1
assert-plus,extracted-with-diagnostics,60,1,1,0,5
assertrc,extracted,14,1,1,0,0
assertsharp,extracted,12,1,1,0,0
assets-webpack-plugin,extracted-with-diagnostics,3,1,1,0,8
asterisk-manager,extracted,1,1,1,0,0
async,extracted,265,1,1,0,0
async-alpine,extracted,1,1,1,0,0
async-busboy,extracted-with-diagnostics,61,1,1,0,5
async-cache,extracted-with-diagnostics,10,1,1,0,1
async-csv,extracted-with-diagnostics,7,1,1,0,5
async-eventemitter,extracted,39,1,1,0,0
async-exit-hook,extracted,7,1,1,0,0
async-iterable-stream,extracted-with-diagnostics,12,1,1,0,5
async-lock,extracted,7,1,1,0,0
async-polling,extracted,1,1,1,0,0
async-rerun,extracted,1,1,1,0,0
async-retry,extracted,2,1,1,0,0
async-stream-emitter,extracted-with-diagnostics,36,1,1,0,5
async-stream-generator,extracted-with-diagnostics,1,1,1,0,5
async-writer,extracted-with-diagnostics,79,1,1,0,5
async.nexttick,extracted,1,1,1,0,0
at-least-node,extracted,1,1,1,0,0
athenajs,extracted,592,1,1,0,0
atlaskit__layer,extracted-with-diagnostics,5,1,1,0,1
atlaskit__single-select,extracted-with-diagnostics,10,1,1,0,1
atlassian-connect-js,extracted,0,1,1,0,0
atlassian-crowd-client,extracted,86,1,1,0,0
atmosphere.js,extracted,0,1,1,0,0
atna-audit,extracted-with-diagnostics,14,1,1,0,5
atob,extracted,1,1,1,0,0
atob-lite,extracted,1,1,1,0,0
atom,extracted-with-diagnostics,2987,1,1,0,5
atom-keymap,extracted,3,1,1,0,0
atom-mocha-test-runner,extracted-with-diagnostics,2,1,1,0,5
atom__watcher,extracted,8,1,1,0,0
atomic-sleep,extracted,1,1,1,0,0
atpl,extracted,9,1,1,0,0
atvlegacycontentkit,extracted-with-diagnostics,0,1,1,0,3
audio-context,extracted,1,1,1,0,0
audio-play,extracted,3,1,1,0,0
audiobuffer-to-wav,extracted,1,1,1,0,0
audiosprite,extracted,2,1,1,0,0
auth-header,extracted,3,1,1,0,0
auth0,extracted,489,1,1,0,0
auth0-js,extracted,91,1,1,0,0
auth0-lock,extracted,48,1,1,0,0
auth0.widget,extracted,0,1,1,0,0
authenticator,extracted,4,1,1,0,0
authorizenet,extracted,4013,1,1,0,0
auto-launch,extracted,6,1,1,0,0
auto-sni,extracted-with-diagnostics,1,1,1,0,5
autobahn,extracted,115,1,1,0,0
autocannon,extracted-with-diagnostics,47,1,1,0,5
autokanji,extracted,2,1,1,0,0
autoprefixer-core,extracted,3,1,1,0,0
autosize,extracted,3,1,1,0,0
autosuggest-highlight,extracted,0,1,1,0,0
autosuggest-trie,extracted,1,1,1,0,0
av,extracted,380,1,1,0,0
avocat,extracted-with-diagnostics,1,1,1,0,2
await-promises,extracted,5,1,1,0,0
await-timeout,extracted,6,1,1,0,0
awesome-notifications,extracted,57,1,1,0,0
awesomplete,extracted,29,1,1,0,0
aws-api-gateway-client,extracted,3,1,1,0,0
aws-cloudfront-function,extracted,4,1,1,0,0
aws-greengrass-core-sdk,extracted-with-diagnostics,211,1,1,0,5
aws-iot-device-sdk,extracted-with-diagnostics,314,1,1,0,6
aws-kcl,extracted-with-diagnostics,24,1,1,0,5
aws-lambda,extracted-with-diagnostics,107,1,1,0,1
aws-lambda-fastify,extracted-with-diagnostics,1,1,1,0,6
aws-lambda-http-server,extracted-with-diagnostics,1,1,1,0,1
aws-param-store,extracted-with-diagnostics,16,1,1,0,5
aws-regions,extracted,2,1,1,0,0
aws-sdk2-types,extracted-with-diagnostics,1841,1,1,0,5
aws-serverless-express,extracted-with-diagnostics,4,1,1,0,5
aws-synthetics-puppeteer,extracted-with-diagnostics,0,1,1,0,7
aws4,extracted-with-diagnostics,19,1,1,0,5
axe-webdriverjs,extracted-with-diagnostics,12,1,1,0,6
axel,extracted,0,1,1,0,0
axios-cancel,extracted-with-diagnostics,1,1,1,0,1
axios-concurrency,extracted-with-diagnostics,11,1,1,0,1
axios-curlirize,extracted-with-diagnostics,1,1,1,0,1
axios-token-interceptor,extracted-with-diagnostics,5,1,1,0,2
axon,extracted-with-diagnostics,842,1,1,0,5
azdata,extracted,1016,1,1,0,0
azure-function-log-intercept,extracted-with-diagnostics,1,1,1,0,1
azure-mobile-services-client,extracted,0,1,1,0,0
azure-sb,extracted-with-diagnostics,360,1,1,0,5
b-spline,extracted,1,1,1,0,0
b2a,extracted,4,1,1,0,0
b4a,extracted-with-diagnostics,33,1,1,0,5
b64-lite,extracted,5,1,1,0,0
b_,extracted,7,1,1,0,0
babar,extracted,1,1,1,0,0
babel-code-frame,extracted,1,1,1,0,0
babel-core,extracted,664,1,1,0,0
babel-generator,extracted,1,1,1,0,0
babel-plugin-macros,extracted-with-diagnostics,36,1,1,0,8
babel-plugin-react-docgen,extracted,4,1,1,0,0
babel-plugin-react-html-attrs,extracted-with-diagnostics,940,1,1,0,1
babel-plugin-react-pug,extracted,0,1,1,0,0
babel-plugin-syntax-jsx,extracted,1,1,1,0,0
babel-template,extracted,1,1,1,0,0
babel-traverse,extracted,6531,1,1,0,0
babel-types,extracted,657,1,1,0,0
babel__code-frame,extracted,3,1,1,0,0
babel__core,extracted-with-diagnostics,4806,1,1,0,8
babel__generator,extracted-with-diagnostics,4,1,1,0,1
babel__helper-module-imports,extracted-with-diagnostics,12,1,1,0,8
babel__helper-plugin-utils,extracted-with-diagnostics,1,1,1,0,8
babel__helper-validator-identifier,extracted,8,1,1,0,0
babel__plugin-transform-runtime,extracted,0,1,1,0,0
babel__preset-env,extracted,0,1,1,0,0
babel__register,extracted-with-diagnostics,1,1,1,0,8
babel__standalone,extracted-with-diagnostics,39,1,1,0,10
babel__template,extracted-with-diagnostics,50,1,1,0,2
babel__traverse,extracted-with-diagnostics,7239,1,1,0,2
babelify,extracted-with-diagnostics,1905,1,1,0,5
babylon,extracted,2,1,1,0,0
babylon-walk,extracted,8,1,1,0,0
backblaze-b2,extracted-with-diagnostics,50,1,1,0,5
backbone,extracted,1353,1,1,0,0
backbone-associations,extracted,0,1,1,0,0
backbone-fetch-cache,extracted,20,1,1,0,0
backbone-relational,extracted-with-diagnostics,0,1,1,0,10
backbone.layoutmanager,extracted,0,1,1,0,0
backbone.localstorage,extracted,0,1,1,0,0
backbone.marionette,extracted,2431,1,1,0,0
backbone.paginator,extracted,0,1,1,0,0
backbone.radio,extracted,69,1,1,0,0
backgrid,extracted-with-diagnostics,6873,1,1,0,18
backo2,extracted,10,1,1,0,0
backoff,extracted-with-diagnostics,239,1,1,0,5
backstopjs,extracted,1,1,1,0,0
badwords,extracted,0,1,1,0,0
bagpipes,extracted,17,1,1,0,0
baidu-aip-sdk,extracted,332,1,1,0,0
baidu-app,extracted,0,1,1,0,0
baidumap-web-sdk,extracted,0,1,1,0,0
bakong-khqr,extracted,6,1,1,0,0
balanced-match,extracted,2,1,1,0,0
bandagedbd__bdapi,extracted-with-diagnostics,0,1,1,0,1
barbellweights,extracted,4,1,1,0,0
barco-eventmaster,extracted,115,1,1,0,0
barcode,extracted-with-diagnostics,1,1,1,0,5
bardjs,extracted-with-diagnostics,0,1,1,0,1
baretest,extracted,1,1,1,0,0
base-64,extracted,2,1,1,0,0
base16,extracted,0,1,1,0,0
base32-encoding,extracted-with-diagnostics,5,1,1,0,5
base45,extracted-with-diagnostics,2,1,1,0,5
base58,extracted,4,1,1,0,0
base58-random,extracted,8,1,1,0,0
base62-random,extracted,8,1,1,0,0
base64-async,extracted-with-diagnostics,4,1,1,0,5
base64-emoji,extracted-with-diagnostics,3,1,1,0,5
base64-stream,extracted-with-diagnostics,3804,1,1,0,5
base64-url,extracted,4,1,1,0,0
base64id,extracted-with-diagnostics,90,1,1,0,5
base64topdf,extracted,6,1,1,0,0
base64util,extracted,18,1,1,0,0
bases,extracted,4,1,1,0,0
bash-glob,extracted,8,1,1,0,0
basic-auth,extracted-with-diagnostics,2,1,1,0,5
basicauth-middleware,extracted-with-diagnostics,2,1,1,0,5
basiclightbox,extracted,6,1,1,0,0
basicscroll,extracted,10,1,1,0,0
basil.js,extracted,74,1,1,0,0
batch-stream,extracted-with-diagnostics,140,1,1,0,5
battery-level,extracted,1,1,1,0,0
bayes-classifier,extracted,12,1,1,0,0
bazinga-translator,extracted,10,1,1,0,0
bbcode-to-react,extracted-with-diagnostics,3,1,1,0,1
bchaddrjs,extracted,15,1,1,0,0
bcrypt,extracted-with-diagnostics,12,1,1,0,5
bcswipe,extracted,0,1,1,0,0
bdfjs,extracted-with-diagnostics,3,1,1,0,5
beanstalkd,extracted-with-diagnostics,67,1,1,0,5
beanstalkd-worker,extracted-with-diagnostics,47,1,1,0,5
bearcat-es6,extracted-with-diagnostics,683,1,1,0,5
beats,extracted,1,1,1,0,0
beautify,extracted,1,1,1,0,0
begin__data,extracted,30,1,1,0,0
behavior3,extracted,0,1,1,0,0
belter,extracted,22,1,1,0,0
bem-classname,extracted,1,1,1,0,0
bemmer,extracted,4,1,1,0,0
benchmark,extracted,86,1,1,0,0
bencode,extracted,6,1,1,0,0
bent,extracted-with-diagnostics,14,1,1,0,5
bero,extracted,5,1,1,0,0
bessel,extracted,4,1,1,0,0
better-bem,extracted,3,1,1,0,0
better-curry,extracted,0,1,1,0,0
better-queue,extracted-with-diagnostics,156,1,1,0,5
better-sqlite3,extracted-with-diagnostics,7,1,1,0,5
beyonk__gdpr-cookie-consent-banner,partial-entry,2,2,1,1,0
bezier-js,extracted,418,1,1,0,0
bgiframe,extracted,0,1,1,0,0
bible-reference-formatter,extracted,1,1,1,0,0
bicubic-interpolate,extracted,4,1,1,0,0
bidi-css-js,extracted,1,1,1,0,0
bidirectional-map,extracted,12,1,1,0,0
big-json,extracted-with-diagnostics,6,1,1,0,5
big-rat,extracted-with-diagnostics,1,1,1,0,5
big-sparse-array,extracted,4,1,1,0,0
big.js,extracted,59,1,1,0,0
bigbite__wp-cypress,extracted-with-diagnostics,0,1,1,0,18
bigbluebutton-js,extracted,33,1,1,0,0
bigi,extracted,306,1,1,0,0
bigint,extracted-with-diagnostics,0,1,1,0,1
bignum,extracted-with-diagnostics,89,1,1,0,5
bigscreen,extracted,8,1,1,0,0
biguintbe,extracted-with-diagnostics,3,1,1,0,5
biguintle,extracted-with-diagnostics,3,1,1,0,5
bin-pack,extracted,1,1,1,0,0
binary-file,extracted-with-diagnostics,58,1,1,0,5
binary-parse-stream,extracted-with-diagnostics,141,1,1,0,5
binary-split,extracted-with-diagnostics,1,1,1,0,5
binary-xml,extracted-with-diagnostics,1,1,1,0,5
bind-args,extracted,1,1,1,0,0
bind-ponyfill,extracted,1,1,1,0,0
bindings,extracted-with-diagnostics,3,1,1,0,5
bintrees,extracted,42,1,1,0,0
bip21,extracted,2,1,1,0,0
bip38,extracted-with-diagnostics,99,1,1,0,5
bip38grs,extracted-with-diagnostics,99,1,1,0,5
bit-array,extracted,17,1,1,0,0
bit-twiddle,extracted,18,1,1,0,0
bitauth,extracted-with-diagnostics,9,1,1,0,5
bitcoin-computer-bitcore,extracted-with-diagnostics,1139,1,1,0,5
bitcoin-computer__lib,extracted-with-diagnostics,262,1,1,0,6
bitcore-lib,extracted-with-diagnostics,928,1,1,0,5
bitcore-lib-cash,extracted-with-diagnostics,2015,1,1,0,5
bitfield-rle,extracted-with-diagnostics,5,1,1,0,5
bittorrent-protocol,extracted-with-diagnostics,183,1,1,0,5
bitwise-xor,extracted-with-diagnostics,1,1,1,0,5
black-engine,extracted,18711,1,1,0,0
blacklist,extracted,2,1,1,0,0
blake2,extracted-with-diagnostics,3814,1,1,0,5
blake2b,extracted,6,1,1,0,0
blake2b-wasm,extracted,17,1,1,0,0
blazor__javascript-interop,extracted,0,1,1,0,0
blazy,extracted,0,1,1,0,0
bleno,extracted-with-diagnostics,32,1,1,0,5
blessed,extracted-with-diagnostics,39811,1,1,0,5
blip-sdk,extracted,47,1,1,0,0
blissfuljs,extracted,0,1,1,0,0
blob-stream,extracted-with-diagnostics,23,1,1,0,5
blob-to-buffer,extracted-with-diagnostics,1,1,1,0,5
blobshape,extracted,1,1,1,0,0
block-stream2,extracted-with-diagnostics,140,1,1,0,5
blocked,extracted-with-diagnostics,1,1,1,0,5
blocked-at,extracted-with-diagnostics,2,1,1,0,5
blockies,extracted,1,1,1,0,0
blocks,extracted-with-diagnostics,0,1,1,0,6
bloem,extracted-with-diagnostics,11,1,1,0,5
bloom-filter,extracted-with-diagnostics,102,1,1,0,5
bloomfilter,extracted,3,1,1,0,0
blue-tape,extracted-with-diagnostics,0,1,1,0,6
bluebird,extracted,666,1,1,0,0
bluebird-global,extracted-with-diagnostics,0,1,1,0,2
bluebird-retry,extracted,1,1,1,0,0
blueimp-load-image,extracted,17,1,1,0,0
blueimp-md5,extracted,1,1,1,0,0
bmapgl-browser,extracted,0,1,1,0,0
bmp-js,extracted-with-diagnostics,182,1,1,0,5
bn.js,extracted-with-diagnostics,568,1,1,0,5
body,extracted-with-diagnostics,3,1,1,0,5
body-parser,extracted-with-diagnostics,10,1,1,0,5
body-parser-xml,extracted-with-diagnostics,1,1,1,0,5
body-scroll-lock,extracted,3,1,1,0,0
bogon,extracted,5,1,1,0,0
bonjour,extracted-with-diagnostics,130,1,1,0,5
boolbase,extracted,2,1,1,0,0
boolean-to-signed,extracted,1,1,1,0,0
boolify-string,extracted,1,1,1,0,0
boom,extracted,39,1,1,0,0
bootbox,extracted,0,1,1,0,0
bootpag,extracted,0,1,1,0,0
bootstrap,extracted-with-diagnostics,180,1,1,0,2
bootstrap-3-typeahead,extracted,0,1,1,0,0
bootstrap-colorpicker,extracted,0,1,1,0,0
bootstrap-datepicker,extracted,0,1,1,0,0
bootstrap-fileinput,extracted,0,1,1,0,0
bootstrap-filestyle,extracted,0,1,1,0,0
bootstrap-growl-ifightcrime,extracted,0,1,1,0,0
bootstrap-icons-react,extracted-with-diagnostics,1120,1,1,0,1
bootstrap-maxlength,extracted,0,1,1,0,0
bootstrap-menu,extracted,5,1,1,0,0
bootstrap-multiselect,extracted,0,1,1,0,0
bootstrap-notify,extracted,0,1,1,0,0
bootstrap-select,extracted,0,1,1,0,0
bootstrap-slider,extracted,28,1,1,0,0
bootstrap-switch,extracted,0,1,1,0,0
bootstrap-toggle,extracted,0,1,1,0,0
bootstrap-touchspin,extracted,0,1,1,0,0
bootstrap-treeview,extracted,0,1,1,0,0
bootstrap-validator,extracted,0,1,1,0,0
bootstrap.paginator,extracted,0,1,1,0,0
bootstrap.timepicker,extracted,0,1,1,0,0
bootstrap.v3.datetimepicker,extracted-with-diagnostics,105,1,1,0,1
bootstrap3-dialog,extracted,0,1,1,0,0
bootstrap4-toggle,extracted,0,1,1,0,0
bounce.js,extracted,13,1,1,0,0
bounds.js,extracted,9,1,1,0,0
box-intersect,extracted,2,1,1,0,0
box2d,extracted,0,1,1,0,0
bpmn-moddle,extracted,25,1,1,0,0
brace-expansion,extracted,1,1,1,0,0
braces,extracted,3,1,1,0,0
brainhubeu__react-carousel,extracted-with-diagnostics,22,1,1,0,1
braintree,extracted-with-diagnostics,168,1,1,0,5
braintree-web,extracted,144,1,1,0,0
braintree-web-drop-in,extracted,21,1,1,0,0
bramus__pagination-sequence,extracted,2,1,1,0,0
branca,extracted-with-diagnostics,1,1,1,0,5
branch-sdk,extracted,24,1,1,0,0
branchy,extracted-with-diagnostics,29,1,1,0,5
breejs__later,extracted,273,1,1,0,0
breeze,extracted,2968,1,1,0,0
bresenham,extracted,2,1,1,0,0
bricks.js,extracted,10,1,1,0,0
bristol,extracted,7,1,1,0,0
bristol-sentry,extracted-with-diagnostics,2,1,1,0,5
brittle,extracted,25,1,1,0,0
bro-fs,extracted,30,1,1,0,0
broccoli-funnel,extracted-with-diagnostics,9,1,1,0,2
broccoli-merge-trees,extracted-with-diagnostics,3,1,1,0,2
broken-link-checker,extracted,34,1,1,0,0
brorand,extracted-with-diagnostics,1,1,1,0,5
brotli,extracted-with-diagnostics,2,1,1,0,5
brotli-webpack-plugin,extracted-with-diagnostics,0,1,1,0,6
browser-bunyan,extracted-with-diagnostics,150,1,1,0,5
browser-fingerprint,extracted,4,1,1,0,0
browser-harness,extracted-with-diagnostics,151,1,1,0,11
browser-lang,extracted,1,1,1,0,0
browser-or-node,extracted,1,1,1,0,0
browser-pack,extracted-with-diagnostics,1,1,1,0,5
browser-report,extracted,0,1,1,0,0
browser-resolve,extracted,4,1,1,0,0
browser-sync,extracted-with-diagnostics,102,1,1,0,8
browser-sync-webpack-plugin,extracted-with-diagnostics,0,1,1,0,11
browser-update,extracted,5,1,1,0,0
browser-util-inspect,extracted,4,1,1,0,0
browserify,extracted-with-diagnostics,45,1,1,0,5
browserify-cipher,extracted-with-diagnostics,54,1,1,0,5
browserslist-useragent,extracted,3,1,1,0,0
bs58grscheck,extracted-with-diagnostics,3,1,1,0,5
bser,extracted-with-diagnostics,315,1,1,0,5
btoa,extracted-with-diagnostics,1,1,1,0,5
btoa-lite,extracted,1,1,1,0,0
buble,extracted-with-diagnostics,1,1,1,0,1
bucks,extracted,0,1,1,0,0
buffer-builder,extracted-with-diagnostics,40,1,1,0,5
buffer-compare,extracted,3,1,1,0,0
buffer-crc32,extracted-with-diagnostics,3,1,1,0,5
buffer-equal,extracted-with-diagnostics,1,1,1,0,5
buffer-from,extracted-with-diagnostics,3,1,1,0,5
buffer-json,extracted,4,1,1,0,0
buffer-json-encoding,extracted-with-diagnostics,4,1,1,0,5
buffer-more-ints,extracted-with-diagnostics,62,1,1,0,5
buffer-reader,extracted-with-diagnostics,44,1,1,0,5
buffer-split,extracted-with-diagnostics,1,1,1,0,5
buffer-to-stream,extracted-with-diagnostics,1,1,1,0,5
buffer-xor,extracted-with-diagnostics,1,1,1,0,5
buffercursor,extracted-with-diagnostics,248,1,1,0,5
bufferhelper,extracted-with-diagnostics,10,1,1,0,5
buffers,extracted-with-diagnostics,20,1,1,0,5
bufferstream,extracted-with-diagnostics,332,1,1,0,5
build-output-script,extracted,1,1,1,0,0
bull-arena,extracted-with-diagnostics,1,1,1,0,7
bullbone,extracted,338,1,1,0,0
bumblebee-hotword,extracted-with-diagnostics,67,1,1,0,5
bump-regex,extracted,2,1,1,0,0
bun,extracted-with-diagnostics,0,1,1,0,1
bundle-id,extracted,2,1,1,0,0
bundle-name,extracted,1,1,1,0,0
bunnymq,extracted,14,1,1,0,0
bunyan,extracted-with-diagnostics,302,1,1,0,5
bunyan-blackhole,extracted-with-diagnostics,1,1,1,0,5
bunyan-config,extracted-with-diagnostics,0,1,1,0,5
bunyan-format,extracted-with-diagnostics,43,1,1,0,5
bunyan-logentries,extracted-with-diagnostics,1,1,1,0,5
bunyan-prettystream,extracted-with-diagnostics,82,1,1,0,5
bunyan-syslog,extracted-with-diagnostics,1,1,1,0,1
bunyan-winston-adapter,extracted-with-diagnostics,1,1,1,0,6
busboy,extracted-with-diagnostics,50,1,1,0,5
business-rules-engine,extracted,49,1,1,0,0
byline,extracted-with-diagnostics,216,1,1,0,5
byte-range,extracted,1,1,1,0,0
byte-size,extracted,3,1,1,0,0
bytebuffer,extracted-with-diagnostics,398,1,1,0,6
bytes,extracted,4,1,1,0,0
bytewise,extracted-with-diagnostics,2,1,1,0,5
c-struct,extracted-with-diagnostics,18,1,1,0,5
c3,extracted,123,1,1,0,0
cabarc,extracted-with-diagnostics,288,1,1,0,5
cacache,extracted-with-diagnostics,123,1,1,0,6
cache-manager-fs-hash,extracted-with-diagnostics,1,1,1,0,1
cache-manager-ioredis,extracted-with-diagnostics,1,1,1,0,3
cache-manager-memcached-store,extracted-with-diagnostics,1,1,1,0,1
cached,extracted-with-diagnostics,6,1,1,0,5
cached-path-relative,extracted,1,1,1,0,0
cadesplugin,extracted,0,1,1,0,0
cadviewer,extracted,850,1,1,0,0
calc-percent,extracted,1,1,1,0,0
calendar,extracted,9,1,1,0,0
calidation,extracted-with-diagnostics,31,1,1,0,1
call-bind,extracted,3,1,1,0,0
callback-to-async-iterator,extracted,1,1,1,0,0
caller,extracted,1,1,1,0,0
callsite,extracted,14,1,1,0,0
calq,extracted,0,1,1,0,0
camelcase-css,extracted,1,1,1,0,0
camelcase-keys-deep,extracted,1,1,1,0,0
camelize,extracted,1,1,1,0,0
camo,extracted-with-diagnostics,12,1,1,0,1
camouflage-rewrite,extracted-with-diagnostics,1,1,1,0,5
camunda-external-task-client-js,extracted,56,1,1,0,0
can-autoplay,extracted,2,1,1,0,0
cancan,extracted,8,1,1,0,0
caniuse-api,extracted,6,1,1,0,0
caniuse-lite,extracted,2,1,1,0,0
cannon,extracted,19441,1,1,0,0
canvas-confetti,extracted,10,1,1,0,0
canvas-fit,extracted,1,1,1,0,0
canvas-gauges,extracted,331,1,1,0,0
canvas-multiline-text,extracted,1,1,1,0,0
canvas-size,extracted,7,1,1,0,0
canvas-txt,extracted,1,1,1,0,0
canvasjs,extracted,68,1,1,0,0
capitalize,extracted,2,1,1,0,0
capture-console,extracted-with-diagnostics,24,1,1,0,5
car-names,extracted,1,1,1,0,0
carbon-components,extracted,225,1,1,0,0
carbon-components-react,extracted-with-diagnostics,480,1,1,0,2
carbon__colors,extracted,1,1,1,0,0
carbon__elements,extracted,14,1,1,0,0
carbon__layout,extracted,7,1,1,0,0
carbon__themes,extracted,0,1,1,0,0
carbon__type,extracted,4,1,1,0,0
carbone,extracted-with-diagnostics,19,1,1,0,5
cardinal,extracted,4,1,1,0,0
carlo,extracted-with-diagnostics,41,1,1,0,6
case-sensitive-paths-webpack-plugin,extracted-with-diagnostics,2,1,1,0,9
caseless,extracted,13,1,1,0,0
cashaddrjs,extracted,3,1,1,0,0
casperjs,extracted,257,1,1,0,0
cassandra-store,extracted-with-diagnostics,50,1,1,0,6
cassanknex,extracted-with-diagnostics,106,1,1,0,7
castv2,extracted-with-diagnostics,120,1,1,0,39
catbox,extracted,25,1,1,0,0
catchpoint-playwright,extracted,0,1,1,0,0
caverphone,extracted,1,1,1,0,0
cavy,extracted-with-diagnostics,28,1,1,0,1
cbor-js,extracted,2,1,1,0,0
ccap,extracted-with-diagnostics,2,1,1,0,5
ccapture.js,extracted,0,1,1,0,0
center-align,extracted,2,1,1,0,0
centra,extracted-with-diagnostics,340,1,1,0,5
cerner__terra-functional-testing,extracted-with-diagnostics,0,1,1,0,1
certstream,extracted,5,1,1,0,0
cesium-china__cesium-map,extracted-with-diagnostics,8,1,1,0,1
cfenv,extracted,6,1,1,0,0
cfn-response,extracted-with-diagnostics,1,1,1,0,1
cfn-response-promise,extracted-with-diagnostics,1,1,1,0,1
chacha20-universal,extracted,4,1,1,0,0
chai,extracted-with-diagnostics,206,1,1,0,1
chai-almost,extracted-with-diagnostics,1,1,1,0,1
chai-arrays,extracted-with-diagnostics,1,1,1,0,1
chai-as-promised,extracted-with-diagnostics,3,1,1,0,1
chai-datetime,extracted-with-diagnostics,1,1,1,0,1
chai-dom,extracted-with-diagnostics,0,1,1,0,1
chai-enzyme,extracted-with-diagnostics,0,1,1,0,7
chai-fs,extracted-with-diagnostics,1,1,1,0,1
chai-fuzzy,extracted-with-diagnostics,1,1,1,0,1
chai-html,extracted-with-diagnostics,1,1,1,0,1
chai-jest-snapshot,extracted-with-diagnostics,12,1,1,0,1
chai-jquery,extracted-with-diagnostics,0,1,1,0,1
chai-json-pattern,extracted-with-diagnostics,0,1,1,0,1
chai-json-schema,extracted-with-diagnostics,0,1,1,0,1
chai-jwt,extracted-with-diagnostics,1,1,1,0,6
chai-like,extracted-with-diagnostics,3,1,1,0,1
chai-match-pattern,extracted-with-diagnostics,3,1,1,0,1
chai-moment,extracted-with-diagnostics,1,1,1,0,1
chai-oequal,extracted-with-diagnostics,0,1,1,0,1
chai-roughly,extracted-with-diagnostics,1,1,1,0,1
chai-snapshot-matcher,extracted-with-diagnostics,0,1,1,0,1
chai-sorted,extracted-with-diagnostics,1,1,1,0,1
chai-spies,extracted-with-diagnostics,0,1,1,0,1
chai-string,extracted-with-diagnostics,1,1,1,0,1
chai-style,extracted-with-diagnostics,1,1,1,0,1
chai-subset,extracted-with-diagnostics,1,1,1,0,3
chai-subset-in-order,extracted-with-diagnostics,1,1,1,0,1
chai-things,extracted-with-diagnostics,0,1,1,0,1
chai-uuid,extracted-with-diagnostics,1,1,1,0,1
chai-xml,extracted-with-diagnostics,1,1,1,0,1
chalk-animation,extracted,12,1,1,0,0
chamaeleonidae__chmln,extracted,3,1,1,0,0
chance,extracted,161,1,1,0,0
change-case-object,extracted,24,1,1,0,0
change-emitter,extracted,28,1,1,0,0
changelog-filename-regex,extracted,0,1,1,0,0
changelog-parser,extracted,1,1,1,0,0
channel-io,extracted,0,1,1,0,0
charcodes,extracted,1,1,1,0,0
charm,extracted-with-diagnostics,38,1,1,0,5
charset,extracted-with-diagnostics,1,1,1,0,5
charset-detector,extracted,2,1,1,0,0
chartjs-color-string,extracted,15,1,1,0,0
chartjs-plugin-colorschemes,extracted-with-diagnostics,0,1,1,0,1
chartjs-plugin-crosshair,extracted-with-diagnostics,0,1,1,0,1
chartjs-plugin-doughnutlabel-rebourne,extracted-with-diagnostics,0,1,1,0,1
chartjs-plugin-trendline,extracted-with-diagnostics,0,1,1,0,2
chartmogul-node,extracted,135,1,1,0,0
chayns,extracted,0,1,1,0,0
chec__commerce.js,extracted,108,1,1,0,0
check-error,extracted,5,1,1,0,0
check-sum,extracted-with-diagnostics,2,1,1,0,5
check-types,extracted,58,1,1,0,0
checkstyle-formatter,extracted,1,1,1,0,0
checksum,extracted,3,1,1,0,0
cheerio-tableparser,extracted-with-diagnostics,1,1,1,0,1
cheet.js,extracted,10,1,1,0,0
chenfengyuan__datepicker,extracted,1,1,1,0,0
chenyfan__cache-db,extracted,6,1,1,0,0
chess.js,extracted,38,1,1,0,0
chessboardjs,extracted,20,1,1,0,0
child-process-promise,extracted-with-diagnostics,117,1,1,0,5
chillout,extracted,14,1,1,0,0
chivox_h5sdk,extracted,0,1,1,0,0
chloride,extracted-with-diagnostics,196,1,1,0,5
chmodr,extracted-with-diagnostics,2,1,1,0,5
chocolatechipjs,extracted,0,1,1,0,0
chosen-js,extracted,0,1,1,0,0
chroma-js,extracted,182,4,4,0,0
chrome,extracted,0,1,1,0,0
chrome-apps,extracted,0,1,1,0,0
chrome-har-capturer,extracted-with-diagnostics,99,1,1,0,5
chrome-location,extracted,0,1,1,0,0
chrome-remote-interface,extracted-with-diagnostics,22,1,1,0,3
chrome-webstore-upload,extracted-with-diagnostics,5,1,1,0,5
chromecast-api,extracted-with-diagnostics,38,1,1,0,5
chromecast-caf-receiver,extracted,261,1,1,0,0
chromecast-caf-sender,extracted-with-diagnostics,0,1,1,0,22
chromedriver,extracted-with-diagnostics,3,1,1,0,5
chui,extracted,0,1,1,0,0
chunk,extracted,1,1,1,0,0
chunk-text,extracted,1,1,1,0,0
cidr-matcher,extracted,6,1,1,0,0
cie-rgb-color-converter,extracted,0,1,1,0,0
cipher-base,extracted-with-diagnostics,4,1,1,0,5
circle-to-polygon,extracted,1,1,1,0,0
circomlibjs,extracted,176,2,2,0,0
circuit-breaker-js,extracted,10,1,1,0,0
circular-dependency-plugin,extracted-with-diagnostics,2,1,1,0,11
cjson,extracted,7,1,1,0,0
ckeditor4,extracted,14395,1,1,0,0
clamav.js,extracted-with-diagnostics,9,1,1,0,5
clamp,extracted,1,1,1,0,0
clamp-js,extracted,1,1,1,0,0
clamp-js-main,extracted,1,1,1,0,0
clamscan,extracted-with-diagnostics,38,1,1,0,5
clarinet,extracted-with-diagnostics,1876,1,1,0,5
classificator,extracted,9,1,1,0,0
cldr,extracted,65,1,1,0,0
cldrjs,extracted,17,1,1,0,0
clean-css,extracted-with-diagnostics,8,1,1,0,6
clean-git-ref,extracted,1,1,1,0,0
clean-regexp,extracted,1,1,1,0,0
clear,extracted,2,1,1,0,0
clearbladejs-node,extracted-with-diagnostics,107,1,1,0,7
clearbladejs-server,extracted,0,1,1,0,0
cleasby-vigfusson-dictionary,extracted,2,1,1,0,0
cleave.js,extracted,12,1,1,0,0
clerk.io,extracted,18,1,1,0,0
clevertap,extracted,2,1,1,0,0
clevertap-web-sdk,extracted,55,1,1,0,0
cli,extracted-with-diagnostics,41,1,1,0,5
cli-box,extracted,2,1,1,0,0
cli-color,extracted,99,1,1,0,0
cli-interact,extracted,10,1,1,0,0
cli-progress,extracted-with-diagnostics,418,1,1,0,5
cli-spinner,extracted-with-diagnostics,30,1,1,0,5
cli-table,extracted,4,1,1,0,0
cli-table2,extracted,2,1,1,0,0
client-sessions,extracted-with-diagnostics,101,1,1,0,5
clientjs,extracted,63,1,1,0,0
cliff,extracted,6,1,1,0,0
clipper-lib,extracted,59,1,1,0,0
clmtrackr,extracted,11,1,1,0,0
clndr,extracted-with-diagnostics,12,1,1,0,1
clockpicker,extracted,0,1,1,0,0
clone,extracted,3,1,1,0,0
clone-deep,extracted,1,1,1,0,0
clone-stats,extracted-with-diagnostics,1,1,1,0,5
cloneable-readable,extracted-with-diagnostics,2,1,1,0,5
cloner,extracted,4,1,1,0,0
closure-compiler,extracted,3,1,1,0,0
cloud-env,extracted,1,1,1,0,0
cloudflare-apps,extracted,0,1,1,0,0
cloudflare-turnstile,extracted,0,1,1,0,0
cloudfour__simple-svg-placeholder,extracted,1,1,1,0,0
cloudinary-uploadwidget-browser,extracted,0,1,1,0,0
cloudmersive-virus-api-client,extracted-with-diagnostics,73,1,1,0,5
clovelced-plugin-audiomanagement,extracted,5,1,1,0,0
clover-format,extracted,0,1,1,0,0
clownface,extracted-with-diagnostics,84,1,1,0,3
cls-hooked,extracted-with-diagnostics,14,1,1,0,5
clui,extracted,21,1,1,0,0
cluster-hub,extracted-with-diagnostics,49,1,1,0,5
clusterize.js,extracted,16,1,1,0,0
clusterize.js-paging,extracted,16,1,1,0,0
cmd-shim,extracted,2,1,1,0,0
co,extracted,4,1,1,0,0
co-body,extracted-with-diagnostics,8,1,1,0,5
co-views,extracted,1,1,1,0,0
code,extracted,56,1,1,0,0
codecs,extracted-with-diagnostics,70,1,1,0,5
codeflask,extracted,8,1,1,0,0
codemirror,extracted,546,1,1,0,0
codependency,extracted-with-diagnostics,4,1,1,0,5
coffeeify,extracted-with-diagnostics,10,1,1,0,5
coffeescript,extracted-with-diagnostics,54,1,1,0,8
coinbase,extracted,109,1,1,0,0
coinbase-commerce-node,extracted,31,1,1,0,0
coingecko-api,extracted,20,1,1,0,0
coinify__currency,extracted,10,1,1,0,0
coinlist,extracted,4,1,1,0,0
coinstring,extracted-with-diagnostics,6,1,1,0,5
colab,extracted,0,1,1,0,0
collections,extracted,0,1,1,0,0
collectionsjs,extracted,39,1,1,0,0
color,extracted-with-diagnostics,182,1,1,0,1
color-check,extracted,10,1,1,0,0
color-diff,extracted,13,1,1,0,0
color-hash,extracted,7,1,1,0,0
color-name,extracted,0,1,1,0,0
color-namer,extracted,2,1,1,0,0
color-rgba,extracted,1,1,1,0,0
color-string,extracted,10,1,1,0,0
color-support,extracted-with-diagnostics,1,1,1,0,5
color-thief-node,extracted,3,1,1,0,0
colorguard,extracted-with-diagnostics,0,1,1,0,1
colormap,extracted,1,1,1,0,0
colornames,extracted,3,1,1,0,0
colorthief,extracted-with-diagnostics,14,1,1,0,5
colresizable,extracted,0,1,1,0,0
columnify,extracted,1,1,1,0,0
com.darktalker.cordova.screenshot,extracted,0,1,1,0,0
com.wikitude.phonegap.wikitudeplugin,extracted,0,1,1,0,0
combinations,extracted,1,1,1,0,0
combine-reducers,extracted,3,1,1,0,0
combine-source-map,extracted,12,1,1,0,0
combined-stream,extracted-with-diagnostics,66,1,1,0,5
combokeys,extracted,0,1,1,0,0
comma-number,extracted,2,1,1,0,0
command-exists,extracted,3,1,1,0,0
command-exists-promise,extracted,1,1,1,0,0
command-line-args,extracted,1,1,1,0,0
command-line-commands,extracted,1,1,1,0,0
command-line-usage,extracted,1,1,1,0,0
command-shell-lib,extracted,13,1,1,0,0
commander-remaining-args,extracted-with-diagnostics,1,1,1,0,1
commangular,extracted,0,1,1,0,0
commercetools__enzyme-extensions,extracted-with-diagnostics,1,1,1,0,4
common-ancestor-path,extracted,1,1,1,0,0
common-errors,extracted-with-diagnostics,116,1,1,0,5
common-prefix,extracted,1,1,1,0,0
common-tags,extracted,69,1,1,0,0
commondir,extracted,2,1,1,0,0
commonmark,extracted,22,1,1,0,0
commonmark-react-renderer,extracted-with-diagnostics,4,1,1,0,1
compact-encoding,extracted,140,1,1,0,0
compact-timezone-list,extracted,0,1,1,0,0
compare,extracted,1,1,1,0,0
compare-func,extracted,1,1,1,0,0
compare-function,extracted,2,1,1,0,0
compare-version,extracted,1,1,1,0,0
compass-vertical-rhythm,extracted,5,1,1,0,0
complex,extracted,64,1,1,0,0
complexviewer,extracted,34,1,1,0,0
compose-function,extracted,4,1,1,0,0
compress-commons,extracted-with-diagnostics,2836,1,1,0,5
compress.js,extracted,4,1,1,0,0
compressible,extracted,1,1,1,0,0
compression,extracted-with-diagnostics,3,1,1,0,5
compression-next,extracted-with-diagnostics,3,1,1,0,5
compute-argmax,extracted,1,1,1,0,0
compute-gcd,extracted,8,1,1,0,0
compute-lcm,extracted,3,1,1,0,0
compute-quantile,extracted,1,1,1,0,0
compute-stdev,extracted,1,1,1,0,0
concat-map,extracted,1,1,1,0,0
concat-stream,extracted-with-diagnostics,6,1,1,0,5
concatjson,extracted-with-diagnostics,3,1,1,0,5
concaveman,extracted,0,1,1,0,0
concurrency-limiter,extracted,6,1,1,0,0
conditional,extracted,34,1,1,0,0
conductor-animate,extracted-with-diagnostics,10,1,1,0,1
confidence,extracted,4,1,1,0,0
config-yaml,extracted-with-diagnostics,1,1,1,0,5
configs-overload,extracted,1,1,1,0,0
configstore,extracted,7,1,1,0,0
configurable,extracted,1,1,1,0,0
confit,extracted,0,1,1,0,0
confusing-browser-globals,extracted,0,1,1,0,0
connect,extracted-with-diagnostics,2089,1,1,0,5
connect-azuretables,extracted-with-diagnostics,26,1,1,0,5
connect-busboy,extracted-with-diagnostics,1,1,1,0,5
connect-datadog,extracted-with-diagnostics,1,1,1,0,6
connect-ensure-login,extracted-with-diagnostics,2,1,1,0,5
connect-flash,extracted-with-diagnostics,0,1,1,0,5
connect-history-api-fallback,extracted-with-diagnostics,251,1,1,0,5
connect-history-api-fallback-exclusions,extracted-with-diagnostics,2,1,1,0,5
connect-livereload,extracted-with-diagnostics,3,1,1,0,5
connect-memcached,extracted-with-diagnostics,139,1,1,0,5
connect-mongodb-session,extracted-with-diagnostics,102,1,1,0,6
connect-pg-simple,extracted-with-diagnostics,103,1,1,0,8
connect-redis,extracted-with-diagnostics,22,1,1,0,8
connect-route,extracted-with-diagnostics,1,1,1,0,5
connect-sequence,extracted-with-diagnostics,10,1,1,0,5
connect-slashes,extracted-with-diagnostics,1,1,1,0,5
connect-sqlite3,extracted-with-diagnostics,1,1,1,0,5
connect-timeout,extracted-with-diagnostics,0,1,1,0,5
connect-trim-body,extracted-with-diagnostics,1,1,1,0,5
console-clear,extracted,1,1,1,0,0
console-log-level,extracted,1,1,1,0,0
console-log-tree,extracted,2,1,1,0,0
console-ui,extracted-with-diagnostics,22,1,1,0,9
consolidate,extracted-with-diagnostics,1,1,1,0,5
consolidated-events,extracted,1,1,1,0,0
consumable-stream,extracted-with-diagnostics,10,1,1,0,5
consumer-data-standards,extracted,0,1,1,0,0
contained-periodic-values,extracted,1,1,1,0,0
contains-path,extracted,1,1,1,0,0
content-disposition,extracted,2,1,1,0,0
contentful-resolve-response,extracted,1,1,1,0,0
contextjs,extracted,4,1,1,0,0
continuation-local-storage,extracted-with-diagnostics,15,1,1,0,5
contrast-color,extracted,3,1,1,0,0
conventional-changelog,extracted-with-diagnostics,1,1,1,0,5
conventional-changelog-config-spec,extracted,0,1,1,0,0
conventional-changelog-core,extracted-with-diagnostics,6,1,1,0,5
conventional-changelog-writer,extracted-with-diagnostics,6,1,1,0,5
conventional-commits-detector,extracted,1,1,1,0,0
conventional-commits-parser,extracted-with-diagnostics,2,1,1,0,5
convert-array-to-csv,extracted,1,1,1,0,0
convert-excel-to-json,extracted-with-diagnostics,1,1,1,0,5
convert-layout,extracted,0,1,1,0,0
convert-source-map,extracted,21,1,1,0,0
convert-string,extracted,4,1,1,0,0
convert-units,extracted,10,1,1,0,0
convict,extracted-with-diagnostics,20,1,1,0,5
convict-format-with-validator,extracted-with-diagnostics,0,1,1,0,5
cookie-parser,extracted-with-diagnostics,5,1,1,0,5
cookie-session,extracted-with-diagnostics,0,1,1,0,5
cookie-signature,extracted-with-diagnostics,2,1,1,0,5
cookie_js,extracted,38,1,1,0,0
cookiebot-sdk,extracted,0,1,1,0,0
cookieclicker,extracted,0,1,1,0,0
cookieconsent,extracted-with-diagnostics,18,1,1,0,1
cookiejar,extracted,12,1,1,0,0
cookies,extracted-with-diagnostics,349,1,1,0,5
copy,extracted-with-diagnostics,7,1,1,0,5
copy-paste,extracted,6,1,1,0,0
copyfiles,extracted,3,1,1,0,0
cordova,extracted,0,1,1,0,0
cordova-ionic,extracted,0,1,1,0,0
cordova-plugin-app-version,extracted,0,1,1,0,0
cordova-plugin-background-mode,extracted,0,1,1,0,0
cordova-plugin-badge,extracted,0,1,1,0,0
cordova-plugin-bluetoothclassic-serial,extracted,0,1,1,0,0
cordova-plugin-device-name,extracted,0,1,1,0,0
cordova-plugin-email-composer,extracted,0,1,1,0,0
cordova-plugin-file-opener2,extracted,0,1,1,0,0
cordova-plugin-ibeacon,extracted,0,1,1,0,0
cordova-plugin-insomnia,extracted,0,1,1,0,0
cordova-plugin-keyboard,extracted,0,1,1,0,0
cordova-plugin-mapsforge,extracted,0,1,1,0,0
cordova-plugin-ms-adal,extracted,0,1,1,0,0
cordova-plugin-native-keyboard,extracted,0,1,1,0,0
cordova-plugin-ouralabs,extracted,0,1,1,0,0
cordova-plugin-qrscanner,extracted,0,1,1,0,0
cordova-plugin-safariviewcontroller,extracted,0,1,1,0,0
cordova-plugin-save-dialog,extracted,0,1,1,0,0
cordova-plugin-spinner,extracted,0,1,1,0,0
cordova-plugin-websql,extracted,0,1,1,0,0
cordova-sqlite-storage,extracted,0,1,1,0,0
cordova-universal-links-plugin,extracted,0,1,1,0,0
cordova_app_version_plugin,extracted,0,1,1,0,0
cordovarduino,extracted,0,1,1,0,0
core-js,extracted,3960,1,1,0,0
core-object,extracted,3,1,1,0,0
core-util-is,extracted-with-diagnostics,15,1,1,0,1
cornerstone-core,extracted,251,1,1,0,0
correct-license-metadata,extracted,1,1,1,0,0
cors,extracted-with-diagnostics,2,1,1,0,5
cose-js,extracted-with-diagnostics,183,1,1,0,5
cote,extracted-with-diagnostics,29,1,1,0,4
countdown,extracted,0,1,1,0,0
counterpart,extracted,17,1,1,0,0
country-data,extracted,3,1,1,0,0
country-flag-icons,extracted,1,1,1,0,0
country-iso,extracted,1,1,1,0,0
country-list,extracted,8,1,1,0,0
country-list-js,extracted,11,1,1,0,0
country-select-js,extracted,0,1,1,0,0
country-telephone-data,extracted,0,1,1,0,0
countryjs,extracted,24,1,1,0,0
coveragejson,extracted,0,1,1,0,0
coverup,extracted,1,1,1,0,0
cpu-features,extracted,1,1,1,0,0
cpx,extracted-with-diagnostics,99,1,1,0,5
cqrs-domain,extracted,48,1,1,0,0
crack-json,extracted,1,1,1,0,0
cradle,extracted,49,1,1,0,0
crawler,extracted-with-diagnostics,40,1,1,0,4
crc32-stream,extracted-with-diagnostics,3812,1,1,0,5
create-cert,extracted-with-diagnostics,1,1,1,0,5
create-error,extracted,4,1,1,0,0
create-hash,extracted-with-diagnostics,7,1,1,0,5
create-hmac,extracted-with-diagnostics,1,1,1,0,5
create-html,extracted,1,1,1,0,0
create-keyframe-animation,extracted,6,1,1,0,0
create-react-class,extracted-with-diagnostics,8,1,1,0,1
create-subscription,extracted-with-diagnostics,6,1,1,0,1
create-test-server,extracted-with-diagnostics,99,1,1,0,5
create-torrent,extracted-with-diagnostics,4,1,1,0,5
create-xpub,extracted,1,1,1,0,0
createjs,extracted,0,1,1,0,0
createjs-lib,extracted,0,1,1,0,0
creativebulma__bulma-tagsinput,extracted,37,1,1,0,0
credential,extracted,1,1,1,0,0
creditcardutils,extracted,7,1,1,0,0
creditkey-js,extracted,14,1,1,0,0
crimsonq,extracted-with-diagnostics,36,1,1,0,2
critters-webpack-plugin,extracted-with-diagnostics,11,1,1,0,9
crocks,extracted,353,1,1,0,0
cronitor,extracted,11,1,1,0,0
cronofy-elements,extracted,28,1,1,0,0
croppie,extracted,20,1,1,0,0
cross-domain-utils,extracted,94,1,1,0,0
cross-spawn,extracted-with-diagnostics,30,1,1,0,5
cross-storage,extracted,10,1,1,0,0
cross-zip,extracted,4,1,1,0,0
crossfilter,extracted,0,1,1,0,0
crossroads,extracted,29,1,1,0,0
crpc,extracted,2,1,1,0,0
crumb,extracted-with-diagnostics,2,1,1,0,6
cryptex,extracted,11,1,1,0,0
cryptiles,extracted,3,1,1,0,0
crypto-js,extracted,191,1,1,0,0
crypto-ld,extracted,15,1,1,0,0
crypto-pouch,extracted-with-diagnostics,0,1,1,0,1
cryptojs,extracted,0,1,1,0,0
cryptr,extracted,4,1,1,0,0
cson,extracted,18,1,1,0,0
csp-dev,extracted,10,1,1,0,0
csp-hash-generator,extracted,1,1,1,0,0
csp-html-webpack-plugin,extracted-with-diagnostics,2,1,1,0,14
csprng,extracted,1,1,1,0,0
css,extracted,2,1,1,0,0
css-declaration-sorter,extracted-with-diagnostics,1,1,1,0,1
css-font-loading-module,extracted-with-diagnostics,3,1,1,0,1
css-generator,extracted,7,1,1,0,0
css-global-variables,extracted,1,1,1,0,0
css-mediaquery,extracted,2,1,1,0,0
css-modules,extracted,0,1,1,0,0
css-modules-loader-core,extracted-with-diagnostics,3,1,1,0,1
css-modules-require-hook,extracted,0,1,1,0,0
css-selector-tokenizer,extracted,4,1,1,0,0
css-to-react-native,extracted,3,1,1,0,0
css-to-style,extracted,1,1,1,0,0
css-tree,extracted,913,1,1,0,0
css.escape,extracted-with-diagnostics,0,1,1,0,1
cssbeautify,extracted,1,1,1,0,0
cssesc,extracted,1,1,1,0,0
csso,extracted,57,1,1,0,0
cssom,extracted,35,1,1,0,0
cssstyle,extracted,6,1,1,0,0
csurf,extracted-with-diagnostics,1,1,1,0,5
csv-write-stream,extracted-with-diagnostics,71,1,1,0,5
csv2json,extracted-with-diagnostics,1,1,1,0,5
csvrow,extracted,3,1,1,0,0
cuint,extracted,49,1,1,0,0
culori,extracted,602,1,1,0,0
currency-formatter,extracted,3,1,1,0,0
current-git-branch,extracted,1,1,1,0,0
curtainsjs,extracted,1412,1,1,0,0
custom-error-generator,extracted,1,1,1,0,0
custom-functions-runtime,extracted,0,1,1,0,0
customize-cra,extracted-with-diagnostics,38,1,1,0,27
cvss,extracted,9,1,1,0,0
cwd,extracted,2,1,1,0,0
cwise,extracted,3,1,1,0,0
cwise-compiler,extracted,1,1,1,0,0
cwise-parser,extracted,1,1,1,0,0
cxs,extracted-with-diagnostics,4,1,1,0,2
cyberblast__config,extracted,2,1,1,0,0
cyberblast__logger,extracted,15,1,1,0,0
cyberblast__webserver,extracted-with-diagnostics,352,1,1,0,5
cybozulabs-md5,extracted,0,1,1,0,0
cyclonedx,extracted,0,1,1,0,0
cypress-cucumber-preprocessor,extracted,6,1,1,0,0
cypress-dark,extracted,0,1,1,0,0
cypress-dotenv,extracted-with-diagnostics,1,1,1,0,1
cypress-image-snapshot,extracted,0,1,1,0,0
cypress__code-coverage,extracted,0,1,1,0,0
cyrb53,extracted,1,1,1,0,0
cytoscape-avsdf,extracted-with-diagnostics,0,1,1,0,1
cytoscape-canvas,extracted-with-diagnostics,4,1,1,0,1
cytoscape-context-menus,extracted-with-diagnostics,13,1,1,0,1
cytoscape-cxtmenu,extracted-with-diagnostics,2,1,1,0,1
cytoscape-d3-force,extracted-with-diagnostics,0,1,1,0,1
cytoscape-dagre,extracted-with-diagnostics,3,1,1,0,1
cytoscape-edgehandles,extracted-with-diagnostics,8,1,1,0,7
cytoscape-euler,extracted-with-diagnostics,0,1,1,0,1
cytoscape-fcose,extracted-with-diagnostics,0,1,1,0,1
cytoscape-klay,extracted-with-diagnostics,0,1,1,0,1
cytoscape-navigator,extracted-with-diagnostics,1,1,1,0,1
d,extracted,8,1,1,0,0
d20,extracted,4,1,1,0,0
d3,extracted,2601,1,1,0,0
d3-3d,extracted-with-diagnostics,32,1,1,0,1
d3-array,extracted,165,1,1,0,0
d3-axis,extracted,33,1,1,0,0
d3-box,extracted-with-diagnostics,0,1,1,0,1
d3-brush,extracted,23,1,1,0,0
d3-chord,extracted,73,1,1,0,0
d3-cloud,extracted,2,1,1,0,0
d3-collection,extracted,54,1,1,0,0
d3-color,extracted,112,1,1,0,0
d3-contour,extracted,25,1,1,0,0
d3-delaunay,extracted,68,1,1,0,0
d3-dispatch,extracted,6,1,1,0,0
d3-drag,extracted,24,1,1,0,0
d3-dsv,extracted,29,1,1,0,0
d3-ease,extracted,60,1,1,0,0
d3-fetch,extracted,17,1,1,0,0
d3-flextree,extracted,27,1,1,0,0
d3-force,extracted,92,1,1,0,0
d3-format,extracted,12,1,1,0,0
d3-geo,extracted,186,1,1,0,0
d3-graphviz,extracted,46,1,1,0,0
d3-hexbin,extracted,15,1,1,0,0
d3-hierarchy,extracted,255,1,1,0,0
d3-hsv,extracted,18,1,1,0,0
d3-indirections,extracted,0,1,1,0,0
d3-interpolate,extracted,49,1,1,0,0
d3-interpolate-path,extracted,1,1,1,0,0
d3-org-chart,extracted,438,1,1,0,0
d3-path,extracted,11,1,1,0,0
d3-polygon,extracted,5,1,1,0,0
d3-quadtree,extracted,20,1,1,0,0
d3-queue,extracted,5,1,1,0,0
d3-random,extracted,74,1,1,0,0
d3-request,extracted,91,1,1,0,0
d3-require,extracted,9,1,1,0,0
d3-sankey,extracted,35,1,1,0,0
d3-scale,extracted,315,1,1,0,0
d3-scale-chromatic,extracted,38,1,1,0,0
d3-selection,extracted,103,1,1,0,0
d3-selection-multi,extracted,0,1,1,0,0
d3-shape,extracted,320,1,1,0,0
d3-simple-slider,extracted,22,1,1,0,0
d3-tile,extracted,22,1,1,0,0
d3-time,extracted,332,1,1,0,0
d3-time-format,extracted,12,1,1,0,0
d3-timer,extracted,7,1,1,0,0
d3-tip,extracted,0,1,1,0,0
d3-transition,extracted,56,1,1,0,0
d3-voronoi,extracted,17,1,1,0,0
d3-zoom,extracted,76,1,1,0,0
d3.slider,extracted-with-diagnostics,0,1,1,0,3
d3kit,extracted,795,1,1,0,0
d3pie,extracted,0,1,1,0,0
dadata-api,extracted,0,1,1,0,0
dagre,extracted,49,1,1,0,0
dagre-d3,extracted,132,1,1,0,0
dagre-layout,extracted,15,1,1,0,0
dailymotion__vast-client,extracted-with-diagnostics,235,1,1,0,5
damerau-levenshtein,extracted,1,1,1,0,0
danish-ssn,extracted,4,1,1,0,0
dashdash,extracted,12,1,1,0,0
dasherize,extracted,1,1,1,0,0
dashify,extracted,1,1,1,0,0
dat.gui,extracted,82,1,1,0,0
data-api-client,extracted-with-diagnostics,13,1,1,0,5
data-driven,extracted,1,1,1,0,0
data-urls,extracted-with-diagnostics,2,1,1,0,1
datadog-statsd-metrics-collector,extracted-with-diagnostics,14,1,1,0,5
datadog-tracer,extracted-with-diagnostics,4,1,1,0,1
datadog-winston,extracted-with-diagnostics,0,1,1,0,1
dataframe-js,extracted,562,1,1,0,0
date-arithmetic,extracted,38,1,1,0,0
date-fp,extracted,17,1,1,0,0
date-is-valid,extracted,1,1,1,0,0
date-now,extracted,1,1,1,0,0
date-range-array,extracted,1,1,1,0,0
date-unit-ms,extracted,0,1,1,0,0
date-utils,extracted,1,1,1,0,0
dateformat,extracted,3,1,1,0,0
datejs,extracted,0,1,1,0,0
daterangepicker,extracted-with-diagnostics,1431,1,1,0,1
daum-postcode,extracted,0,1,1,0,0
dav,extracted,52,1,1,0,0
dayjs-precise-range,extracted-with-diagnostics,0,1,1,0,1
dayjs-recur,extracted-with-diagnostics,0,1,1,0,1
db-hafas-stations,extracted-with-diagnostics,60,1,1,0,5
db-hafas-stations-autocomplete,extracted,1,1,1,0,0
db-migrate-base,extracted-with-diagnostics,157,1,1,0,5
db-migrate-pg,extracted-with-diagnostics,85,1,1,0,8
db-stations,extracted-with-diagnostics,60,1,1,0,5
db-stations-autocomplete,extracted,1,1,1,0,0
db.js,extracted,0,1,1,0,0
dbus,extracted,33,1,1,0,0
dc,extracted,3184,1,1,0,0
dcp-client,extracted-with-diagnostics,39,1,1,0,1
deasync,extracted,19,1,1,0,0
deasync-promise,extracted,1,1,1,0,0
death,extracted,3,1,1,0,0
debessmann,extracted,2,1,1,0,0
debounce,extracted,3,1,1,0,0
debounce-promise,extracted,2,1,1,0,0
debug,extracted,28,1,1,0,0
decay,extracted,6,1,1,0,0
decode-dxt,extracted,1,1,1,0,0
decode-entities,extracted,1,1,1,0,0
decomment,extracted,4,1,1,0,0
decompress,extracted-with-diagnostics,89,1,1,0,5
decorum,extracted,73,1,1,0,0
dedent,extracted,2,1,1,0,0
deep-diff,extracted,16,1,1,0,0
deep-eql,extracted,1,1,1,0,0
deep-equal,extracted,1,1,1,0,0
deep-equal-in-any-order,extracted-with-diagnostics,0,1,1,0,2
deep-extend,extracted,5,1,1,0,0
deep-freeze,extracted,3,1,1,0,0
deep-freeze-strict,extracted,1,1,1,0,0
deepai,extracted,2,1,1,0,0
deezer-sdk,extracted,0,1,1,0,0
default-browser-id,extracted,1,1,1,0,0
default-gateway,extracted,4,1,1,0,0
default-user-agent,extracted,2,1,1,0,0
defaults,extracted,0,1,1,0,0
defaults-deep,extracted,1,1,1,0,0
defer-promise,extracted,1,1,1,0,0
define-properties,extracted,1,1,1,0,0
defined,extracted,2,1,1,0,0
deflate-js,extracted,2,1,1,0,0
degit,extracted,18,1,1,0,0
deglob,extracted,2,1,1,0,0
deindent,extracted,3,1,1,0,0
deinterleave,extracted,1,1,1,0,0
deku,extracted,38,1,1,0,0
delaunator,extracted,2,1,1,0,0
delegates,extracted,10,1,1,0,0
delete-empty,extracted,6,1,1,0,0
deline,extracted,1,1,1,0,0
delowar__react-circle-progressbar,extracted-with-diagnostics,1,1,1,0,1
delta-e,extracted,4,1,1,0,0
deluge,extracted-with-diagnostics,7,1,1,0,5
demangler-js,extracted,1,1,1,0,0
deno,extracted,0,1,1,0,0
denodeify,extracted,22,1,1,0,0
density-clustering,extracted,4,1,1,0,0
deoxxa-content-type,extracted,0,1,1,0,0
depd,extracted-with-diagnostics,4,1,1,0,5
dependency-solver,extracted,6,1,1,0,0
deployjava,extracted,0,1,1,0,0
deprecate,extracted-with-diagnostics,94,1,1,0,5
deps-sort,extracted-with-diagnostics,1,1,1,0,5
derhuerst__cli-on-key,extracted-with-diagnostics,3,1,1,0,5
desktop-service,extracted-with-diagnostics,44,1,1,0,5
desmos,extracted,0,1,1,0,0
destroy,extracted-with-diagnostics,1,1,1,0,5
destroy-on-hwm,extracted-with-diagnostics,1,1,1,0,5
detect-character-encoding,extracted-with-diagnostics,1,1,1,0,5
detect-emoji-support,extracted,1,1,1,0,0
detect-file,extracted,1,1,1,0,0
detect-hover,extracted,2,1,1,0,0
detect-inapp,extracted,0,1,1,0,0
detect-node,extracted,0,1,1,0,0
detect-pointer,extracted,2,1,1,0,0
detect-rpi,extracted,1,1,1,0,0
detect-touch,extracted,1,1,1,0,0
detect-touch-events,extracted,2,1,1,0,0
detective,extracted-with-diagnostics,4,1,1,0,1
detectos.js,extracted,5,1,1,0,0
dev-ip,extracted,1,1,1,0,0
devexpress-aspnetcore-bootstrap,extracted,0,1,1,0,0
devexpress-web,extracted,0,1,1,0,0
device-uuid,extracted,29,1,1,0,0
devicefarmer__stf-syrup,extracted,6,1,1,0,0
dexie-batch,extracted-with-diagnostics,11,1,1,0,1
df-visible,extracted,0,1,1,0,0
dhtmlxgantt,extracted,0,1,1,0,0
di,extracted,5,1,1,0,0
di-lite,extracted,0,1,1,0,0
diacritic,extracted,1,1,1,0,0
diacritics,extracted,1,1,1,0,0
dialog-node,extracted,9,1,1,0,0
dialogify-browser,extracted,580,1,1,0,0
dicer,extracted-with-diagnostics,268,1,1,0,5
didyoumean,extracted,1,1,1,0,0
diff-match-patch,extracted,65,1,1,0,0
diff3,extracted,1,1,1,0,0
diffable-html,extracted,1,1,1,0,0
diffie-hellman,extracted-with-diagnostics,18,1,1,0,5
difflib,extracted,17,1,1,0,0
digibyte,extracted-with-diagnostics,929,1,1,0,5
digital-goods-browser,extracted,0,1,1,0,0
digital-link.js,extracted,29,1,1,0,0
digitalbazaar__bitstring,extracted,7,1,1,0,0
dingtalk-robot-sender,extracted-with-diagnostics,12,1,1,0,1
dir-glob,extracted,2,1,1,0,0
dir-resolve,extracted,1,1,1,0,0
dir-walker-gen,extracted,1,1,1,0,0
director,extracted-with-diagnostics,497,1,1,0,5
directory-structure-json,extracted-with-diagnostics,16,1,1,0,5
dirname-regex,extracted,1,1,1,0,0
dirty-chai,extracted-with-diagnostics,1,1,1,0,1
discontinuous-range,extracted,14,1,1,0,0
discord-rich-presence,extracted-with-diagnostics,100,1,1,0,5
discord-rpc,extracted,63,1,1,0,0
discourse-sso,extracted,6,1,1,0,0
diskspace,extracted,2,1,1,0,0
dispatchr,extracted-with-diagnostics,36,1,1,0,5
disposable-email,extracted,2,1,1,0,0
disposable-email-domains,extracted,0,1,1,0,0
distributions,extracted,10,1,1,0,0
distributions-poisson-quantile,extracted,13,1,1,0,0
diva.js,extracted,292,1,1,0,0
django-bananas,extracted-with-diagnostics,45,1,1,0,1
djv,extracted,16,1,1,0,0
dkfds,extracted,82,1,1,0,0
dkim-signer,extracted-with-diagnostics,7,1,1,0,5
dlv,extracted,1,1,1,0,0
dmx,extracted-with-diagnostics,119,1,1,0,5
dns-packet,extracted-with-diagnostics,533,1,1,0,5
dns-txt,extracted-with-diagnostics,1,1,1,0,5
dns2,extracted-with-diagnostics,24,1,1,0,5
dnssd,extracted-with-diagnostics,208,1,1,0,5
do-not-zip,extracted-with-diagnostics,4,1,1,0,5
doccookies,extracted,0,1,1,0,0
docdown,extracted,1,1,1,0,0
dock-spawn,extracted,0,1,1,0,0
docker-events,extracted-with-diagnostics,153,1,1,0,5
docker-modem,extracted-with-diagnostics,1908,1,1,0,5
dockerode,extracted-with-diagnostics,451,1,1,0,5
dockerode-compose,extracted-with-diagnostics,6,1,1,0,5
docopt,extracted,1,1,1,0,0
doctrine,extracted,7,1,1,0,0
document-ready,extracted,1,1,1,0,0
documentdb,extracted-with-diagnostics,157,1,1,0,5
documentdb-server,extracted,0,1,1,0,0
documentdb-session,extracted-with-diagnostics,1,1,1,0,5
docusign-esign,extracted-with-diagnostics,455,1,1,0,5
dog-statsy,extracted-with-diagnostics,96,1,1,0,5
dogapi,extracted,6,1,1,0,0
doge-seed,extracted,1,1,1,0,0
doi-regex,extracted,4,1,1,0,0
dojo,extracted,0,1,1,0,0
dom-background-sync,extracted-with-diagnostics,0,1,1,0,2
dom-chromium-ai,extracted,0,1,1,0,0
dom-chromium-installation-events,extracted,0,1,1,0,0
dom-close-watcher,extracted,0,1,1,0,0
dom-css,extracted,4,1,1,0,0
dom-eyedropper,extracted,0,1,1,0,0
dom-inputevent,extracted,0,1,1,0,0
dom-matches,extracted,1,1,1,0,0
dom-mediacapture-fromelement,extracted,0,1,1,0,0
dom-mediacapture-record,extracted,0,1,1,0,0
dom-mediacapture-transform,extracted,0,1,1,0,0
dom-navigation,extracted,0,1,1,0,0
dom-navigation-preload,extracted,0,1,1,0,0
dom-parser,extracted,16,1,1,0,0
dom-screen-wake-lock,extracted,0,1,1,0,0
dom-serial,extracted,0,1,1,0,0
dom-speech-recognition,extracted,0,1,1,0,0
dom-to-image,extracted,20,1,1,0,0
dom-trust-token,extracted,0,1,1,0,0
dom-view-transitions,extracted,0,1,1,0,0
dom-webcodecs,extracted,0,1,1,0,0
dom4,extracted,0,1,1,0,0
domexception,extracted,0,1,1,0,0
domo,extracted,0,1,1,0,0
domready,extracted,1,1,1,0,0
domtagger,extracted,8,1,1,0,0
domurl,extracted,16,1,1,0,0
donna,extracted,1,1,1,0,0
dookie,extracted,3,1,1,0,0
dos2unix,extracted-with-diagnostics,22,1,1,0,1
dot,extracted,4,1,1,0,0
dot-object,extracted,0,1,1,0,0
dotdir-regex,extracted,1,1,1,0,0
dotdotdot,extracted,0,1,1,0,0
dotenv-defaults,extracted-with-diagnostics,2,1,1,0,6
dotenv-flow,extracted,11,1,1,0,0
dotenv-load,extracted,1,1,1,0,0
dotenv-parse-variables,extracted,1,1,1,0,0
dotenv-safe,extracted-with-diagnostics,1,1,1,0,1
dotenv-webpack,extracted-with-diagnostics,2,1,1,0,8
dotfile-regex,extracted,1,1,1,0,0
dottie,extracted,14,1,1,0,0
double-ended-queue,extracted,34,1,1,0,0
double-hmac,extracted-with-diagnostics,1,1,1,0,5
double-utils,extracted,5,1,1,0,0
doublearray,extracted,0,1,1,0,0
doubleclick-gpt,extracted,0,1,1,0,0
download,extracted-with-diagnostics,2,1,1,0,6
downloadjs,extracted,1,1,1,0,0
downscale,extracted,3,1,1,0,0
dplayer,extracted,30,1,1,0,0
draco3d,extracted,97,1,1,0,0
draco3dgltf,extracted,97,1,1,0,0
draft-convert,extracted-with-diagnostics,6,1,1,0,2
draft-js,extracted-with-diagnostics,434,1,1,0,2
draftjs-to-html,extracted-with-diagnostics,1,1,1,0,2
drag-controls,extracted,10,1,1,0,0
drag-timetable,extracted,10,1,1,0,0
draggabilly,extracted,24,1,1,0,0
dragscroll,extracted,1,1,1,0,0
dragster,extracted,6,1,1,0,0
dragula,extracted,17,1,1,0,0
drawflow,extracted,57,1,1,0,0
drift-zoom,extracted,8,1,1,0,0
driftless,extracted,3,1,1,0,0
drivelist,extracted,1,1,1,0,0
dropbox-chooser,extracted,0,1,1,0,0
dropkickjs,extracted,0,1,1,0,0
dropzone,extracted,911,1,1,0,0
drupal-attribute,extracted,12,1,1,0,0
ds18b20,extracted-with-diagnostics,6,1,1,0,5
dsv,extracted,1,1,1,0,0
dts-bundle,extracted,1,1,1,0,0
dts-generator,extracted-with-diagnostics,1,1,1,0,1
dtype,extracted,12,1,1,0,0
du,extracted,3,1,1,0,0
duckduckgo-images-api,extracted,2,1,1,0,0
dumb-passwords,extracted,3,1,1,0,0
duo_web_sdk,extracted,5,1,1,0,0
duosecurity__duo_web,extracted,2,1,1,0,0
duplex-to,extracted-with-diagnostics,4,1,1,0,5
duplexer2,extracted-with-diagnostics,2,1,1,0,5
duplexer3,extracted-with-diagnostics,2,1,1,0,5
duplexify,extracted-with-diagnostics,73,1,1,0,5
duplicate-package-checker-webpack-plugin,extracted-with-diagnostics,0,1,1,0,8
durandal,extracted,85,1,1,0,0
dush,extracted,12,1,1,0,0
dustjs-linkedin,extracted,32,1,1,0,0
dv,extracted-with-diagnostics,359,1,1,0,5
dvtng-jss,extracted,0,1,1,0,0
dw-bxslider-4,extracted,0,1,1,0,0
dwt,extracted,27,1,1,0,0
dxf,extracted,13,1,1,0,0
dygraphs,extracted,105,1,1,0,0
dymo-label-framework,extracted,0,1,1,0,0
dynamic-time-warping,extracted,4,1,1,0,0
dynamodb,extracted-with-diagnostics,147,1,1,0,6
dynamodb-localhost,extracted,5,1,1,0,0
dynamodb-lock-client,extracted-with-diagnostics,27,1,1,0,5
dynatable,extracted,0,1,1,0,0
dynatrace,extracted,0,1,1,0,0
dynmap,extracted,3241,1,1,0,0
dynogels,extracted-with-diagnostics,1974,1,1,0,6
each,extracted,0,1,1,0,0
earcut,extracted,3,1,1,0,0
easeljs,extracted,0,1,1,0,0
eases,extracted,31,1,1,0,0
easy-api-request,extracted-with-diagnostics,280,1,1,0,7
easy-jsend,extracted,1,1,1,0,0
easy-rbac,extracted,2,1,1,0,0
easy-session,extracted-with-diagnostics,4,1,1,0,5
easy-soap-request,extracted-with-diagnostics,1,1,1,0,1
easy-xapi,extracted-with-diagnostics,100,1,1,0,5
easy-xapi-utils,extracted-with-diagnostics,3,1,1,0,5
easydate,extracted,1,1,1,0,0
ebay-oauth-nodejs-client,extracted,12,1,1,0,0
ebml,extracted-with-diagnostics,1103,1,1,0,5
ebongarde-root,extracted-with-diagnostics,0,1,1,0,5
eccrypto,extracted-with-diagnostics,360,1,1,0,5
ecef-projector,extracted,2,1,1,0,0
ecma-proposal-math-extensions,extracted,0,1,1,0,0
ecore,extracted,7815,1,1,0,0
ecurve,extracted-with-diagnostics,1150,1,1,0,5
ed25519,extracted-with-diagnostics,179,1,1,0,5
ed2curve,extracted-with-diagnostics,3,1,1,0,1
edit-json-file,extracted-with-diagnostics,11,1,1,0,5
editor-info,extracted,0,1,1,0,0
edmonds-blossom,extracted,1,1,1,0,0
edtr-io__mathquill,extracted,29,1,1,0,0
edx__new-relic-source-map-webpack-plugin,extracted-with-diagnostics,4,1,1,0,6
ee-first,extracted-with-diagnostics,4,1,1,0,5
eetase,extracted-with-diagnostics,1,1,1,0,5
eff-diceware-passphrase,extracted,5,1,1,0,0
effective-domain-name-parser,extracted,1,1,1,0,0
egg.js,extracted,0,1,1,0,0
eins-modal,extracted,8,1,1,0,0
ej.web.all,extracted,0,1,1,0,0
ejs,extracted,36,1,1,0,0
ejs-locals,extracted,1,1,1,0,0
ejson,extracted,11,1,1,0,0
elastic.js,extracted,1252,1,1,0,0
elastic__maki,extracted,0,1,1,0,0
elasticlunr,extracted,131,1,1,0,0
elasticlunrjs,extracted,127,1,1,0,0
elasticsearch,extracted,400,1,1,0,0
electron-installer-dmg,extracted-with-diagnostics,1,1,1,0,5
electron-json-storage,extracted,20,1,1,0,0
electron-load-devtool,extracted,1,1,1,0,0
electron-localshortcut,extracted-with-diagnostics,9,1,1,0,1
electron-positioner,extracted-with-diagnostics,8,1,1,0,1
electron-progressbar,extracted-with-diagnostics,14,1,1,0,1
electron-prompt,extracted-with-diagnostics,1,1,1,0,1
electron-spellchecker,extracted-with-diagnostics,27,1,1,0,9
electron-squirrel-startup,extracted,0,1,1,0,0
electron-to-chromium,extracted,3,1,1,0,0
element-closest,extracted,1,1,1,0,0
element-resize-detector,extracted,10,1,1,0,0
element-resize-event,extracted,2,1,1,0,0
element-size,extracted,1,1,1,0,0
elementary-circuits-directed-graph,extracted,2,1,1,0,0
elementtree,extracted,41,1,1,0,0
eleventy-plugin-toc,extracted-with-diagnostics,1,1,1,0,1
elgamal,extracted,787,1,1,0,0
elizabot,extracted,8,1,1,0,0
elliemae__em-ssf-guest,extracted,12,1,1,0,0
ellipsize,extracted,1,1,1,0,0
elliptic,extracted-with-diagnostics,8834,1,1,0,5
elm,extracted,4,1,1,0,0
elo-rank,extracted,8,1,1,0,0
elv,extracted,5,1,1,0,0
email-check,extracted,1,1,1,0,0
email-prompt,extracted,1,1,1,0,0
email-reply-parser,extracted,6,1,1,0,0
email-templates,extracted-with-diagnostics,8,1,1,0,6
emailjs-mime-codec,extracted,19,1,1,0,0
emailjs-utf7,extracted,5,1,1,0,0
emartech__cls-adapter,extracted-with-diagnostics,0,1,1,0,5
ember,extracted-with-diagnostics,2610,1,1,0,1
ember-changeset-validations,extracted,2,1,1,0,0
ember-cli-fastboot,extracted,0,1,1,0,0
ember-data,extracted-with-diagnostics,3669,1,1,0,1
ember-data__adapter,extracted-with-diagnostics,69,1,1,0,1
ember-data__model,extracted-with-diagnostics,190,1,1,0,1
ember-data__serializer,extracted-with-diagnostics,85,1,1,0,1
ember-data__store,extracted-with-diagnostics,72,1,1,0,1
ember-feature-flags,extracted,25,1,1,0,0
ember-mocha,extracted-with-diagnostics,120,1,1,0,5
ember-modal-dialog,extracted,61,1,1,0,0
ember-modal-service,extracted,0,1,1,0,0
ember-task-scheduler,extracted,28,1,1,0,0
ember-test-helpers,extracted-with-diagnostics,483,1,1,0,3
ember-testing-helpers,extracted,0,1,1,0,0
ember-useragent,extracted,0,1,1,0,0
ember__application,extracted-with-diagnostics,103,1,1,0,1
ember__array,extracted,27,1,1,0,0
ember__component,extracted,64,1,1,0,0
ember__controller,extracted,48,1,1,0,0
ember__debug,extracted,9,1,1,0,0
ember__destroyable,extracted,8,1,1,0,0
ember__engine,extracted,58,1,1,0,0
ember__error,extracted,0,1,1,0,0
ember__helper,extracted-with-diagnostics,0,1,1,0,2
ember__modifier,extracted,2,1,1,0,0
ember__object,extracted,56,1,1,0,0
ember__ordered-set,extracted,11,1,1,0,0
ember__owner,extracted,9,1,1,0,0
ember__polyfills,extracted,5,1,1,0,0
ember__routing,extracted,0,1,1,0,0
ember__runloop,extracted,20,1,1,0,0
ember__service,extracted,47,1,1,0,0
ember__string,extracted,7,1,1,0,0
ember__template,extracted,5,1,1,0,0
ember__test,extracted-with-diagnostics,7,1,1,0,1
ember__utils,extracted,8,1,1,0,0
emilbayes__capped-array,extracted,0,1,1,0,0
emissary,extracted,42,1,1,0,0
emmetio__implicit-tag,extracted,1,1,1,0,0
emoji-flags,extracted,1,1,1,0,0
emoji-js,extracted,12,1,1,0,0
emoji-strip,extracted,1,1,1,0,0
emojione,extracted,5,1,1,0,0
empower,extracted-with-diagnostics,2,1,1,0,5
empower-core,extracted-with-diagnostics,2,1,1,0,5
empty-dir,extracted-with-diagnostics,4,1,1,0,5
emscripten,extracted,0,1,1,0,0
enamdict,extracted,8,1,1,0,0
encodeurl,extracted,1,1,1,0,0
encoding-down,extracted,25,1,1,0,0
encoding-japanese,extracted,30,1,1,0,0
end-of-stream,extracted-with-diagnostics,2,1,1,0,5
engine-check,extracted,1,1,1,0,0
engine.io,extracted-with-diagnostics,449,1,1,0,5
enigma.js,extracted,0,1,1,0,0
enquire.js,extracted,2,1,1,0,0
ent,extracted,2,1,1,0,0
entropy-string,extracted-with-diagnostics,31,1,1,0,5
entropy__winston-elasticsearch-apm,extracted-with-diagnostics,2,1,1,0,2
env-ci,extracted,1,1,1,0,0
env-to-object,extracted,1,1,1,0,0
envhandlebars,extracted-with-diagnostics,4,1,1,0,6
envify,extracted-with-diagnostics,0,1,1,0,5
envinfo,extracted,3,1,1,0,0
enzyme,extracted-with-diagnostics,247,1,1,0,4
enzyme-adapter-react-15,extracted-with-diagnostics,0,1,1,0,4
enzyme-adapter-react-15.4,extracted-with-diagnostics,0,1,1,0,4
enzyme-adapter-react-16,extracted-with-diagnostics,0,1,1,0,4
enzyme-async-helpers,extracted-with-diagnostics,3,1,1,0,4
enzyme-react-intl,extracted-with-diagnostics,12,1,1,0,6
enzyme-redux,extracted-with-diagnostics,4,1,1,0,4
enzyme-to-json,extracted-with-diagnostics,1,1,1,0,5
eonasdan-bootstrap-datetimepicker,extracted-with-diagnostics,111,1,1,0,1
epcis2.js,extracted,1183,1,1,0,0
epiceditor,extracted,0,1,1,0,0
epilogue,extracted-with-diagnostics,63,1,1,0,6
epub-gen,extracted,0,1,1,0,0
eq.js,extracted,0,1,1,0,0
eris-sharder,extracted-with-diagnostics,115,1,1,0,6
err,extracted,0,1,1,0,0
error-cause,extracted,0,1,1,0,0
error-subclass,extracted,0,1,1,0,0
errorhandler,extracted-with-diagnostics,2,1,1,0,5
es-abstract,extracted-with-diagnostics,2037,1,1,0,2
es-aggregate-error,extracted-with-diagnostics,0,1,1,0,5
es-get-iterator,extracted,2,2,2,0,0
es6-collections,extracted-with-diagnostics,8,1,1,0,3
es6-promisify,extracted,8,1,1,0,0
es6-set-proptypes,extracted,2,1,1,0,0
es6-shim,extracted-with-diagnostics,23,1,1,0,3
es6-weak-map,extracted,8,1,1,0,0
es6template,extracted,3,1,1,0,0
esbuild-copy-static-files,extracted-with-diagnostics,1,1,1,0,6
esbuild-plugin-ignore,extracted-with-diagnostics,2,2,2,0,2
esbuild-plugin-import-map,extracted,3,1,1,0,0
esbuild-vue,extracted,1,1,1,0,0
esc-pos-encoder,extracted,46,1,1,0,0
escape-html,extracted,1,1,1,0,0
escape-latex,extracted,1,1,1,0,0
escape-quotes,extracted,2,1,1,0,0
escape-regexp,extracted,1,1,1,0,0
escodegen,extracted,2,1,1,0,0
escpos,extracted-with-diagnostics,136,1,1,0,5
eseb__request-state,extracted,36,1,1,0,0
eslint-ast-utils,extracted-with-diagnostics,8,1,1,0,1
eslint-config-prettier,extracted,0,1,1,0,0
eslint-plugin-github,extracted-with-diagnostics,26,1,1,0,1
eslint-plugin-jsx-a11y,extracted-with-diagnostics,0,1,1,0,1
eslint-plugin-markdown,extracted-with-diagnostics,0,1,1,0,1
eslint-plugin-mobx,extracted-with-diagnostics,0,1,1,0,1
eslint-plugin-no-constructor-bind,extracted-with-diagnostics,0,1,1,0,1
eslint-plugin-no-unsanitized,extracted-with-diagnostics,0,1,1,0,1
eslint-plugin-pii,extracted-with-diagnostics,0,1,1,0,1
eslint-plugin-prettier,extracted-with-diagnostics,0,1,1,0,1
eslint-plugin-promise,extracted-with-diagnostics,0,1,1,0,1
eslint-plugin-security,extracted-with-diagnostics,0,1,1,0,1
eslint-plugin-tailwindcss,extracted-with-diagnostics,0,1,1,0,1
eslint-plugin-xss,extracted-with-diagnostics,0,1,1,0,1
eslint-utils,extracted-with-diagnostics,40,1,1,0,2
esm,extracted-with-diagnostics,1,1,1,0,5
esprima,extracted,3,1,1,0,0
esprima-walk,extracted,3,1,1,0,0
espruino,extracted,27,1,1,0,0
esquery,extracted,6,1,1,0,0
esrecurse,extracted,4,1,1,0,0
esrever,extracted,1,1,1,0,0
esri-leaflet,extracted,1702,1,1,0,0
esri-leaflet-geocoder,extracted,0,1,1,0,0
estimate,extracted,4,1,1,0,0
estimated-read-time,extracted,1,1,1,0,0
estraverse,extracted,14,1,1,0,0
estree,extracted,0,1,1,0,0
estree-jsx,extracted,0,1,1,0,0
esutils,extracted,25,1,1,0,0
etag,extracted-with-diagnostics,1,1,1,0,5
eth-lightwallet,extracted-with-diagnostics,191,1,1,0,5
eth-url-parser,extracted,2,1,1,0,0
ethereum-blockies,extracted,1,1,1,0,0
ethereum-checksum-address,extracted,2,1,1,0,0
ethereum-protocol,extracted-with-diagnostics,2,1,1,0,1
ethereumjs-abi,extracted-with-diagnostics,13,1,1,0,5
etherport-client,extracted-with-diagnostics,94,1,1,0,5
ethjs-signer,extracted-with-diagnostics,3,1,1,0,5
ethjs-util,extracted-with-diagnostics,13,1,1,0,5
euclidean-distance,extracted,1,1,1,0,0
eureka-js-client,extracted,6,1,1,0,0
evaluatex,extracted,2,1,1,0,0
evaporate,extracted,9,1,1,0,0
event-calendar__core,extracted-with-diagnostics,22,1,1,0,1
event-calendar__day-grid,extracted,0,1,1,0,0
event-calendar__interaction,extracted,0,1,1,0,0
event-calendar__list,extracted,0,1,1,0,0
event-calendar__resource-time-grid,extracted,0,1,1,0,0
event-calendar__resource-timeline,extracted,0,1,1,0,0
event-calendar__time-grid,extracted,0,1,1,0,0
event-emitter,extracted,7,1,1,0,0
event-emitter-es6,extracted,12,1,1,0,0
event-kit,extracted,23,1,1,0,0
event-loop-lag,extracted,1,1,1,0,0
event-source-polyfill,extracted,12,1,1,0,0
event-stream,extracted-with-diagnostics,39,1,1,0,5
event-to-promise,extracted-with-diagnostics,2,1,1,0,5
eventbusjs,extracted,6,1,1,0,0
events,extracted,17,1,1,0,0
events.once,extracted-with-diagnostics,2,1,1,0,5
evernote,extracted-with-diagnostics,183,1,1,0,5
evil-dns,extracted,3,1,1,0,0
ewma,extracted,2,1,1,0,0
exaroton,extracted-with-diagnostics,351,1,1,0,6
excel-column-name,extracted,2,1,1,0,0
excel-style-dataformatter,extracted,8,1,1,0,0
exchange-rates-api,extracted,2,1,1,0,0
exenv,extracted,0,1,1,0,0
exif,extracted-with-diagnostics,6,1,1,0,5
exif-js,extracted-with-diagnostics,11,1,1,0,5
exit,extracted-with-diagnostics,1,1,1,0,5
exorcist,extracted-with-diagnostics,2,1,1,0,5
expand-tilde,extracted,1,1,1,0,0
expect-cookies,extracted,21,1,1,0,0
expect-puppeteer,extracted-with-diagnostics,3,1,1,0,4
expect.js,extracted,0,1,1,0,0
expectations,extracted,0,1,1,0,0
expired,extracted,4,1,1,0,0
expired-storage,extracted,24,1,1,0,0
expirymanager,extracted,9,1,1,0,0
expo-mixpanel-analytics,extracted,11,1,1,0,0
expo__status-bar-height,extracted,7,1,1,0,0
express,extracted-with-diagnostics,2676,1,1,0,5
express-actuator,extracted-with-diagnostics,3,1,1,0,5
express-as-promise,extracted-with-diagnostics,10,1,1,0,5
express-async-wrap,extracted-with-diagnostics,2,1,1,0,5
express-boom,extracted-with-diagnostics,1,1,1,0,5
express-brute,extracted-with-diagnostics,14,1,1,0,5
express-brute-memcached,extracted,1,1,1,0,0
express-brute-mongo,extracted-with-diagnostics,0,1,1,0,1
express-brute-redis,extracted-with-diagnostics,6,1,1,0,1
express-bunyan-logger,extracted-with-diagnostics,6,1,1,0,5
express-busboy,extracted-with-diagnostics,1,1,1,0,5
express-cache-response-directive,extracted-with-diagnostics,1,1,1,0,5
express-cluster,extracted-with-diagnostics,2,1,1,0,5
express-conditional-middleware,extracted-with-diagnostics,1,1,1,0,5
express-correlation-id,extracted-with-diagnostics,3,1,1,0,5
express-debug,extracted-with-diagnostics,1,1,1,0,5
express-delay-header,extracted-with-diagnostics,1,1,1,0,5
express-domain-middleware,extracted-with-diagnostics,1,1,1,0,5
express-ejs-layouts,extracted-with-diagnostics,1,1,1,0,5
express-enforces-ssl,extracted-with-diagnostics,1,1,1,0,5
express-fileupload,extracted-with-diagnostics,91,1,1,0,5
express-flash,extracted-with-diagnostics,1,1,1,0,5
express-flash-2,extracted-with-diagnostics,1,1,1,0,5
express-flash-notification,extracted-with-diagnostics,1,1,1,0,5
express-form-data,extracted-with-diagnostics,4,1,1,0,5
express-formidable,extracted-with-diagnostics,1,1,1,0,5
express-healthcheck,extracted-with-diagnostics,1,1,1,0,5
express-http-proxy,extracted-with-diagnostics,1,1,1,0,5
express-interceptor,extracted-with-diagnostics,2,1,1,0,5
express-jsonschema,extracted-with-diagnostics,4,1,1,0,5
express-legacy-expires,extracted-with-diagnostics,1,1,1,0,5
express-less,extracted-with-diagnostics,1,1,1,0,5
express-locale,extracted-with-diagnostics,1,1,1,0,5
express-minify,extracted-with-diagnostics,0,1,1,0,5
express-multipart-file-parser,extracted-with-diagnostics,1,1,1,0,6
express-mung,extracted-with-diagnostics,11,1,1,0,5
express-myconnection,extracted-with-diagnostics,0,1,1,0,5
express-mysql-session,extracted-with-diagnostics,1,1,1,0,6
express-ntlm,extracted-with-diagnostics,1,1,1,0,5
express-oauth-server,extracted-with-diagnostics,12,1,1,0,5
express-paginate,extracted-with-diagnostics,5,1,1,0,5
express-partial-response,extracted-with-diagnostics,1,1,1,0,5
express-partials,extracted-with-diagnostics,1,1,1,0,5
express-pino-logger,extracted-with-diagnostics,0,1,1,0,1
express-preconditions,extracted-with-diagnostics,3,1,1,0,5
express-processimage,extracted-with-diagnostics,1,1,1,0,5
express-prometheus-middleware,extracted-with-diagnostics,1,1,1,0,5
express-redis-cache,extracted-with-diagnostics,104,1,1,0,6
express-requests-logger,extracted-with-diagnostics,2,1,1,0,5
express-route-fs,extracted,1,1,1,0,0
express-routemap,extracted-with-diagnostics,1,1,1,0,5
express-routes-versioning,extracted-with-diagnostics,2,1,1,0,5
express-sanitized,extracted-with-diagnostics,1,1,1,0,5
express-serve-static-core,extracted-with-diagnostics,1894,1,1,0,5
express-session,extracted-with-diagnostics,209,1,1,0,5
express-simple-locale,extracted-with-diagnostics,1,1,1,0,5
express-sitemap-xml,extracted-with-diagnostics,2,1,1,0,5
express-socket.io-session,extracted-with-diagnostics,3,1,1,0,6
express-sse,extracted-with-diagnostics,40,1,1,0,5
express-sslify,extracted-with-diagnostics,1,1,1,0,5
express-status-monitor,extracted-with-diagnostics,1,1,1,0,6
express-to-koa,extracted-with-diagnostics,1,1,1,0,5
express-ua-middleware,extracted-with-diagnostics,1,1,1,0,5
express-useragent,extracted-with-diagnostics,35,1,1,0,5
express-version-request,extracted-with-diagnostics,6,1,1,0,5
express-version-route,extracted-with-diagnostics,1,1,1,0,5
express-wechat-access,extracted-with-diagnostics,17,1,1,0,5
express-ws,extracted-with-diagnostics,16,1,1,0,5
express-ws-routes,extracted-with-diagnostics,1122,1,1,0,5
express-xml-bodyparser,extracted-with-diagnostics,1,1,1,0,5
express-xss-sanitizer,extracted,2,1,1,0,0
extend,extracted,10,1,1,0,0
extensible-duck,extracted,14,1,1,0,0
extjs,extracted,0,1,1,0,0
extra-watch-webpack-plugin,extracted-with-diagnostics,0,1,1,0,8
extract-domain,extracted,2,1,1,0,0
extract-files,extracted,3,3,3,0,0
extract-text-webpack-plugin,extracted-with-diagnostics,3,1,1,0,9
extsprintf,extracted,4,1,1,0,0
eyes,extracted-with-diagnostics,3,1,1,0,5
eyevinn-iaf,extracted-with-diagnostics,16,1,1,0,5
ez-plus,extracted,0,1,1,0,0
ezuikit-js,extracted,18,1,1,0,0
f1,extracted-with-diagnostics,52,1,1,0,5
fabric,extracted,3265,1,1,0,0
facebook-instant-games,extracted,0,1,1,0,0
facebook-js-sdk,extracted,0,1,1,0,0
facebook-locales,extracted,1,1,1,0,0
facebook-nodejs-business-sdk,extracted,22737,1,1,0,0
facebook-pixel,extracted,0,1,1,0,0
facepaint,extracted,2,1,1,0,0
factory-girl,extracted,146,1,1,0,0
factory-girl-objection-adapter,extracted,8,1,1,0,0
fail-on-errors-webpack-plugin,extracted-with-diagnostics,0,1,1,0,8
fake-diff,extracted,1,1,1,0,0
fake-lodash-pure-js,extracted,3,1,1,0,0
fake-useragent,extracted,1,1,1,0,0
falafel,extracted-with-diagnostics,2,1,1,0,5
falcor,extracted,56,1,1,0,0
falcor-express,extracted-with-diagnostics,1,1,1,0,5
falcor-http-datasource,extracted,8,1,1,0,0
falcor-json-graph,extracted,5,1,1,0,0
falcor-router,extracted,20,1,1,0,0
famous,extracted,1189,1,1,0,0
fancade-editor,extracted,0,1,1,0,0
fancy-log,extracted,5,1,1,0,0
fancybox,extracted,0,1,1,0,0
farbtastic,extracted,0,1,1,0,0
fast-als,extracted,7,1,1,0,0
fast-astar,extracted,4,1,1,0,0
fast-chunk-string,extracted,1,1,1,0,0
fast-crc32c,extracted-with-diagnostics,1,1,1,0,5
fast-decode-uri-component,extracted,1,1,1,0,0
fast-fifo,extracted,18,1,1,0,0
fast-html-parser,extracted,36,1,1,0,0
fast-isnumeric,extracted,1,1,1,0,0
fast-levenshtein,extracted,1,1,1,0,0
fast-list,extracted,13,1,1,0,0
fast-memory-cache,extracted,8,1,1,0,0
fast-password-entropy,extracted,1,1,1,0,0
fast-ratelimit,extracted,5,1,1,0,0
fast-redact,extracted,4,1,1,0,0
fast-stable-stringify,extracted,1,1,1,0,0
fast-stats,extracted,19,1,1,0,0
fast-text-encoding,extracted,0,1,1,0,0
fast64,extracted,6,1,1,0,0
fast9,extracted,4,1,1,0,0
fastbitset,extracted,54,1,1,0,0
fastclick,extracted,2,1,1,0,0
fastestsmallesttextencoderdecoder,extracted,5,1,1,0,0
fastify-user-agent,extracted-with-diagnostics,1,1,1,0,1
favico.js,extracted,0,1,1,0,0
fb-watchman,extracted-with-diagnostics,119,1,1,0,5
fbdl-core,extracted-with-diagnostics,4,1,1,0,5
fbemitter,extracted,8,1,1,0,0
fbjs,extracted,0,1,1,0,0
fbt,extracted-with-diagnostics,62,1,1,0,1
feather-icons,extracted,2,1,1,0,0
feather-route-matcher,extracted,1,1,1,0,0
featherlight,extracted,0,1,1,0,0
feathersjs__authentication-jwt,extracted-with-diagnostics,20,1,1,0,6
feathersjs__authentication-oauth1,extracted-with-diagnostics,11,1,1,0,6
feathersjs__authentication-oauth2,extracted-with-diagnostics,12,1,1,0,6
feathersjs__socket-commons,extracted-with-diagnostics,4,1,1,0,1
feflow__cli,extracted-with-diagnostics,0,1,1,0,5
fernet,extracted,57,1,1,0,0
fetch-meta-tags,extracted,1,1,1,0,0
fetch.io,extracted,40,1,1,0,0
ffbinaries,extracted,11,1,1,0,0
ffi,extracted-with-diagnostics,539,1,1,0,5
ffi-napi,extracted-with-diagnostics,5579,1,1,0,5
ffmpeg,extracted,1,1,1,0,0
ffmpeg-concat,extracted,1,1,1,0,0
ffmpeg.js,extracted,9,1,1,0,0
ffmpeg__libav-core,extracted,1,1,1,0,0
ffprobe,extracted,2,1,1,0,0
ffprobe-static,extracted,0,1,1,0,0
fg-loadcss,extracted,1,1,1,0,0
fhir,extracted,0,1,1,0,0
fhir-js-client,extracted,0,1,1,0,0
fibers,extracted,6,1,1,0,0
fibjs,extracted,3388,1,1,0,0
field,extracted,2,1,1,0,0
figlet,extracted,16,1,1,0,0
figma,extracted-with-diagnostics,0,1,1,0,1
file-exists,extracted-with-diagnostics,6,1,1,0,5
file-fetch,extracted-with-diagnostics,2,1,1,0,6
file-loader,extracted-with-diagnostics,1,1,1,0,8
file-manager,extracted-with-diagnostics,44,1,1,0,5
file-saver,extracted,6,1,1,0,0
file-saver-es,extracted,2,1,1,0,0
file-size,extracted,1,1,1,0,0
filemaker-webviewer,extracted,0,1,1,0,0
filename-reserved-regex,extracted,2,1,1,0,0
filesize-parser,extracted,1,1,1,0,0
filestack-react,extracted-with-diagnostics,3,1,1,0,3
filesystem,extracted,0,1,1,0,0
filewriter,extracted,0,1,1,0,0
filing-cabinet,extracted,3,1,1,0,0
fill-pdf,extracted-with-diagnostics,2,1,1,0,5
fill-range,extracted,2,1,1,0,0
filter-css,extracted,2,1,1,0,0
final-form-focus,extracted-with-diagnostics,5,1,1,0,1
final-form-set-field-data,extracted-with-diagnostics,0,1,1,0,1
final-form-set-field-touched,extracted-with-diagnostics,0,1,1,0,1
finalhandler,extracted-with-diagnostics,1,1,1,0,5
finch,extracted,0,1,1,0,0
find,extracted,15,1,1,0,0
find-config,extracted,4,1,1,0,0
find-down,extracted,1,1,1,0,0
find-duplicated-property-keys,extracted,7,1,1,0,0
find-exec,extracted,2,1,1,0,0
find-imports,extracted,1,1,1,0,0
find-in-files,extracted,2,1,1,0,0
find-node-modules,extracted,1,1,1,0,0
find-package-json,extracted-with-diagnostics,2,1,1,0,5
find-parent-dir,extracted,2,1,1,0,0
find-pkg,extracted,3,1,1,0,0
find-pkg-dir,extracted,1,1,1,0,0
find-project-root,extracted,1,1,1,0,0
find-remove,extracted,1,1,1,0,0
find-replace,extracted,2,1,1,0,0
find-root,extracted,1,1,1,0,0
find-test-names,extracted,13,1,1,0,0
find-unused-sass-variables,extracted,2,1,1,0,0
findandreplacedomtext,extracted,1,1,1,0,0
findup-sync,extracted,1,1,1,0,0
fined,extracted,1,1,1,0,0
fingerpose,extracted,16,1,1,0,0
firebase-client,extracted,14,1,1,0,0
firebase-token-generator,extracted,1,1,1,0,0
firebird,extracted-with-diagnostics,1911,1,1,0,5
firefox,extracted,0,1,1,0,0
firefox-webext-browser,extracted,0,1,1,0,0
firemonkey-browser,extracted,0,1,1,0,0
fireo,extracted,96,1,1,0,0
firmata,extracted-with-diagnostics,136,1,1,0,6
first-mate,extracted,23,1,1,0,0
firstline,extracted-with-diagnostics,1,1,1,0,5
fitbit-asap,extracted,12,1,1,0,0
fitbit-weather,extracted,2,1,1,0,0
fitfont,extracted,2,1,1,0,0
fitvids,extracted,2,1,1,0,0
fixed-data-table,extracted-with-diagnostics,20,1,1,0,1
fixed-data-table-2,extracted-with-diagnostics,35,1,1,0,1
flagged-respawn,extracted-with-diagnostics,3,1,1,0,5
flake-idgen,extracted-with-diagnostics,2,1,1,0,5
flashpoint-launcher,extracted,115,1,1,0,0
flat,extracted,3,1,1,0,0
flat-cache,extracted,15,1,1,0,0
flat-tree,extracted,32,1,1,0,0
fleximap,extracted,19,1,1,0,0
flexslider,extracted,0,1,1,0,0
flickity,extracted,43,1,1,0,0
flight,extracted,0,1,1,0,0
flightplan,extracted,0,1,1,0,0
flipsnap,extracted,0,1,1,0,0
float-equal,extracted,1,1,1,0,0
float-regex,extracted,0,1,1,0,0
floreal,extracted,26,1,1,0,0
flot,extracted,0,1,1,0,0
flowjs,extracted,105,1,1,0,0
flowjs__flow.js,extracted,36,1,1,0,0
floyd-steinberg,extracted,1,1,1,0,0
flubber,extracted,11,1,1,0,0
fluent,extracted,20,1,1,0,0
fluent-ffmpeg,extracted-with-diagnostics,293,1,1,0,5
fluent-langneg,extracted,1,1,1,0,0
fluent-react,extracted-with-diagnostics,18,1,1,0,1
flush-write-stream,extracted-with-diagnostics,6,1,1,0,5
flushable,extracted,5,1,1,0,0
flutterwave-node,extracted-with-diagnostics,138,1,1,0,1
flux,extracted,11,1,1,0,0
fluxible,extracted-with-diagnostics,22,1,1,0,5
fluxible-addons-react,extracted-with-diagnostics,2,1,1,0,6
fluxible-router,extracted-with-diagnostics,108,1,1,0,6
fluxxor,extracted-with-diagnostics,29,1,1,0,2
fm-websync,extracted,0,1,1,0,0
fnando__sparkline,extracted,4,1,1,0,0
fnv-lite,extracted,6,1,1,0,0
fnv-plus,extracted,18,1,1,0,0
focus-group,extracted,11,1,1,0,0
focus-within,extracted,1,1,1,0,0
fold-to-ascii,extracted,2,1,1,0,0
folder-hash,extracted,4,1,1,0,0
folder-walker,extracted-with-diagnostics,8,1,1,0,5
foldify,extracted,3,1,1,0,0
follow-redirects,extracted-with-diagnostics,1320,1,1,0,5
font-carrier,extracted-with-diagnostics,61,1,1,0,5
fontagon,extracted-with-diagnostics,1,1,1,0,6
fontfaceobserver,extracted,1,1,1,0,0
fontkit,extracted-with-diagnostics,32,1,1,0,5
fontmin,extracted-with-diagnostics,42,1,1,0,5
fontname,extracted,2,1,1,0,0
fontoxml,extracted,0,1,1,0,0
for-each,extracted,4,1,1,0,0
foreach,extracted,2,1,1,0,0
foreground-child,extracted,4,1,1,0,0
forever-agent,extracted-with-diagnostics,111,1,1,0,5
forever-monitor,extracted-with-diagnostics,104,1,1,0,5
forge-apis,extracted-with-diagnostics,311,1,1,0,5
forge-viewer,extracted,0,1,1,0,0
form-serialize,extracted,3,1,1,0,0
form-serializer,extracted,0,1,1,0,0
format-duration,extracted,1,1,1,0,0
format-io,extracted,4,1,1,0,0
format-link-header,extracted,1,1,1,0,0
format-thousands,extracted,1,1,1,0,0
format-unicorn,extracted,0,1,1,0,0
format-util,extracted,1,1,1,0,0
formatcoords,extracted,3,1,1,0,0
formdata,extracted-with-diagnostics,8,1,1,0,5
formidable,extracted-with-diagnostics,2136,1,1,0,5
formol,extracted-with-diagnostics,15,1,1,0,1
forms,extracted-with-diagnostics,58,1,1,0,5
formulon,extracted,3,1,1,0,0
forwarded,extracted-with-diagnostics,1,1,1,0,5
fossil-delta,extracted-with-diagnostics,3,1,1,0,5
foundation,extracted,0,1,1,0,0
foundation-datepicker,extracted,0,1,1,0,0
fparser,extracted,36,1,1,0,0
fps,extracted,1,1,1,0,0
fpsmeter,extracted,0,1,1,0,0
fragmented-store,extracted-with-diagnostics,1,1,1,0,1
frappe-gantt,extracted,23,1,1,0,0
frctl__fractal,extracted-with-diagnostics,5511,1,1,0,5
frecency,extracted,4,1,1,0,0
freedom,extracted,0,1,1,0,0
freeport,extracted,1,1,1,0,0
french-badwords-list,extracted,0,1,1,0,0
fresh,extracted,1,1,1,0,0
fresh-tabula-js,extracted-with-diagnostics,6,1,1,0,5
freshy,extracted,3,1,1,0,0
frida-gum,extracted-with-diagnostics,0,1,1,0,2
friendly-errors-webpack-plugin,extracted-with-diagnostics,0,1,1,0,8
friendly-words,extracted,0,1,1,0,0
frisby,extracted-with-diagnostics,227,1,1,0,7
from,extracted-with-diagnostics,6,1,1,0,5
from2,extracted-with-diagnostics,37,1,1,0,5
fromjs,extracted,0,1,1,0,0
fs-cson,extracted-with-diagnostics,9,1,1,0,5
fs-ext,extracted-with-diagnostics,15,1,1,0,5
fs-extra,extracted-with-diagnostics,4588,2,2,0,10
fs-extra-promise,extracted-with-diagnostics,4473,1,1,0,6
fs-extra-promise-es6,extracted-with-diagnostics,3910,1,1,0,5
fs-finder,extracted,42,1,1,0,0
fs-minipass,extracted-with-diagnostics,18,1,1,0,7
fs-mock,extracted-with-diagnostics,200,1,1,0,5
fs-plus,extracted-with-diagnostics,4310,1,1,0,5
fs-readdir-recursive,extracted,1,1,1,0,0
fs-readfile-promise,extracted-with-diagnostics,2,1,1,0,5
fscreen,extracted,7,1,1,0,0
fslightbox-react,extracted-with-diagnostics,2,1,1,0,1
ft-poller,extracted,12,1,1,0,0
ftdomdelegate,extracted,0,1,1,0,0
ftp,extracted-with-diagnostics,112,1,1,0,5
ftpd,extracted-with-diagnostics,423,1,1,0,5
ftps,extracted,37,1,1,0,0
fullpage.js,extracted,0,1,1,0,0
function-bind,extracted,12,1,1,0,0
function.prototype.name,extracted,4,1,1,0,0
functional-red-black-tree,extracted,134,1,1,0,0
functions-have-names,extracted,3,1,1,0,0
fundamental-react,extracted-with-diagnostics,146,1,1,0,1
furigana-markdown-it,extracted,1,1,1,0,0
fusebit__add-on-sdk,extracted,11,1,1,0,0
fusebit__oauth-connector,extracted-with-diagnostics,10,1,1,0,5
fuzzaldrin,extracted,4,1,1,0,0
fuzzaldrin-plus,extracted,5,1,1,0,0
fuzzy-finder,extracted,1,1,1,0,0
fuzzy-search,extracted,3,1,1,0,0
fuzzysearch,extracted,1,1,1,0,0
fuzzysearch-highlight,extracted,1,1,1,0,0
fuzzyset,extracted,12,1,1,0,0
fuzzyset.js,extracted,10,1,1,0,0
fxjs,extracted,12,1,1,0,0
fxn,extracted-with-diagnostics,29,1,1,0,5
ga-gtag,extracted,3,1,1,0,0
gae.channel.api,extracted,0,1,1,0,0
gamedig,extracted,6,2,2,0,0
gamepad,extracted,24,1,1,0,0
gamequery,extracted,0,1,1,0,0
gandi-livedns,extracted,0,1,1,0,0
gapi,extracted,0,1,1,0,0
gapi.analytics,extracted,0,1,1,0,0
gapi.auth2,extracted,0,1,1,0,0
gapi.calendar,extracted,0,1,1,0,0
gapi.client,extracted,0,1,1,0,0
gapi.client.abusiveexperiencereport-v1,extracted-with-diagnostics,0,1,1,0,1
gapi.client.acceleratedmobilepageurl-v1,extracted-with-diagnostics,0,1,1,0,1
gapi.client.accessapproval-v1,extracted-with-diagnostics,0,1,1,0,1
gapi.client.accesscontextmanager-v1,extracted-with-diagnostics,0,1,1,0,1
gapi.client.acmedns-v1,extracted-with-diagnostics,0,1,1,0,1
gapi.client.addressvalidation-v1,extracted-with-diagnostics,0,1,1,0,1
gapi.client.adexchangebuyer2-v2beta1,extracted-with-diagnostics,0,1,1,0,1
gapi.client.adexperiencereport-v1,extracted-with-diagnostics,0,1,1,0,1
gapi.client.admin-datatransfer_v1,extracted-with-diagnostics,0,1,1,0,1
gapi.client.admin-directory_v1,extracted-with-diagnostics,0,1,1,0,1
gapi.client.admin-reports_v1,extracted-with-diagnostics,0,1,1,0,1
gapi.client.admob-v1,extracted-with-diagnostics,0,1,1,0,1
gapi.client.admob-v1beta,extracted-with-diagnostics,0,1,1,0,1
gapi.client.adsense-v2,extracted-with-diagnostics,0,1,1,0,1
gapi.client.adsensehost-v4.1,extracted-with-diagnostics,0,1,1,0,1
gapi.client.advisorynotifications-v1,extracted-with-diagnostics,0,1,1,0,1
gapi.client.aiplatform-v1,extracted-with-diagnostics,0,1,1,0,1
gapi.client.aiplatform-v1beta1,extracted-with-diagnostics,0,1,1,0,1
gapi.client.airquality-v1,extracted-with-diagnostics,0,1,1,0,1
gapi.client.alertcenter-v1beta1,extracted-with-diagnostics,0,1,1,0,1
gapi.client.alloydb-v1,extracted-with-diagnostics,0,1,1,0,1
gapi.client.alloydb-v1alpha,extracted-with-diagnostics,0,1,1,0,1
gapi.client.alloydb-v1beta,extracted-with-diagnostics,0,1,1,0,1
gapi.client.analytics-v3,extracted-with-diagnostics,0,1,1,0,1
gapi.client.analyticsadmin-v1alpha,extracted-with-diagnostics,0,1,1,0,1
gapi.client.analyticsadmin-v1beta,extracted-with-diagnostics,0,1,1,0,1
gapi.client.analyticsdata-v1beta,extracted-with-diagnostics,0,1,1,0,1
gapi.client.analyticshub-v1,extracted-with-diagnostics,0,1,1,0,1
gapi.client.analyticshub-v1beta1,extracted-with-diagnostics,0,1,1,0,1
gapi.client.analyticsreporting-v4,extracted-with-diagnostics,0,1,1,0,1
gapi.client.androiddeviceprovisioning-v1,extracted-with-diagnostics,0,1,1,0,1
gapi.client.androidenterprise-v1,extracted-with-diagnostics,0,1,1,0,1
gapi.client.androidmanagement-v1,extracted-with-diagnostics,0,1,1,0,1
gapi.client.androidpublisher-v3,extracted-with-diagnostics,0,1,1,0,1
gapi.client.apigateway-v1,extracted-with-diagnostics,0,1,1,0,1
gapi.client.apigateway-v1beta,extracted-with-diagnostics,0,1,1,0,1
gapi.client.apigeeregistry-v1,extracted-with-diagnostics,0,1,1,0,1
gapi.client.apikeys-v2,extracted-with-diagnostics,0,1,1,0,1
gapi.client.apim-v1alpha,extracted-with-diagnostics,0,1,1,0,1
gapi.client.appengine-v1,extracted-with-diagnostics,0,1,1,0,1
gapi.client.appengine-v1alpha,extracted-with-diagnostics,0,1,1,0,1
gapi.client.appengine-v1beta,extracted-with-diagnostics,0,1,1,0,1
gapi.client.apphub-v1,extracted-with-diagnostics,0,1,1,0,1
gapi.client.apphub-v1alpha,extracted-with-diagnostics,0,1,1,0,1
gapi.client.area120tables-v1alpha1,extracted-with-diagnostics,0,1,1,0,1
gapi.client.artifactregistry-v1,extracted-with-diagnostics,0,1,1,0,1
gapi.client.artifactregistry-v1beta1,extracted-with-diagnostics,0,1,1,0,1
gapi.client.artifactregistry-v1beta2,extracted-with-diagnostics,0,1,1,0,1
gapi.client.assuredworkloads-v1,extracted-with-diagnostics,0,1,1,0,1
gapi.client.assuredworkloads-v1beta1,extracted-with-diagnostics,0,1,1,0,1
gapi.client.authorizedbuyersmarketplace-v1,extracted-with-diagnostics,0,1,1,0,1
gapi.client.backupdr-v1,extracted-with-diagnostics,0,1,1,0,1
gapi.client.baremetalsolution-v2,extracted-with-diagnostics,0,1,1,0,1
gapi.client.batch-v1,extracted-with-diagnostics,0,1,1,0,1
gapi.client.beyondcorp-v1,extracted-with-diagnostics,0,1,1,0,1
gapi.client.beyondcorp-v1alpha,extracted-with-diagnostics,0,1,1,0,1
gapi.client.biglake-v1,extracted-with-diagnostics,0,1,1,0,1
gapi.client.bigquery-v2,extracted-with-diagnostics,0,1,1,0,1
gapi.client.bigqueryconnection-v1,extracted-with-diagnostics,0,1,1,0,1
gapi.client.bigqueryconnection-v1beta1,extracted-with-diagnostics,0,1,1,0,1
gapi.client.bigquerydatapolicy-v1,extracted-with-diagnostics,0,1,1,0,1
gapi.client.bigquerydatatransfer-v1,extracted-with-diagnostics,0,1,1,0,1
gapi.client.bigqueryreservation-v1,extracted-with-diagnostics,0,1,1,0,1
gapi.client.bigtableadmin-v2,extracted-with-diagnostics,0,1,1,0,1
gapi.client.billingbudgets-v1,extracted-with-diagnostics,0,1,1,0,1
gapi.client.billingbudgets-v1beta1,extracted-with-diagnostics,0,1,1,0,1
gapi.client.binaryauthorization-v1,extracted-with-diagnostics,0,1,1,0,1
gapi.client.binaryauthorization-v1beta1,extracted-with-diagnostics,0,1,1,0,1
gapi.client.blockchainnodeengine-v1,extracted-with-diagnostics,0,1,1,0,1
gapi.client.blogger-v2,extracted-with-diagnostics,0,1,1,0,1
gapi.client.blogger-v3,extracted-with-diagnostics,0,1,1,0,1
gapi.client.books-v1,extracted-with-diagnostics,0,1,1,0,1
gapi.client.businessprofileperformance-v1,extracted-with-diagnostics,0,1,1,0,1
gapi.client.calendar-v3,extracted-with-diagnostics,0,1,1,0,1
gapi.client.certificatemanager-v1,extracted-with-diagnostics,0,1,1,0,1
gapi.client.chat-v1,extracted-with-diagnostics,0,1,1,0,1
gapi.client.checks-v1alpha,extracted-with-diagnostics,0,1,1,0,1
gapi.client.chromemanagement-v1,extracted-with-diagnostics,0,1,1,0,1
gapi.client.chromepolicy-v1,extracted-with-diagnostics,0,1,1,0,1
gapi.client.chromeuxreport-v1,extracted-with-diagnostics,0,1,1,0,1
gapi.client.civicinfo-v2,extracted-with-diagnostics,0,1,1,0,1
gapi.client.classroom-v1,extracted-with-diagnostics,0,1,1,0,1
gapi.client.cloudasset-v1,extracted-with-diagnostics,0,1,1,0,1
gapi.client.cloudasset-v1beta1,extracted-with-diagnostics,0,1,1,0,1
gapi.client.cloudasset-v1p1beta1,extracted-with-diagnostics,0,1,1,0,1
gapi.client.cloudasset-v1p5beta1,extracted-with-diagnostics,0,1,1,0,1
gapi.client.cloudasset-v1p7beta1,extracted-with-diagnostics,0,1,1,0,1
gapi.client.cloudbilling-v1,extracted-with-diagnostics,0,1,1,0,1
gapi.client.cloudbilling-v1beta,extracted-with-diagnostics,0,1,1,0,1
gapi.client.cloudbuild-v1,extracted-with-diagnostics,0,1,1,0,1
gapi.client.cloudbuild-v2,extracted-with-diagnostics,0,1,1,0,1
gapi.client.cloudchannel-v1,extracted-with-diagnostics,0,1,1,0,1
gapi.client.cloudcontrolspartner-v1,extracted-with-diagnostics,0,1,1,0,1
gapi.client.cloudcontrolspartner-v1beta,extracted-with-diagnostics,0,1,1,0,1
gapi.client.clouddeploy-v1,extracted-with-diagnostics,0,1,1,0,1
gapi.client.clouderrorreporting-v1beta1,extracted-with-diagnostics,0,1,1,0,1
gapi.client.cloudfunctions-v1,extracted-with-diagnostics,0,1,1,0,1
gapi.client.cloudfunctions-v2,extracted-with-diagnostics,0,1,1,0,1
gapi.client.cloudfunctions-v2alpha,extracted-with-diagnostics,0,1,1,0,1
gapi.client.cloudfunctions-v2beta,extracted-with-diagnostics,0,1,1,0,1
gapi.client.cloudidentity-v1,extracted-with-diagnostics,0,1,1,0,1
gapi.client.cloudidentity-v1beta1,extracted-with-diagnostics,0,1,1,0,1
gapi.client.cloudkms-v1,extracted-with-diagnostics,0,1,1,0,1
gapi.client.cloudprofiler-v2,extracted-with-diagnostics,0,1,1,0,1
gapi.client.cloudresourcemanager-v1,extracted-with-diagnostics,0,1,1,0,1
gapi.client.cloudresourcemanager-v1beta1,extracted-with-diagnostics,0,1,1,0,1
gapi.client.cloudresourcemanager-v2,extracted-with-diagnostics,0,1,1,0,1
gapi.client.cloudresourcemanager-v2beta1,extracted-with-diagnostics,0,1,1,0,1
gapi.client.cloudresourcemanager-v3,extracted-with-diagnostics,0,1,1,0,1
gapi.client.cloudscheduler-v1,extracted-with-diagnostics,0,1,1,0,1
gapi.client.cloudscheduler-v1beta1,extracted-with-diagnostics,0,1,1,0,1
gapi.client.cloudsearch-v1,extracted-with-diagnostics,0,1,1,0,1
gapi.client.cloudshell-v1,extracted-with-diagnostics,0,1,1,0,1
gapi.client.cloudsupport-v2,extracted-with-diagnostics,0,1,1,0,1
gapi.client.cloudsupport-v2beta,extracted-with-diagnostics,0,1,1,0,1
gapi.client.cloudtasks-v2,extracted-with-diagnostics,0,1,1,0,1
gapi.client.cloudtasks-v2beta2,extracted-with-diagnostics,0,1,1,0,1
gapi.client.cloudtasks-v2beta3,extracted-with-diagnostics,0,1,1,0,1
gapi.client.cloudtrace-v1,extracted-with-diagnostics,0,1,1,0,1
gapi.client.cloudtrace-v2,extracted-with-diagnostics,0,1,1,0,1
gapi.client.cloudtrace-v2beta1,extracted-with-diagnostics,0,1,1,0,1
gapi.client.composer-v1,extracted-with-diagnostics,0,1,1,0,1
gapi.client.composer-v1beta1,extracted-with-diagnostics,0,1,1,0,1
gapi.client.compute-alpha,extracted-with-diagnostics,0,1,1,0,1
gapi.client.compute-beta,extracted-with-diagnostics,0,1,1,0,1
gapi.client.compute-v1,extracted-with-diagnostics,0,1,1,0,1
gapi.client.config-v1,extracted-with-diagnostics,0,1,1,0,1
gapi.client.connectors-v1,extracted-with-diagnostics,0,1,1,0,1
gapi.client.connectors-v2,extracted-with-diagnostics,0,1,1,0,1
gapi.client.contactcenteraiplatform-v1alpha1,extracted-with-diagnostics,0,1,1,0,1
gapi.client.contactcenterinsights-v1,extracted-with-diagnostics,0,1,1,0,1
gapi.client.container-v1,extracted-with-diagnostics,0,1,1,0,1
gapi.client.container-v1beta1,extracted-with-diagnostics,0,1,1,0,1
gapi.client.containeranalysis-v1,extracted-with-diagnostics,0,1,1,0,1
gapi.client.containeranalysis-v1alpha1,extracted-with-diagnostics,0,1,1,0,1
gapi.client.containeranalysis-v1beta1,extracted-with-diagnostics,0,1,1,0,1
gapi.client.content-v2.1,extracted-with-diagnostics,0,1,1,0,1
gapi.client.contentwarehouse-v1,extracted-with-diagnostics,0,1,1,0,1
gapi.client.customsearch-v1,extracted-with-diagnostics,0,1,1,0,1
gapi.client.datacatalog-v1,extracted-with-diagnostics,0,1,1,0,1
gapi.client.datacatalog-v1beta1,extracted-with-diagnostics,0,1,1,0,1
gapi.client.dataflow-v1b3,extracted-with-diagnostics,0,1,1,0,1
gapi.client.dataform-v1beta1,extracted-with-diagnostics,0,1,1,0,1
gapi.client.datafusion-v1,extracted-with-diagnostics,0,1,1,0,1
gapi.client.datafusion-v1beta1,extracted-with-diagnostics,0,1,1,0,1
gapi.client.datalabeling-v1beta1,extracted-with-diagnostics,0,1,1,0,1
gapi.client.datalineage-v1,extracted-with-diagnostics,0,1,1,0,1
gapi.client.datamigration-v1,extracted-with-diagnostics,0,1,1,0,1
gapi.client.datamigration-v1beta1,extracted-with-diagnostics,0,1,1,0,1
gapi.client.datapipelines-v1,extracted-with-diagnostics,0,1,1,0,1
gapi.client.dataplex-v1,extracted-with-diagnostics,0,1,1,0,1
gapi.client.dataportability-v1,extracted-with-diagnostics,0,1,1,0,1
gapi.client.dataportability-v1beta,extracted-with-diagnostics,0,1,1,0,1
gapi.client.dataproc-v1,extracted-with-diagnostics,0,1,1,0,1
gapi.client.datastore-v1,extracted-with-diagnostics,0,1,1,0,1
gapi.client.datastore-v1beta1,extracted-with-diagnostics,0,1,1,0,1
gapi.client.datastore-v1beta3,extracted-with-diagnostics,0,1,1,0,1
gapi.client.datastream-v1,extracted-with-diagnostics,0,1,1,0,1
gapi.client.datastream-v1alpha1,extracted-with-diagnostics,0,1,1,0,1
gapi.client.deploymentmanager-alpha,extracted-with-diagnostics,0,1,1,0,1
gapi.client.deploymentmanager-v2,extracted-with-diagnostics,0,1,1,0,1
gapi.client.deploymentmanager-v2beta,extracted-with-diagnostics,0,1,1,0,1
gapi.client.developerconnect-v1,extracted-with-diagnostics,0,1,1,0,1
gapi.client.dfareporting-v3.5,extracted-with-diagnostics,0,1,1,0,1
gapi.client.dfareporting-v4,extracted-with-diagnostics,0,1,1,0,1
gapi.client.dialogflow-v2,extracted-with-diagnostics,0,1,1,0,1
gapi.client.dialogflow-v2beta1,extracted-with-diagnostics,0,1,1,0,1
gapi.client.dialogflow-v3,extracted-with-diagnostics,0,1,1,0,1
gapi.client.dialogflow-v3beta1,extracted-with-diagnostics,0,1,1,0,1
gapi.client.digitalassetlinks-v1,extracted-with-diagnostics,0,1,1,0,1
gapi.client.discovery-v1,extracted-with-diagnostics,0,1,1,0,1
gapi.client.discoveryengine-v1,extracted-with-diagnostics,0,1,1,0,1
gapi.client.discoveryengine-v1alpha,extracted-with-diagnostics,0,1,1,0,1
gapi.client.discoveryengine-v1beta,extracted-with-diagnostics,0,1,1,0,1
gapi.client.displayvideo-v2,extracted-with-diagnostics,0,1,1,0,1
gapi.client.displayvideo-v3,extracted-with-diagnostics,0,1,1,0,1
gapi.client.dlp-v2,extracted-with-diagnostics,0,1,1,0,1
gapi.client.dns-v1,extracted-with-diagnostics,0,1,1,0,1
gapi.client.dns-v1beta2,extracted-with-diagnostics,0,1,1,0,1
gapi.client.docs-v1,extracted-with-diagnostics,0,1,1,0,1
gapi.client.documentai-v1,extracted-with-diagnostics,0,1,1,0,1
gapi.client.documentai-v1beta2,extracted-with-diagnostics,0,1,1,0,1
gapi.client.documentai-v1beta3,extracted-with-diagnostics,0,1,1,0,1
gapi.client.domains-v1,extracted-with-diagnostics,0,1,1,0,1
gapi.client.domains-v1alpha2,extracted-with-diagnostics,0,1,1,0,1
gapi.client.domains-v1beta1,extracted-with-diagnostics,0,1,1,0,1
gapi.client.domainsrdap-v1,extracted-with-diagnostics,0,1,1,0,1
gapi.client.doubleclickbidmanager-v2,extracted-with-diagnostics,0,1,1,0,1
gapi.client.doubleclicksearch-v2,extracted-with-diagnostics,0,1,1,0,1
gapi.client.drive-v2,extracted-with-diagnostics,0,1,1,0,1
gapi.client.drive-v3,extracted-with-diagnostics,0,1,1,0,1
gapi.client.driveactivity-v2,extracted-with-diagnostics,0,1,1,0,1
gapi.client.drivelabels-v2,extracted-with-diagnostics,0,1,1,0,1
gapi.client.drivelabels-v2beta,extracted-with-diagnostics,0,1,1,0,1
gapi.client.essentialcontacts-v1,extracted-with-diagnostics,0,1,1,0,1
gapi.client.eventarc-v1,extracted-with-diagnostics,0,1,1,0,1
gapi.client.factchecktools-v1alpha1,extracted-with-diagnostics,0,1,1,0,1
gapi.client.fcm-v1,extracted-with-diagnostics,0,1,1,0,1
gapi.client.fcmdata-v1beta1,extracted-with-diagnostics,0,1,1,0,1
gapi.client.file-v1,extracted-with-diagnostics,0,1,1,0,1
gapi.client.file-v1beta1,extracted-with-diagnostics,0,1,1,0,1
gapi.client.firebase-v1beta1,extracted-with-diagnostics,0,1,1,0,1
gapi.client.firebaseappcheck-v1,extracted-with-diagnostics,0,1,1,0,1
gapi.client.firebaseappcheck-v1beta,extracted-with-diagnostics,0,1,1,0,1
gapi.client.firebaseappdistribution-v1,extracted-with-diagnostics,0,1,1,0,1
gapi.client.firebaseappdistribution-v1alpha,extracted-with-diagnostics,0,1,1,0,1
gapi.client.firebasedatabase-v1beta,extracted-with-diagnostics,0,1,1,0,1
gapi.client.firebasedynamiclinks-v1,extracted-with-diagnostics,0,1,1,0,1
gapi.client.firebasehosting-v1,extracted-with-diagnostics,0,1,1,0,1
gapi.client.firebasehosting-v1beta1,extracted-with-diagnostics,0,1,1,0,1
gapi.client.firebaseml-v1,extracted-with-diagnostics,0,1,1,0,1
gapi.client.firebaseml-v1beta2,extracted-with-diagnostics,0,1,1,0,1
gapi.client.firebaseml-v2beta,extracted-with-diagnostics,0,1,1,0,1
gapi.client.firebaserules-v1,extracted-with-diagnostics,0,1,1,0,1
gapi.client.firebasestorage-v1beta,extracted-with-diagnostics,0,1,1,0,1
gapi.client.firestore-v1,extracted-with-diagnostics,0,1,1,0,1
gapi.client.firestore-v1beta1,extracted-with-diagnostics,0,1,1,0,1
gapi.client.firestore-v1beta2,extracted-with-diagnostics,0,1,1,0,1
gapi.client.fitness-v1,extracted-with-diagnostics,0,1,1,0,1
gapi.client.forms-v1,extracted-with-diagnostics,0,1,1,0,1
gapi.client.games-v1,extracted-with-diagnostics,0,1,1,0,1
gapi.client.games_configuration-v1configuration,extracted-with-diagnostics,0,1,1,0,1
gapi.client.games_management-v1management,extracted-with-diagnostics,0,1,1,0,1
gapi.client.gkebackup-v1,extracted-with-diagnostics,0,1,1,0,1
gapi.client.gkehub-v1,extracted-with-diagnostics,0,1,1,0,1
gapi.client.gkehub-v1alpha,extracted-with-diagnostics,0,1,1,0,1
gapi.client.gkehub-v1beta,extracted-with-diagnostics,0,1,1,0,1
gapi.client.gkehub-v1beta1,extracted-with-diagnostics,0,1,1,0,1
gapi.client.gkehub-v2alpha,extracted-with-diagnostics,0,1,1,0,1
gapi.client.gkeonprem-v1,extracted-with-diagnostics,0,1,1,0,1
gapi.client.gmail-v1,extracted-with-diagnostics,0,1,1,0,1
gapi.client.gmailpostmastertools-v1,extracted-with-diagnostics,0,1,1,0,1
gapi.client.gmailpostmastertools-v1beta1,extracted-with-diagnostics,0,1,1,0,1
gapi.client.googleads-v14,extracted-with-diagnostics,0,1,1,0,1
gapi.client.googleads-v15,extracted-with-diagnostics,0,1,1,0,1
gapi.client.googleads-v16,extracted-with-diagnostics,0,1,1,0,1
gapi.client.googleads-v17,extracted-with-diagnostics,0,1,1,0,1
gapi.client.groupsmigration-v1,extracted-with-diagnostics,0,1,1,0,1
gapi.client.groupssettings-v1,extracted-with-diagnostics,0,1,1,0,1
gapi.client.healthcare-v1,extracted-with-diagnostics,0,1,1,0,1
gapi.client.healthcare-v1beta1,extracted-with-diagnostics,0,1,1,0,1
gapi.client.homegraph-v1,extracted-with-diagnostics,0,1,1,0,1
gapi.client.iam-v1,extracted-with-diagnostics,0,1,1,0,1
gapi.client.iam-v2,extracted-with-diagnostics,0,1,1,0,1
gapi.client.iam-v2beta,extracted-with-diagnostics,0,1,1,0,1
gapi.client.iamcredentials-v1,extracted-with-diagnostics,0,1,1,0,1
gapi.client.iap-v1,extracted-with-diagnostics,0,1,1,0,1
gapi.client.iap-v1beta1,extracted-with-diagnostics,0,1,1,0,1
gapi.client.identitytoolkit-v1,extracted-with-diagnostics,0,1,1,0,1
gapi.client.identitytoolkit-v2,extracted-with-diagnostics,0,1,1,0,1
gapi.client.identitytoolkit-v3,extracted-with-diagnostics,0,1,1,0,1
gapi.client.ids-v1,extracted-with-diagnostics,0,1,1,0,1
gapi.client.indexing-v3,extracted-with-diagnostics,0,1,1,0,1
gapi.client.integrations-v1,extracted-with-diagnostics,0,1,1,0,1
gapi.client.jobs-v3,extracted-with-diagnostics,0,1,1,0,1
gapi.client.jobs-v3p1beta1,extracted-with-diagnostics,0,1,1,0,1
gapi.client.jobs-v4,extracted-with-diagnostics,0,1,1,0,1
gapi.client.keep-v1,extracted-with-diagnostics,0,1,1,0,1
gapi.client.kgsearch-v1,extracted-with-diagnostics,0,1,1,0,1
gapi.client.kmsinventory-v1,extracted-with-diagnostics,0,1,1,0,1
gapi.client.language-v1,extracted-with-diagnostics,0,1,1,0,1
gapi.client.language-v1beta2,extracted-with-diagnostics,0,1,1,0,1
gapi.client.language-v2,extracted-with-diagnostics,0,1,1,0,1
gapi.client.libraryagent-v1,extracted-with-diagnostics,0,1,1,0,1
gapi.client.licensing-v1,extracted-with-diagnostics,0,1,1,0,1
gapi.client.lifesciences-v2beta,extracted-with-diagnostics,0,1,1,0,1
gapi.client.localservices-v1,extracted-with-diagnostics,0,1,1,0,1
gapi.client.logging-v2,extracted-with-diagnostics,0,1,1,0,1
gapi.client.looker-v1,extracted-with-diagnostics,0,1,1,0,1
gapi.client.managedidentities-v1,extracted-with-diagnostics,0,1,1,0,1
gapi.client.managedidentities-v1alpha1,extracted-with-diagnostics,0,1,1,0,1
gapi.client.managedidentities-v1beta1,extracted-with-diagnostics,0,1,1,0,1
gapi.client.manufacturers-v1,extracted-with-diagnostics,0,1,1,0,1
gapi.client.marketingplatformadmin-v1alpha,extracted-with-diagnostics,0,1,1,0,1
gapi.client.meet-v2,extracted-with-diagnostics,0,1,1,0,1
gapi.client.memcache-v1,extracted-with-diagnostics,0,1,1,0,1
gapi.client.memcache-v1beta2,extracted-with-diagnostics,0,1,1,0,1
gapi.client.merchantapi-accounts_v1beta,extracted-with-diagnostics,0,1,1,0,1
gapi.client.merchantapi-conversions_v1beta,extracted-with-diagnostics,0,1,1,0,1
gapi.client.merchantapi-datasources_v1beta,extracted-with-diagnostics,0,1,1,0,1
gapi.client.merchantapi-inventories_v1beta,extracted-with-diagnostics,0,1,1,0,1
gapi.client.merchantapi-lfp_v1beta,extracted-with-diagnostics,0,1,1,0,1
gapi.client.merchantapi-notifications_v1beta,extracted-with-diagnostics,0,1,1,0,1
gapi.client.merchantapi-products_v1beta,extracted-with-diagnostics,0,1,1,0,1
gapi.client.merchantapi-promotions_v1beta,extracted-with-diagnostics,0,1,1,0,1
gapi.client.merchantapi-quota_v1beta,extracted-with-diagnostics,0,1,1,0,1
gapi.client.merchantapi-reports_v1beta,extracted-with-diagnostics,0,1,1,0,1
gapi.client.metastore-v1,extracted-with-diagnostics,0,1,1,0,1
gapi.client.metastore-v1alpha,extracted-with-diagnostics,0,1,1,0,1
gapi.client.metastore-v1beta,extracted-with-diagnostics,0,1,1,0,1
gapi.client.migrationcenter-v1,extracted-with-diagnostics,0,1,1,0,1
gapi.client.migrationcenter-v1alpha1,extracted-with-diagnostics,0,1,1,0,1
gapi.client.ml-v1,extracted-with-diagnostics,0,1,1,0,1
gapi.client.monitoring-v1,extracted-with-diagnostics,0,1,1,0,1
gapi.client.monitoring-v3,extracted-with-diagnostics,0,1,1,0,1
gapi.client.mybusinessaccountmanagement-v1,extracted-with-diagnostics,0,1,1,0,1
gapi.client.mybusinessbusinessinformation-v1,extracted-with-diagnostics,0,1,1,0,1
gapi.client.mybusinesslodging-v1,extracted-with-diagnostics,0,1,1,0,1
gapi.client.mybusinessnotifications-v1,extracted-with-diagnostics,0,1,1,0,1
gapi.client.mybusinessplaceactions-v1,extracted-with-diagnostics,0,1,1,0,1
gapi.client.mybusinessqanda-v1,extracted-with-diagnostics,0,1,1,0,1
gapi.client.mybusinessverifications-v1,extracted-with-diagnostics,0,1,1,0,1
gapi.client.networkconnectivity-v1,extracted-with-diagnostics,0,1,1,0,1
gapi.client.networkconnectivity-v1alpha1,extracted-with-diagnostics,0,1,1,0,1
gapi.client.networkmanagement-v1,extracted-with-diagnostics,0,1,1,0,1
gapi.client.networkmanagement-v1beta1,extracted-with-diagnostics,0,1,1,0,1
gapi.client.networksecurity-v1,extracted-with-diagnostics,0,1,1,0,1
gapi.client.networksecurity-v1beta1,extracted-with-diagnostics,0,1,1,0,1
gapi.client.networkservices-v1,extracted-with-diagnostics,0,1,1,0,1
gapi.client.networkservices-v1beta1,extracted-with-diagnostics,0,1,1,0,1
gapi.client.notebooks-v1,extracted-with-diagnostics,0,1,1,0,1
gapi.client.notebooks-v2,extracted-with-diagnostics,0,1,1,0,1
gapi.client.oauth2-v2,extracted-with-diagnostics,0,1,1,0,1
gapi.client.ondemandscanning-v1,extracted-with-diagnostics,0,1,1,0,1
gapi.client.ondemandscanning-v1beta1,extracted-with-diagnostics,0,1,1,0,1
gapi.client.orgpolicy-v2,extracted-with-diagnostics,0,1,1,0,1
gapi.client.osconfig-v1,extracted-with-diagnostics,0,1,1,0,1
gapi.client.osconfig-v1alpha,extracted-with-diagnostics,0,1,1,0,1
gapi.client.osconfig-v1beta,extracted-with-diagnostics,0,1,1,0,1
gapi.client.oslogin-v1,extracted-with-diagnostics,0,1,1,0,1
gapi.client.oslogin-v1alpha,extracted-with-diagnostics,0,1,1,0,1
gapi.client.oslogin-v1beta,extracted-with-diagnostics,0,1,1,0,1
gapi.client.pagespeedonline-v5,extracted-with-diagnostics,0,1,1,0,1
gapi.client.paymentsresellersubscription-v1,extracted-with-diagnostics,0,1,1,0,1
gapi.client.people-v1,extracted-with-diagnostics,0,1,1,0,1
gapi.client.places-v1,extracted-with-diagnostics,0,1,1,0,1
gapi.client.playcustomapp-v1,extracted-with-diagnostics,0,1,1,0,1
gapi.client.playdeveloperreporting-v1alpha1,extracted-with-diagnostics,0,1,1,0,1
gapi.client.playdeveloperreporting-v1beta1,extracted-with-diagnostics,0,1,1,0,1
gapi.client.playgrouping-v1alpha1,extracted-with-diagnostics,0,1,1,0,1
gapi.client.playintegrity-v1,extracted-with-diagnostics,0,1,1,0,1
gapi.client.policyanalyzer-v1,extracted-with-diagnostics,0,1,1,0,1
gapi.client.policyanalyzer-v1beta1,extracted-with-diagnostics,0,1,1,0,1
gapi.client.policysimulator-v1,extracted-with-diagnostics,0,1,1,0,1
gapi.client.policysimulator-v1alpha,extracted-with-diagnostics,0,1,1,0,1
gapi.client.policysimulator-v1beta,extracted-with-diagnostics,0,1,1,0,1
gapi.client.policytroubleshooter-v1,extracted-with-diagnostics,0,1,1,0,1
gapi.client.policytroubleshooter-v1beta,extracted-with-diagnostics,0,1,1,0,1
gapi.client.pollen-v1,extracted-with-diagnostics,0,1,1,0,1
gapi.client.privateca-v1,extracted-with-diagnostics,0,1,1,0,1
gapi.client.privateca-v1beta1,extracted-with-diagnostics,0,1,1,0,1
gapi.client.prod_tt_sasportal-v1alpha1,extracted-with-diagnostics,0,1,1,0,1
gapi.client.publicca-v1,extracted-with-diagnostics,0,1,1,0,1
gapi.client.publicca-v1alpha1,extracted-with-diagnostics,0,1,1,0,1
gapi.client.publicca-v1beta1,extracted-with-diagnostics,0,1,1,0,1
gapi.client.pubsub-v1,extracted-with-diagnostics,0,1,1,0,1
gapi.client.pubsub-v1beta1a,extracted-with-diagnostics,0,1,1,0,1
gapi.client.pubsub-v1beta2,extracted-with-diagnostics,0,1,1,0,1
gapi.client.pubsublite-v1,extracted-with-diagnostics,0,1,1,0,1
gapi.client.rapidmigrationassessment-v1,extracted-with-diagnostics,0,1,1,0,1
gapi.client.readerrevenuesubscriptionlinking-v1,extracted-with-diagnostics,0,1,1,0,1
gapi.client.realtimebidding-v1,extracted-with-diagnostics,0,1,1,0,1
gapi.client.recaptchaenterprise-v1,extracted-with-diagnostics,0,1,1,0,1
gapi.client.recommendationengine-v1beta1,extracted-with-diagnostics,0,1,1,0,1
gapi.client.recommender-v1,extracted-with-diagnostics,0,1,1,0,1
gapi.client.recommender-v1beta1,extracted-with-diagnostics,0,1,1,0,1
gapi.client.redis-v1,extracted-with-diagnostics,0,1,1,0,1
gapi.client.redis-v1beta1,extracted-with-diagnostics,0,1,1,0,1
gapi.client.reseller-v1,extracted-with-diagnostics,0,1,1,0,1
gapi.client.resourcesettings-v1,extracted-with-diagnostics,0,1,1,0,1
gapi.client.retail-v2,extracted-with-diagnostics,0,1,1,0,1
gapi.client.retail-v2alpha,extracted-with-diagnostics,0,1,1,0,1
gapi.client.retail-v2beta,extracted-with-diagnostics,0,1,1,0,1
gapi.client.run-v1,extracted-with-diagnostics,0,1,1,0,1
gapi.client.run-v2,extracted-with-diagnostics,0,1,1,0,1
gapi.client.runtimeconfig-v1,extracted-with-diagnostics,0,1,1,0,1
gapi.client.runtimeconfig-v1beta1,extracted-with-diagnostics,0,1,1,0,1
gapi.client.safebrowsing-v4,extracted-with-diagnostics,0,1,1,0,1
gapi.client.safebrowsing-v5,extracted-with-diagnostics,0,1,1,0,1
gapi.client.sasportal-v1alpha1,extracted-with-diagnostics,0,1,1,0,1
gapi.client.script-v1,extracted-with-diagnostics,0,1,1,0,1
gapi.client.searchads360-v0,extracted-with-diagnostics,0,1,1,0,1
gapi.client.searchconsole-v1,extracted-with-diagnostics,0,1,1,0,1
gapi.client.secretmanager-v1,extracted-with-diagnostics,0,1,1,0,1
gapi.client.secretmanager-v1beta1,extracted-with-diagnostics,0,1,1,0,1
gapi.client.secretmanager-v1beta2,extracted-with-diagnostics,0,1,1,0,1
gapi.client.securitycenter-v1,extracted-with-diagnostics,0,1,1,0,1
gapi.client.securitycenter-v1beta1,extracted-with-diagnostics,0,1,1,0,1
gapi.client.securitycenter-v1beta2,extracted-with-diagnostics,0,1,1,0,1
gapi.client.serviceconsumermanagement-v1,extracted-with-diagnostics,0,1,1,0,1
gapi.client.serviceconsumermanagement-v1beta1,extracted-with-diagnostics,0,1,1,0,1
gapi.client.servicecontrol-v1,extracted-with-diagnostics,0,1,1,0,1
gapi.client.servicecontrol-v2,extracted-with-diagnostics,0,1,1,0,1
gapi.client.servicedirectory-v1,extracted-with-diagnostics,0,1,1,0,1
gapi.client.servicedirectory-v1beta1,extracted-with-diagnostics,0,1,1,0,1
gapi.client.servicemanagement-v1,extracted-with-diagnostics,0,1,1,0,1
gapi.client.servicenetworking-v1,extracted-with-diagnostics,0,1,1,0,1
gapi.client.servicenetworking-v1beta,extracted-with-diagnostics,0,1,1,0,1
gapi.client.serviceusage-v1,extracted-with-diagnostics,0,1,1,0,1
gapi.client.serviceusage-v1beta1,extracted-with-diagnostics,0,1,1,0,1
gapi.client.sheets-v4,extracted-with-diagnostics,0,1,1,0,1
gapi.client.site_verification-v1,extracted-with-diagnostics,0,1,1,0,1
gapi.client.slides-v1,extracted-with-diagnostics,0,1,1,0,1
gapi.client.smartdevicemanagement-v1,extracted-with-diagnostics,0,1,1,0,1
gapi.client.solar-v1,extracted-with-diagnostics,0,1,1,0,1
gapi.client.spanner-v1,extracted-with-diagnostics,0,1,1,0,1
gapi.client.speech-v1,extracted-with-diagnostics,0,1,1,0,1
gapi.client.speech-v1p1beta1,extracted-with-diagnostics,0,1,1,0,1
gapi.client.sqladmin-v1,extracted-with-diagnostics,0,1,1,0,1
gapi.client.sqladmin-v1beta4,extracted-with-diagnostics,0,1,1,0,1
gapi.client.storage-v1,extracted-with-diagnostics,0,1,1,0,1
gapi.client.storagetransfer-v1,extracted-with-diagnostics,0,1,1,0,1
gapi.client.streetviewpublish-v1,extracted-with-diagnostics,0,1,1,0,1
gapi.client.sts-v1,extracted-with-diagnostics,0,1,1,0,1
gapi.client.sts-v1beta,extracted-with-diagnostics,0,1,1,0,1
gapi.client.tagmanager-v1,extracted-with-diagnostics,0,1,1,0,1
gapi.client.tagmanager-v2,extracted-with-diagnostics,0,1,1,0,1
gapi.client.tasks-v1,extracted-with-diagnostics,0,1,1,0,1
gapi.client.testing-v1,extracted-with-diagnostics,0,1,1,0,1
gapi.client.texttospeech-v1,extracted-with-diagnostics,0,1,1,0,1
gapi.client.texttospeech-v1beta1,extracted-with-diagnostics,0,1,1,0,1
gapi.client.toolresults-v1beta3,extracted-with-diagnostics,0,1,1,0,1
gapi.client.tpu-v1,extracted-with-diagnostics,0,1,1,0,1
gapi.client.tpu-v1alpha1,extracted-with-diagnostics,0,1,1,0,1
gapi.client.tpu-v2,extracted-with-diagnostics,0,1,1,0,1
gapi.client.tpu-v2alpha1,extracted-with-diagnostics,0,1,1,0,1
gapi.client.trafficdirector-v2,extracted-with-diagnostics,0,1,1,0,1
gapi.client.trafficdirector-v3,extracted-with-diagnostics,0,1,1,0,1
gapi.client.transcoder-v1,extracted-with-diagnostics,0,1,1,0,1
gapi.client.translate-v2,extracted-with-diagnostics,0,1,1,0,1
gapi.client.translate-v3,extracted-with-diagnostics,0,1,1,0,1
gapi.client.translate-v3beta1,extracted-with-diagnostics,0,1,1,0,1
gapi.client.travelimpactmodel-v1,extracted-with-diagnostics,0,1,1,0,1
gapi.client.vault-v1,extracted-with-diagnostics,0,1,1,0,1
gapi.client.verifiedaccess-v1,extracted-with-diagnostics,0,1,1,0,1
gapi.client.verifiedaccess-v2,extracted-with-diagnostics,0,1,1,0,1
gapi.client.versionhistory-v1,extracted-with-diagnostics,0,1,1,0,1
gapi.client.videointelligence-v1,extracted-with-diagnostics,0,1,1,0,1
gapi.client.videointelligence-v1beta2,extracted-with-diagnostics,0,1,1,0,1
gapi.client.videointelligence-v1p1beta1,extracted-with-diagnostics,0,1,1,0,1
gapi.client.videointelligence-v1p2beta1,extracted-with-diagnostics,0,1,1,0,1
gapi.client.videointelligence-v1p3beta1,extracted-with-diagnostics,0,1,1,0,1
gapi.client.vision-v1,extracted-with-diagnostics,0,1,1,0,1
gapi.client.vision-v1p1beta1,extracted-with-diagnostics,0,1,1,0,1
gapi.client.vision-v1p2beta1,extracted-with-diagnostics,0,1,1,0,1
gapi.client.vmmigration-v1,extracted-with-diagnostics,0,1,1,0,1
gapi.client.vmmigration-v1alpha1,extracted-with-diagnostics,0,1,1,0,1
gapi.client.vmwareengine-v1,extracted-with-diagnostics,0,1,1,0,1
gapi.client.vpcaccess-v1,extracted-with-diagnostics,0,1,1,0,1
gapi.client.vpcaccess-v1beta1,extracted-with-diagnostics,0,1,1,0,1
gapi.client.walletobjects-v1,extracted-with-diagnostics,0,1,1,0,1
gapi.client.webfonts-v1,extracted-with-diagnostics,0,1,1,0,1
gapi.client.webrisk-v1,extracted-with-diagnostics,0,1,1,0,1
gapi.client.websecurityscanner-v1,extracted-with-diagnostics,0,1,1,0,1
gapi.client.websecurityscanner-v1alpha,extracted-with-diagnostics,0,1,1,0,1
gapi.client.websecurityscanner-v1beta,extracted-with-diagnostics,0,1,1,0,1
gapi.client.workflowexecutions-v1,extracted-with-diagnostics,0,1,1,0,1
gapi.client.workflowexecutions-v1beta,extracted-with-diagnostics,0,1,1,0,1
gapi.client.workflows-v1,extracted-with-diagnostics,0,1,1,0,1
gapi.client.workflows-v1beta,extracted-with-diagnostics,0,1,1,0,1
gapi.client.workloadmanager-v1,extracted-with-diagnostics,0,1,1,0,1
gapi.client.workspaceevents-v1,extracted-with-diagnostics,0,1,1,0,1
gapi.client.workstations-v1,extracted-with-diagnostics,0,1,1,0,1
gapi.client.workstations-v1beta,extracted-with-diagnostics,0,1,1,0,1
gapi.client.youtube-v3,extracted-with-diagnostics,0,1,1,0,1
gapi.client.youtube_analytics-v2,extracted-with-diagnostics,0,1,1,0,1
gapi.client.youtubereporting-v1,extracted-with-diagnostics,0,1,1,0,1
gapi.drive,extracted,0,1,1,0,0
gapi.pagespeedonline,extracted,0,1,1,0,0
gapi.people,extracted,0,1,1,0,0
gapi.plus,extracted,0,1,1,0,0
gapi.translate,extracted,0,1,1,0,0
gapi.urlshortener,extracted,0,1,1,0,0
gapi.youtube,extracted,0,1,1,0,0
gapi.youtubeanalytics,extracted,0,1,1,0,0
gatsby-plugin-breakpoints,extracted-with-diagnostics,2,1,1,0,5
gatsby-transformer-remark,extracted,0,1,1,0,0
gatsbyjs__reach-router,extracted-with-diagnostics,61,1,1,0,1
gauge,extracted-with-diagnostics,44,1,1,0,5
gaugejs,extracted,6,1,1,0,0
gaussian,extracted,10,1,1,0,0
gaussian-elimination,extracted,1,1,1,0,0
gaze,extracted-with-diagnostics,100,1,1,0,5
gbk.js,extracted,6,1,1,0,0
gc-profiler,extracted-with-diagnostics,46,1,1,0,5
gc-stats,extracted-with-diagnostics,17,1,1,0,5
gdal,extracted,2190,1,1,0,0
geakstr__sass-inline-svg,extracted,1,1,1,0,0
geetest,extracted,8,1,1,0,0
gematriya,extracted,2,1,1,0,0
generate-changelog,extracted,1,1,1,0,0
generate-ctrl-c-event,extracted,4,1,1,0,0
generate-feed,extracted,2,1,1,0,0
generate-json-webpack-plugin,extracted-with-diagnostics,2,1,1,0,6
generic-functions,extracted,8,1,1,0,0
gensync,extracted,15,1,1,0,0
gently,extracted,12,1,1,0,0
genyus__country-code,extracted,2,1,1,0,0
geobuf,extracted,2,1,1,0,0
geodesy,extracted,0,1,1,0,0
geoflatbush,extracted-with-diagnostics,1,1,1,0,1
geoip-country,extracted,5,1,1,0,0
geoip-lite,extracted,9,1,1,0,0
geojson,extracted,0,1,1,0,0
geojson-equality,extracted,2,1,1,0,0
geojson-precision,extracted,2,1,1,0,0
geojson-validation,extracted,67,1,1,0,0
geojson-vt,extracted,1,1,1,0,0
geojson2osm,extracted,1,1,1,0,0
geokdbush,extracted-with-diagnostics,2,1,1,0,2
geolite2,extracted,0,1,1,0,0
geometric,extracted,41,1,1,0,0
geometry-dom,extracted-with-diagnostics,0,1,1,0,20
geopattern,extracted,6,1,1,0,0
geopoint,extracted,8,1,1,0,0
gestalt,extracted-with-diagnostics,159,1,1,0,1
get-certain,extracted,1,1,1,0,0
get-changelog-lib,extracted,2,1,1,0,0
get-emoji,extracted,1,1,1,0,0
get-folder-size,extracted-with-diagnostics,6,1,1,0,5
get-form-data,extracted,3,1,1,0,0
get-func-name,extracted,1,1,1,0,0
get-image-colors,extracted-with-diagnostics,4,1,1,0,5
get-installed-path,extracted,2,1,1,0,0
get-intrinsic,extracted,173,1,1,0,0
get-node-dimensions,extracted,1,1,1,0,0
get-package-type,extracted,2,1,1,0,0
get-params,extracted,1,1,1,0,0
get-pixels,extracted-with-diagnostics,2,1,1,0,5
get-res,extracted,1,1,1,0,0
get-size,extracted,1,1,1,0,0
get-ssl-certificate,extracted-with-diagnostics,1,1,1,0,5
get-value,extracted,2,1,1,0,0
getenv,extracted-with-diagnostics,13,1,1,0,5
getos,extracted,1,1,1,0,0
getpass,extracted,3,1,1,0,0
gettext-parser,extracted-with-diagnostics,10,1,1,0,5
gettext.js,extracted,16,1,1,0,0
gfc,extracted-with-diagnostics,6,1,1,0,5
gh-pages,extracted,18,1,1,0,0
ghauth,extracted,1,1,1,0,0
ghidra.js,extracted,648,1,1,0,0
ghost-storage-base,extracted-with-diagnostics,16,1,1,0,5
gif-encoder,extracted-with-diagnostics,152,1,1,0,5
gif.js,extracted,48,1,1,0,0
gifencoder,extracted-with-diagnostics,21,1,1,0,5
gifffer,extracted,1,1,1,0,0
gifsicle,extracted,0,1,1,0,0
gijgo,extracted,199,1,1,0,0
gimloader,extracted-with-diagnostics,0,1,1,0,1
giphy-api,extracted,12,1,1,0,0
giraffe,extracted-with-diagnostics,0,1,1,0,21
git,extracted,358,1,1,0,0
git-add-remote,extracted-with-diagnostics,3,1,1,0,5
git-branch,extracted,4,1,1,0,0
git-branch-is,extracted,7,1,1,0,0
git-clone,extracted,2,1,1,0,0
git-config,extracted,3,1,1,0,0
git-config-path,extracted,1,1,1,0,0
git-diff,extracted,1,1,1,0,0
git-diff-parser,extracted-with-diagnostics,1,1,1,0,5
git-http-backend,extracted-with-diagnostics,136,1,1,0,5
git-init,extracted-with-diagnostics,2,1,1,0,5
git-log-parser,extracted-with-diagnostics,1,1,1,0,5
git-raw-commits,extracted-with-diagnostics,2,1,1,0,5
git-repo-name,extracted,5,1,1,0,0
git-rev,extracted,5,1,1,0,0
git-rev-sync,extracted,12,1,1,0,0
git-root-dir,extracted,1,1,1,0,0
git-semver-tags,extracted,1,1,1,0,0
git-state,extracted-with-diagnostics,26,1,1,0,5
git-user-email,extracted,1,1,1,0,0
git-user-name,extracted,1,1,1,0,0
git-username,extracted,2,1,1,0,0
gitana,extracted,4657,1,1,0,0
gitconfiglocal,extracted,3,1,1,0,0
github-from-package,extracted,1,1,1,0,0
github-label-sync,extracted,1,1,1,0,0
github-url-from-git,extracted,2,1,1,0,0
github-url-to-object,extracted,1,1,1,0,0
github-username-regex,extracted,0,1,1,0,0
gitignore-parser,extracted,2,1,1,0,0
giusto__ink-router,extracted-with-diagnostics,21,1,1,0,2
gl,extracted,6,1,1,0,0
gl-fbo,extracted,1,1,1,0,0
gl-react,extracted-with-diagnostics,145,1,1,0,1
gl-react-dom,extracted-with-diagnostics,27,1,1,0,1
gl-react-expo,extracted-with-diagnostics,27,1,1,0,1
gl-react-headless,extracted-with-diagnostics,29,1,1,0,1
gl-react-image,extracted-with-diagnostics,5,1,1,0,1
gl-react-native,extracted-with-diagnostics,24,1,1,0,1
gl-shader,extracted,2,1,1,0,0
gl-texture2d,extracted,2,1,1,0,0
gl-vec2,extracted,36,1,1,0,0
gl-vec3,extracted,37,1,1,0,0
gl-vec4,extracted,25,1,1,0,0
gldatepicker,extracted,0,1,1,0,0
glidejs,extracted,0,1,1,0,0
glidejs__glide,extracted,26,1,1,0,0
glider-js,extracted,24,1,1,0,0
glob-base,extracted,1,1,1,0,0
glob-expand,extracted-with-diagnostics,4,1,1,0,2
glob-parent,extracted,1,1,1,0,0
glob-stream,extracted-with-diagnostics,3,1,1,0,5
glob-to-regexp,extracted,1,1,1,0,0
glob-watcher,extracted-with-diagnostics,2,1,1,0,5
global-agent,extracted,2,1,1,0,0
global-cache,extracted,7,1,1,0,0
global-modules,extracted,0,1,1,0,0
global-modules-path,extracted,1,1,1,0,0
global-npm,extracted-with-diagnostics,160,1,1,0,5
global-paths,extracted,1,1,1,0,0
global-prefix,extracted,0,1,1,0,0
global-tunnel-ng,extracted,2,1,1,0,0
globalize,extracted,97,1,1,0,0
globalize-compiler,extracted,5,1,1,0,0
globaloffensive,extracted-with-diagnostics,142,1,1,0,6
globalthis,extracted,3,1,1,0,0
globalyzer,extracted,1,1,1,0,0
globjoin,extracted,2,1,1,0,0
globrex,extracted,1,1,1,0,0
globule,extracted-with-diagnostics,10,1,1,0,2
glossy,extracted-with-diagnostics,12,1,1,0,5
glue,extracted-with-diagnostics,1,1,1,0,6
glur,extracted,1,1,1,0,0
gm,extracted-with-diagnostics,238,1,1,0,5
go,extracted,298369,1,1,0,0
golang-wasm-exec,extracted,0,1,1,0,0
good-storage,extracted,21,1,1,0,0
google-ads-scripts,extracted-with-diagnostics,0,1,1,0,1
google-adwords-scripts,extracted-with-diagnostics,0,1,1,0,1
google-apps-script,extracted-with-diagnostics,0,1,1,0,1
google-apps-script-oauth2,extracted-with-diagnostics,0,1,1,0,1
google-closure-compiler,extracted-with-diagnostics,84,1,1,0,5
google-cloud__datastore,extracted-with-diagnostics,111,1,1,0,5
google-cloud__kms,extracted-with-diagnostics,527,1,1,0,5
google-ddns,extracted,6,1,1,0,0
google-drive-realtime-api,extracted,0,1,1,0,0
google-earth,extracted,0,1,1,0,0
google-fonts,extracted,2,1,1,0,0
google-images,extracted,2,1,1,0,0
google-libphonenumber,extracted,190,1,1,0,0
google-map-react,extracted-with-diagnostics,13,1,1,0,1
google-one-tap,extracted,23,1,1,0,0
google-polyline,extracted,2,1,1,0,0
google-protobuf,extracted,449,1,1,0,0
google-publisher-tag,extracted,0,1,1,0,0
google-translate-api,extracted,1,1,1,0,0
google.accounts,extracted,0,1,1,0,0
google.analytics,extracted,0,1,1,0,0
google.feeds,extracted,0,1,1,0,0
google.fonts,extracted,0,1,1,0,0
google.geolocation,extracted,0,1,1,0,0
google.maps,extracted,0,1,1,0,0
google.picker,extracted,0,1,1,0,0
google.script.client-side,extracted,0,1,1,0,0
google.visualization,extracted,0,1,1,0,0
google__maps,extracted,50,1,1,0,0
google_interactive_media_ads_types,extracted,0,1,1,0,0
googlefc,extracted,0,1,1,0,0
googlemaps.infobubble,extracted-with-diagnostics,0,1,1,0,4
googlepay,extracted,0,1,1,0,0
googletag,extracted,0,1,1,0,0
gopd,extracted,0,1,1,0,0
gorilla-engine,extracted,0,1,1,0,0
got-resume,extracted-with-diagnostics,11,1,1,0,3
govuk-frontend,extracted,48,3,3,0,0
graceful-fs,extracted-with-diagnostics,4273,1,1,0,5
gradient-parser,extracted,2,1,1,0,0
gradient-string,extracted,31,1,1,0,0
graham_scan,extracted,4,1,1,0,0
gramps__rest-helpers,extracted,10,1,1,0,0
granim,extracted,14,1,1,0,0
graphite,extracted,10,1,1,0,0
graphite-udp,extracted,5,1,1,0,0
graphlib,extracted,53,1,1,0,0
graphlib-dot,extracted,3,1,1,0,0
graphql-api-koa,extracted-with-diagnostics,2,1,1,0,6
graphql-bigint,extracted-with-diagnostics,0,1,1,0,1
graphql-date,extracted-with-diagnostics,0,1,1,0,1
graphql-deduplicator,extracted,2,1,1,0,0
graphql-depth-limit,extracted,1,1,1,0,0
graphql-errors,extracted-with-diagnostics,4,1,1,0,1
graphql-fields,extracted-with-diagnostics,1,1,1,0,1
graphql-iso-date,extracted-with-diagnostics,0,1,1,0,1
graphql-list-fields,extracted-with-diagnostics,1,1,1,0,1
graphql-react,extracted-with-diagnostics,17,1,1,0,1
graphql-resolve-batch,extracted-with-diagnostics,3,1,1,0,1
graphql-type-json,extracted-with-diagnostics,0,1,1,0,1
graphql-type-uuid,extracted-with-diagnostics,0,1,1,0,1
graphql-upload,extracted-with-diagnostics,9,6,6,0,22
graphql-validation-complexity,extracted-with-diagnostics,17,1,1,0,1
graphqurl,extracted,4,1,1,0,0
graphviz,extracted-with-diagnostics,30,1,1,0,5
grasp,extracted-with-diagnostics,15,1,1,0,5
gravatar,extracted,2,1,1,0,0
gravatar-favicons,extracted-with-diagnostics,3,1,1,0,1
gray-percentage,extracted,1,1,1,0,0
graygelf,extracted-with-diagnostics,40,1,1,0,5
graylog2,extracted-with-diagnostics,169,1,1,0,5
greasemonkey,extracted,0,1,1,0,0
grecaptcha,extracted,0,1,1,0,0
greek-utils,extracted,5,1,1,0,0
greenlock-express,extracted-with-diagnostics,4,1,1,0,1
gregorian-calendar,extracted,42,1,1,0,0
gremlin,extracted,516,1,1,0,0
grenache-nodejs-link,extracted-with-diagnostics,52,1,1,0,5
grenache-nodejs-ws,extracted-with-diagnostics,568,1,1,0,5
grid-template-parser,extracted,12,1,1,0,0
gridfs-stream,extracted-with-diagnostics,9,1,1,0,6
group-array,extracted,2,1,1,0,0
growing-io,extracted,0,1,1,0,0
grpc-error,extracted,0,1,1,0,0
grumbler-scripts,extracted,4,1,1,0,0
grunt,extracted-with-diagnostics,0,1,1,0,5
gsheetdb,extracted-with-diagnostics,8,1,1,0,6
gsheets,extracted,3,1,1,0,0
gsi,extracted,0,1,1,0,0
gtag.js,extracted,0,1,1,0,0
gtmetrix,extracted-with-diagnostics,41,1,1,0,4
guacamole-client,extracted,305,1,1,0,0
guacamole-common-js,extracted,406,1,1,0,0
guid,extracted,4,1,1,0,0
gulp,extracted-with-diagnostics,69,1,1,0,7
gulp-angular-protractor,extracted-with-diagnostics,1,1,1,0,5
gulp-angular-templatecache,extracted-with-diagnostics,0,1,1,0,5
gulp-autoprefixer,extracted-with-diagnostics,1,1,1,0,5
gulp-babel,extracted-with-diagnostics,1,1,1,0,5
gulp-batch,extracted,1,1,1,0,0
gulp-bump,extracted-with-diagnostics,1,1,1,0,5
gulp-cache,extracted-with-diagnostics,4,1,1,0,7
gulp-cached,extracted-with-diagnostics,1,1,1,0,5
gulp-change,extracted-with-diagnostics,3,1,1,0,5
gulp-changed,extracted-with-diagnostics,3,1,1,0,5
gulp-cheerio,extracted-with-diagnostics,5,1,1,0,7
gulp-clean-css,extracted-with-diagnostics,1,1,1,0,6
gulp-clean-dest,extracted-with-diagnostics,1,1,1,0,5
gulp-codecov,extracted-with-diagnostics,1,1,1,0,5
gulp-coffeeify,extracted-with-diagnostics,2,1,1,0,5
gulp-coffeelint,extracted-with-diagnostics,4,1,1,0,5
gulp-concat,extracted-with-diagnostics,2,1,1,0,5
gulp-concat-css,extracted-with-diagnostics,1,1,1,0,5
gulp-connect,extracted-with-diagnostics,4,1,1,0,5
gulp-connect-php,extracted,9,1,1,0,0
gulp-copy,extracted-with-diagnostics,2,1,1,0,5
gulp-csso,extracted-with-diagnostics,1,1,1,0,5
gulp-dart-sass,extracted-with-diagnostics,3,1,1,0,6
gulp-debug,extracted-with-diagnostics,1,1,1,0,5
gulp-diff,extracted-with-diagnostics,5,1,1,0,5
gulp-dtsm,extracted-with-diagnostics,1,1,1,0,5
gulp-espower,extracted-with-diagnostics,2,1,1,0,5
gulp-file-include,extracted-with-diagnostics,2,1,1,0,5
gulp-filter,extracted-with-diagnostics,62,1,1,0,6
gulp-flatmap,extracted-with-diagnostics,1,1,1,0,5
gulp-flatten,extracted-with-diagnostics,1,1,1,0,5
gulp-gh-pages,extracted-with-diagnostics,1,1,1,0,5
gulp-gzip,extracted-with-diagnostics,2,1,1,0,5
gulp-hash,extracted-with-diagnostics,3,1,1,0,5
gulp-header,extracted-with-diagnostics,1,1,1,0,5
gulp-help,extracted-with-diagnostics,55,1,1,0,7
gulp-help-doc,extracted-with-diagnostics,2,1,1,0,7
gulp-html-prettify,extracted-with-diagnostics,1,1,1,0,5
gulp-html-replace,extracted-with-diagnostics,1,1,1,0,5
gulp-htmlhint,extracted-with-diagnostics,7,1,1,0,5
gulp-htmlmin,extracted-with-diagnostics,1,1,1,0,7
gulp-if,extracted-with-diagnostics,1,1,1,0,7
gulp-image,extracted-with-diagnostics,1,1,1,0,5
gulp-image-resize,extracted-with-diagnostics,1,1,1,0,5
gulp-imagemin,extracted-with-diagnostics,7,1,1,0,6
gulp-inject,extracted-with-diagnostics,3,1,1,0,5
gulp-insert,extracted-with-diagnostics,4,1,1,0,5
gulp-install,extracted-with-diagnostics,1,1,1,0,5
gulp-intercept,extracted-with-diagnostics,3,1,1,0,5
gulp-istanbul,extracted-with-diagnostics,5,1,1,0,5
gulp-jade,extracted,1,1,1,0,0
gulp-jasmine,extracted-with-diagnostics,1,1,1,0,5
gulp-jasmine-browser,extracted-with-diagnostics,3,1,1,0,5
gulp-javascript-obfuscator,extracted-with-diagnostics,1,1,1,0,6
gulp-json-editor,extracted-with-diagnostics,1,1,1,0,5
gulp-json-validator,extracted-with-diagnostics,1,1,1,0,5
gulp-jsonmin,extracted-with-diagnostics,1,1,1,0,5
gulp-jsonminify,extracted-with-diagnostics,1,1,1,0,5
gulp-jspm,extracted-with-diagnostics,1,1,1,0,5
gulp-less,extracted-with-diagnostics,1,1,1,0,5
gulp-lesshint,extracted-with-diagnostics,4,1,1,0,5
gulp-live-server,extracted-with-diagnostics,12,1,1,0,5
gulp-load-plugins,extracted-with-diagnostics,0,1,1,0,5
gulp-match,extracted-with-diagnostics,1,1,1,0,6
gulp-minify,extracted-with-diagnostics,2,1,1,0,5
gulp-minify-css,extracted-with-diagnostics,1,1,1,0,6
gulp-minify-html,extracted-with-diagnostics,1,1,1,0,5
gulp-mocha,extracted-with-diagnostics,1,1,1,0,5
gulp-modernizr,extracted-with-diagnostics,2,1,1,0,5
gulp-msbuild,extracted-with-diagnostics,2,1,1,0,5
gulp-mustache,extracted-with-diagnostics,1,1,1,0,5
gulp-muxml,extracted-with-diagnostics,1,1,1,0,5
gulp-newer,extracted-with-diagnostics,2,1,1,0,5
gulp-ng-annotate,extracted-with-diagnostics,2,1,1,0,5
gulp-nodemon,extracted-with-diagnostics,20,1,1,0,7
gulp-nunit-runner,extracted-with-diagnostics,2,1,1,0,5
gulp-plumber,extracted-with-diagnostics,3,1,1,0,5
gulp-postcss,extracted-with-diagnostics,2,1,1,0,5
gulp-protractor,extracted-with-diagnostics,6,1,1,0,7
gulp-pug-i18n,extracted-with-diagnostics,1,1,1,0,5
gulp-pug-linter,extracted-with-diagnostics,1,1,1,0,5
gulp-remember,extracted-with-diagnostics,5,1,1,0,5
gulp-rename,extracted-with-diagnostics,1,1,1,0,5
gulp-responsive-images,extracted-with-diagnostics,1,1,1,0,5
gulp-rev,extracted-with-diagnostics,5,1,1,0,5
gulp-rev-all,extracted-with-diagnostics,3,1,1,0,5
gulp-rev-replace,extracted-with-diagnostics,1,1,1,0,5
gulp-rewrite-css,extracted-with-diagnostics,2,1,1,0,5
gulp-ruby-sass,extracted-with-diagnostics,1,1,1,0,5
gulp-run,extracted-with-diagnostics,144,1,1,0,5
gulp-sass,extracted-with-diagnostics,1,1,1,0,6
gulp-sass-variables,extracted-with-diagnostics,1,1,1,0,5
gulp-sequence,extracted-with-diagnostics,28,1,1,0,7
gulp-size,extracted-with-diagnostics,31,1,1,0,5
gulp-sort,extracted-with-diagnostics,3,1,1,0,7
gulp-sourcemaps,extracted-with-diagnostics,8,1,1,0,5
gulp-strip-comments,extracted-with-diagnostics,4,1,1,0,5
gulp-strip-debug,extracted-with-diagnostics,1,1,1,0,5
gulp-stylint,extracted-with-diagnostics,3,1,1,0,5
gulp-stylus,extracted-with-diagnostics,1,1,1,0,5
gulp-svg-sprite,extracted-with-diagnostics,2,1,1,0,6
gulp-svgmin,extracted-with-diagnostics,2,1,1,0,6
gulp-tap,extracted-with-diagnostics,3,1,1,0,5
gulp-tar,extracted-with-diagnostics,1,1,1,0,5
gulp-task-listing,extracted,2,1,1,0,0
gulp-template,extracted-with-diagnostics,2,1,1,0,5
gulp-terser,extracted-with-diagnostics,1,1,1,0,6
gulp-tsd,extracted-with-diagnostics,1,1,1,0,7
gulp-ttf2woff2,extracted-with-diagnostics,3,1,1,0,6
gulp-uglify,extracted-with-diagnostics,1,1,1,0,6
gulp-useref,extracted-with-diagnostics,1,1,1,0,5
gulp-util,extracted-with-diagnostics,180,1,1,0,7
gulp-watch,extracted-with-diagnostics,2,1,1,0,5
gulp-zip,extracted-with-diagnostics,1,1,1,0,5
gulp.spritesmith,extracted-with-diagnostics,2,1,1,0,5
gun,extracted,11,1,1,0,0
gunzip-maybe,extracted-with-diagnostics,1,1,1,0,5
gyronorm,extracted,6,1,1,0,0
gzip-js,extracted-with-diagnostics,2,1,1,0,5
h2o2,extracted-with-diagnostics,1,1,1,0,6
hafas-client,extracted,8,1,1,0,0
halfmoon,extracted,13,1,1,0,0
halfred,extracted,21,1,1,0,0
halogen,extracted-with-diagnostics,16,1,1,0,1
halogenium,extracted-with-diagnostics,80,1,1,0,1
hammerjs,extracted,0,1,1,0,0
hamt_plus,extracted,71,1,1,0,0
handbrake-js,extracted-with-diagnostics,22,1,1,0,5
handlebars-helpers,extracted-with-diagnostics,4,1,1,0,1
handlebars-webpack-plugin,extracted-with-diagnostics,2,1,1,0,18
hapi,extracted-with-diagnostics,882,1,1,0,6
hapi-auth-basic,extracted-with-diagnostics,2,1,1,0,6
hapi-auth-bearer-token,extracted-with-diagnostics,2,1,1,0,6
hapi-auth-cookie,extracted-with-diagnostics,3,1,1,0,6
hapi-decorators,extracted-with-diagnostics,16,1,1,0,10
hapi-server-session,extracted-with-diagnostics,0,1,1,0,6
hapi__b64,extracted-with-diagnostics,3809,1,1,0,5
hapi__call,extracted-with-diagnostics,3,1,1,0,5
hapi__catbox-memcached,extracted-with-diagnostics,2,1,1,0,1
hapi__content,extracted-with-diagnostics,2,1,1,0,5
hapi__cookie,extracted-with-diagnostics,2,1,1,0,1
hapi__crumb,extracted-with-diagnostics,1,1,1,0,1
hapi__glue,extracted-with-diagnostics,1,1,1,0,1
hapi__h2o2,extracted-with-diagnostics,0,1,1,0,8
hapi__hawk,extracted-with-diagnostics,34,1,1,0,9
hapi__joi,extracted,6560,1,1,0,0
hapi__pez,extracted-with-diagnostics,1872,1,1,0,5
hapi__sntp,extracted,5,1,1,0,0
hapi__subtext,extracted-with-diagnostics,1,1,1,0,5
hapipal__avocat,extracted-with-diagnostics,1,1,1,0,2
happen,extracted,3,1,1,0,0
happo-cypress,extracted-with-diagnostics,1,1,1,0,1
happyguestmx__web-utilities,extracted-with-diagnostics,75,1,1,0,1
happypack,extracted-with-diagnostics,0,1,1,0,8
har-format,extracted,0,1,1,0,0
hard-source-webpack-plugin,extracted-with-diagnostics,15,1,1,0,6
hark,extracted,9,1,1,0,0
harmon,extracted,2,1,1,0,0
harmony-proxy,extracted,2,1,1,0,0
has,extracted,1,1,1,0,0
has-ansi,extracted,1,1,1,0,0
has-package-exports,extracted,0,1,1,0,0
has-package-self-reference,extracted,0,1,1,0,0
has-property-descriptors,extracted,2,1,1,0,0
has-values,extracted,1,1,1,0,0
hasbin,extracted,13,1,1,0,0
hash-chain,extracted-with-diagnostics,182,1,1,0,5
hash-code,extracted,1,1,1,0,0
hash-file,extracted,2,1,1,0,0
hash-stream,extracted-with-diagnostics,2,1,1,0,5
hash-sum,extracted,1,1,1,0,0
hasher,extracted,41,1,1,0,0
hashring,extracted-with-diagnostics,20,1,1,0,5
hashset,extracted,0,1,1,0,0
hashtable,extracted,0,1,1,0,0
hashtag-regex,extracted,1,1,1,0,0
hast,extracted,0,1,1,0,0
hasura,extracted,0,1,1,0,0
hat,extracted,2,1,1,0,0
haversine,extracted,1,1,1,0,0
hawk,extracted-with-diagnostics,29,1,1,0,8
haxball-headless-browser,extracted,0,1,1,0,0
hbs,extracted-with-diagnostics,6,1,1,0,1
hdkey,extracted-with-diagnostics,12,1,1,0,5
he,extracted,6,1,1,0,0
headroom,extracted,0,1,1,0,0
headroom.js,extracted,12,1,1,0,0
heap,extracted,36,1,1,0,0
heapdump,extracted,2,1,1,0,0
heatmap.js,extracted-with-diagnostics,11,1,1,0,1
heft-jest,extracted-with-diagnostics,0,1,1,0,3
heic-convert,extracted,4,2,2,0,0
heic-decode,extracted,2,1,1,0,0
hellojs,extracted,149,1,1,0,0
hellosign-embedded,extracted,49,1,1,0,0
hellosign-sdk,extracted-with-diagnostics,153,1,1,0,5
helpscout-beacon,extracted,0,1,1,0,0
hepburn,extracted,10,1,1,0,0
heredatalens,extracted,0,1,1,0,0
heremaps,extracted,0,1,1,0,0
heroku-client,extracted-with-diagnostics,12,1,1,0,5
heroku-logger,extracted,13,1,1,0,0
hex-array,extracted,2,1,1,0,0
hex-color-regex,extracted,1,1,1,0,0
hex-rgba,extracted,1,1,1,0,0
hex-to-binary,extracted,1,1,1,0,0
hex-to-uuid,extracted,1,1,1,0,0
hex2dec,extracted,2,1,1,0,0
hexo-bunyan,extracted-with-diagnostics,302,1,1,0,5
hh-mm-ss,extracted,4,1,1,0,0
hid,extracted-with-diagnostics,12,1,1,0,5
hidefile,extracted-with-diagnostics,9,1,1,0,5
hifo,extracted,16,1,1,0,0
hig__button,extracted-with-diagnostics,5,1,1,0,1
highcharts-ng,extracted-with-diagnostics,0,1,1,0,1
highland,extracted-with-diagnostics,0,1,1,0,5
highlight-words-core,extracted,1,1,1,0,0
highlightjs,extracted,13,1,1,0,0
hijackresponse,extracted-with-diagnostics,373,1,1,0,5
hippy__react,extracted-with-diagnostics,200,1,1,0,1
hiredis,extracted-with-diagnostics,4,1,1,0,5
history-events,extracted,4,1,1,0,0
history.js,extracted,0,1,1,0,0
historykana,extracted,1,1,1,0,0
hjson,extracted,2,1,1,0,0
hl7,extracted,0,1,1,0,0
hls-parser,extracted-with-diagnostics,17,1,1,0,5
hmac-blake2b,extracted,1,1,1,0,0
hmscore__react-native-hms-push,extracted-with-diagnostics,98,1,1,0,1
hoek,extracted,32,1,1,0,0
hogan.js,extracted,7,1,1,0,0
hoist-non-react-statics,extracted-with-diagnostics,1,1,1,0,1
holderjs,extracted,1,1,1,0,0
honeybadger,extracted-with-diagnostics,50,1,1,0,5
hooker,extracted,10,1,1,0,0
hookrouter,extracted-with-diagnostics,29,1,1,0,1
hopscotch,extracted,0,1,1,0,0
host-validation,extracted-with-diagnostics,1,1,1,0,5
hosted-git-info,extracted,35,1,1,0,0
hostile,extracted,11,1,1,0,0
hot-formula-parser,extracted,17,2,2,0,0
hotwired__turbo,extracted,205,1,1,0,0
hotwired__turbo-rails,extracted,209,1,1,0,0
howler,extracted,66,1,1,0,0
hoxy,extracted-with-diagnostics,19,1,1,0,8
hpp,extracted-with-diagnostics,1,1,1,0,5
hsl-to-hex,extracted,1,1,1,0,0
hsl-to-rgb-for-reals,extracted,1,1,1,0,0
html,extracted,1,1,1,0,0
html-docx-js,extracted-with-diagnostics,1,1,1,0,5
html-encoding-sniffer,extracted,1,1,1,0,0
html-entities-decoder,extracted,1,1,1,0,0
html-escape,extracted,1,1,1,0,0
html-escaper,extracted,4,2,2,0,0
html-minifier,extracted-with-diagnostics,1,1,1,0,7
html-minifier-terser,extracted,2,1,1,0,0
html-parse-stringify,extracted,2,1,1,0,0
html-parser,extracted,4,1,1,0,0
html-pdf,extracted-with-diagnostics,5,1,1,0,5
html-pdf-node,extracted-with-diagnostics,2,1,1,0,5
html-replace-webpack-plugin,extracted-with-diagnostics,0,1,1,0,8
html-tableify,extracted,1,1,1,0,0
html-tag,extracted,2,1,1,0,0
html-to-docx,extracted-with-diagnostics,1,1,1,0,5
html-to-draftjs,extracted-with-diagnostics,1,1,1,0,2
html-to-pdfmake,extracted-with-diagnostics,1,1,1,0,8
html-to-rtf,extracted,2,1,1,0,0
html-to-text,extracted,6,1,1,0,0
html-truncate,extracted,1,1,1,0,0
html-validator,extracted-with-diagnostics,2,1,1,0,5
html-webpack-template,extracted-with-diagnostics,0,1,1,0,1
html2json,extracted,2,1,1,0,0
html2pdf.js,extracted,27,1,1,0,0
html4-id,extracted,1,1,1,0,0
html5-history,extracted,8,1,1,0,0
html5-to-pdf,extracted-with-diagnostics,10,1,1,0,4
html5plus,extracted,0,1,1,0,0
html_codesniffer,extracted,42,1,1,0,0
htmlbars-inline-precompile,extracted,1,1,1,0,0
htmlescape,extracted,2,1,1,0,0
htmlhint,extracted,15,1,1,0,0
htmltojsx,extracted,2,1,1,0,0
http-agent,extracted-with-diagnostics,99,1,1,0,7
http-assert,extracted,14,1,1,0,0
http-auth,extracted-with-diagnostics,4,1,1,0,5
http-aws-es,extracted-with-diagnostics,0,1,1,0,5
http-build-query,extracted,1,1,1,0,0
http-cache-semantics,extracted,37,1,1,0,0
http-context,extracted-with-diagnostics,590,1,1,0,5
http-errors,extracted,9,1,1,0,0
http-headers,extracted-with-diagnostics,1,1,1,0,5
http-link-header,extracted-with-diagnostics,21,1,1,0,5
http-proxy,extracted-with-diagnostics,86,1,1,0,5
http-rx,extracted-with-diagnostics,6,1,1,0,8
http-server,extracted-with-diagnostics,1,1,1,0,5
http-signature,extracted-with-diagnostics,12,1,1,0,5
http-string-parser,extracted,5,1,1,0,0
httperr,extracted,176,1,1,0,0
httptoolkit__esm,extracted-with-diagnostics,1,1,1,0,5
hubot,extracted-with-diagnostics,781,1,1,0,5
hubot-slack,extracted-with-diagnostics,267,1,1,0,10
hubspot-pace,extracted,0,1,1,0,0
hull.js,extracted,1,1,1,0,0
human-crypto-keys,extracted,3,1,1,0,0
human-date,extracted,5,1,1,0,0
human-format,extracted,9,1,1,0,0
human-interval,extracted,1,1,1,0,0
human-number,extracted,1,1,1,0,0
human-to-cron,extracted,1,1,1,0,0
humane-js,extracted,5,1,1,0,0
humanize-duration,extracted,6,1,1,0,0
humanize-ms,extracted,1,1,1,0,0
humanize-plus,extracted,18,1,1,0,0
humanparser,extracted,6,1,1,0,0
humblebee__styled-components-breakpoint,extracted-with-diagnostics,2,1,1,0,3
hummer-env,extracted-with-diagnostics,0,1,1,0,15
hummus-recipe,extracted-with-diagnostics,49,1,1,0,5
humps,extracted,20,1,1,0,0
hunspell-spellchecker,extracted-with-diagnostics,12,1,1,0,5
hyco-ws,extracted-with-diagnostics,166,1,1,0,5
hydra-box,extracted-with-diagnostics,83,1,1,0,22
hyggedyne__scrabbleify,extracted,1,1,1,0,0
hyper-aws4,extracted,1,1,1,0,0
hyper-function-component,extracted,0,1,1,0,0
hyperdeck-js-lib,extracted-with-diagnostics,141,1,1,0,6
hyperscript,extracted,0,1,1,0,0
hypertext-application-language,extracted,0,1,1,0,0
hyphen,extracted,3,1,1,0,0
hystrixjs,extracted,236,1,1,0,0
i18n,extracted,63,1,1,0,0
i18n-abide,extracted-with-diagnostics,9,1,1,0,5
i18n-iso-countries-regions,extracted,0,1,1,0,0
i18next-ko,extracted-with-diagnostics,3,1,1,0,1
i18next-node-fs-backend,extracted-with-diagnostics,0,1,1,0,1
i18next-sprintf-postprocessor,extracted-with-diagnostics,2,1,1,0,1
i2c-bus,extracted-with-diagnostics,58,1,1,0,5
iab-vpaid,extracted,0,1,1,0,0
iarna__toml,extracted-with-diagnostics,6,1,1,0,5
iban,extracted,10,1,1,0,0
ibm-mobilefirst,extracted,0,1,1,0,0
ibm-openapi-validator,extracted,1,1,1,0,0
ibm_db,extracted,92,1,1,0,0
ical,extracted-with-diagnostics,2,1,1,0,1
icepick,extracted,34,1,1,0,0
icheck,extracted,0,1,1,0,0
iconv,extracted-with-diagnostics,24,1,1,0,5
icss-utils,extracted-with-diagnostics,4,1,1,0,1
identicon.js,extracted,14,1,1,0,0
identifiers-arxiv,extracted,1,1,1,0,0
identity-obj-proxy,extracted,0,1,1,0,0
idle-js,extracted,8,1,1,0,0
idyll,extracted-with-diagnostics,1,1,1,0,5
idyll-ast,extracted,20,1,1,0,0
idyll-compiler,extracted,2,1,1,0,0
idyll-document,extracted-with-diagnostics,5,1,1,0,1
iferr,extracted,5,1,1,0,0
iframe-resizer,extracted,33,1,1,0,0
ifvisible,extracted,11,1,1,0,0
ignite-ui,extracted,0,1,1,0,0
ignore-by-default,extracted,1,1,1,0,0
ignore-styles,extracted-with-diagnostics,4,1,1,0,5
ignore-walk,extracted-with-diagnostics,224,1,1,0,5
iitc,extracted,570,1,1,0,0
iltorb,extracted-with-diagnostics,11,1,1,0,5
image-blob-reduce,extracted,12,1,1,0,0
image-thumbnail,extracted-with-diagnostics,2,1,1,0,5
image-to-base64,extracted,1,1,1,0,0
imagemagick,extracted-with-diagnostics,8,1,1,0,5
imagemagick-native,extracted-with-diagnostics,539,1,1,0,5
imagemapster,extracted,0,1,1,0,0
imagemin,extracted-with-diagnostics,3,1,1,0,5
imagemin-gifsicle,extracted-with-diagnostics,1,1,1,0,5
imagemin-jpegtran,extracted-with-diagnostics,1,1,1,0,5
imagemin-mozjpeg,extracted-with-diagnostics,1,1,1,0,5
imagemin-optipng,extracted-with-diagnostics,1,1,1,0,5
imagemin-svgo,extracted-with-diagnostics,1,1,1,0,6
imagemin-upng,extracted-with-diagnostics,1,1,1,0,5
imagemin-webp,extracted-with-diagnostics,1,1,1,0,5
imagemin-zopfli,extracted-with-diagnostics,1,1,1,0,5
imagesloaded,extracted,0,1,1,0,0
imap,extracted-with-diagnostics,172,1,1,0,5
imap-simple,extracted-with-diagnostics,187,1,1,0,5
img-clipboard,extracted-with-diagnostics,2,1,1,0,5
imgur-rest-api,extracted,0,1,1,0,0
immediate,extracted,1,1,1,0,0
imperium,extracted-with-diagnostics,29,1,1,0,5
imsi-grok,extracted,1,1,1,0,0
imtype,extracted,5,1,1,0,0
imul,extracted,1,1,1,0,0
imurmurhash,extracted,6,1,1,0,0
in-app-purchase,extracted,17,1,1,0,0
inboxsdk,extracted,394,1,1,0,0
indefinite,extracted,1,1,1,0,0
indy-sdk,extracted-with-diagnostics,82,1,1,0,1
inert,extracted-with-diagnostics,2,1,1,0,6
ineum,extracted,0,1,1,0,0
infinite-scroll,extracted,24,1,1,0,0
inflation,extracted-with-diagnostics,1,1,1,0,5
inflected,extracted,30,1,1,0,0
inflight,extracted,1,1,1,0,0
infobox-parser,extracted,1,1,1,0,0
inherits,extracted-with-diagnostics,1,1,1,0,5
ini,extracted,6,1,1,0,0
iniparser,extracted,3,1,1,0,0
init-package-json,extracted,4,1,1,0,0
initrc,extracted,5,1,1,0,0
injectpromise,extracted,1,1,1,0,0
ink-big-text,extracted-with-diagnostics,1,1,1,0,1
ink-box,extracted-with-diagnostics,1,1,1,0,1
ink-gradient,extracted-with-diagnostics,1,1,1,0,1
ink-select-input,extracted-with-diagnostics,5,1,1,0,1
ink-spinner,extracted-with-diagnostics,6,1,1,0,2
ink-table,extracted-with-diagnostics,0,1,1,0,1
ink-testing-library,extracted-with-diagnostics,6,1,1,0,1
ink-text-animation,extracted-with-diagnostics,5,1,1,0,1
ink-text-input,extracted-with-diagnostics,0,1,1,0,1
inline-critical,extracted,1,1,1,0,0
inline-css,extracted-with-diagnostics,1,1,1,0,1
inline-style-prefixer,extracted,4,1,1,0,0
input-moment,extracted-with-diagnostics,6,1,1,0,2
inputmask,extracted,28,1,1,0,0
inquirer,extracted-with-diagnostics,95,1,1,0,9
inquirer-autocomplete-prompt,extracted-with-diagnostics,14,1,1,0,12
inquirer-fuzzy-path,extracted-with-diagnostics,4,1,1,0,14
inquirer-npm-name,extracted-with-diagnostics,1,1,1,0,9
insane,extracted,3,1,1,0,0
insert-css,extracted,1,1,1,0,0
insert-module-globals,extracted-with-diagnostics,9,1,1,0,5
insert-text-at-cursor,extracted,1,1,1,0,0
insight,extracted,12,1,1,0,0
inspectlet-es,extracted,2,1,1,0,0
instafeed.js,extracted,6,1,1,0,0
int53,extracted-with-diagnostics,8,1,1,0,5
integer,extracted,372,1,1,0,0
integrate-adaptive-simpson,extracted,1,1,1,0,0
intercept-stdout,extracted-with-diagnostics,1,1,1,0,5
intercom-web,extracted,0,1,1,0,0
intercomjs,extracted,0,1,1,0,0
interpret,extracted-with-diagnostics,4,1,1,0,5
intersect,extracted,3,1,1,0,0
intersects,extracted,41,1,1,0,0
intersperse,extracted,1,1,1,0,0
intl,extracted,0,1,1,0,0
intl-tel-input,extracted,14,1,1,0,0
intl-unofficial-duration-unit-format,extracted,3,1,1,0,0
intrinsic-scale,extracted,2,1,1,0,0
intro.js,extracted,32,1,1,0,0
invariant,extracted,4,1,1,0,0
inversify-devtools,extracted-with-diagnostics,2,1,1,0,1
invity-api,extracted,0,1,1,0,0
ion-rangeslider,extracted,8,1,1,0,0
iopipe__iopipe,extracted,6,1,1,0,0
ioredis-mock,extracted-with-diagnostics,17,1,1,0,1
iost-contract,extracted,0,1,1,0,0
iota.lib.js,extracted,126,1,1,0,0
ip,extracted-with-diagnostics,20,1,1,0,5
ip-packet,extracted-with-diagnostics,180,1,1,0,5
ip-to-int,extracted,1,1,1,0,0
ip1sms__is-disposable-phone-number,extracted,1,1,1,0,0
ip6addr,extracted,26,1,1,0,0
ipcheck,extracted,6,1,1,0,0
ipp,extracted-with-diagnostics,105,1,1,0,5
ipp-printer,extracted-with-diagnostics,1988,1,1,0,5
iput,extracted-with-diagnostics,9,1,1,0,1
ipv4-peers,extracted-with-diagnostics,4,1,1,0,5
irc,extracted-with-diagnostics,218,1,1,0,5
iri,extracted,20,1,1,0,0
iron,extracted-with-diagnostics,94,1,1,0,5
is,extracted,0,1,1,0,0
is-absolute,extracted,3,1,1,0,0
is-array,extracted,1,1,1,0,0
is-base64,extracted,1,1,1,0,0
is-blank,extracted,1,1,1,0,0
is-buffer,extracted-with-diagnostics,1,1,1,0,5
is-callable,extracted,1,1,1,0,0
is-charging,extracted,1,1,1,0,0
is-ci,extracted-with-diagnostics,0,1,1,0,1
is-color,extracted,10,1,1,0,0
is-core-module,extracted,1,1,1,0,0
is-data-descriptor,extracted,2,1,1,0,0
is-deflate,extracted-with-diagnostics,1,1,1,0,1
is-dom,extracted,1,1,1,0,0
is-domain-name,extracted,1,1,1,0,0
is-dotdir,extracted,1,1,1,0,0
is-dotfile,extracted,1,1,1,0,0
is-electron-renderer,extracted,0,1,1,0,0
is-email,extracted,1,1,1,0,0
is-empty,extracted,1,1,1,0,0
is-empty-object,extracted,1,1,1,0,0
is-equal-shallow,extracted,1,1,1,0,0
is-errno-exception,extracted-with-diagnostics,1,1,1,0,5
is-even,extracted,1,1,1,0,0
is-expression,extracted-with-diagnostics,1,1,1,0,1
is-extglob,extracted,1,1,1,0,0
is-file-esm,extracted,3,1,1,0,0
is-finite,extracted,1,1,1,0,0
is-firefox,extracted,0,1,1,0,0
is-fqdn,extracted,1,1,1,0,0
is-function,extracted,1,1,1,0,0
is-generator,extracted,2,1,1,0,0
is-gif,extracted,1,1,1,0,0
is-git-clean,extracted,2,1,1,0,0
is-git-url,extracted,1,1,1,0,0
is-github-url,extracted,1,1,1,0,0
is-glob,extracted,1,1,1,0,0
is-gzip,extracted-with-diagnostics,1,1,1,0,1
is-hotkey,extracted,14,1,1,0,0
is-html,extracted,1,1,1,0,0
is-http-url,extracted,1,1,1,0,0
is-integer,extracted,1,1,1,0,0
is-iterable,extracted,1,1,1,0,0
is-lambda,extracted,0,1,1,0,0
is-natural-number,extracted,1,1,1,0,0
is-negated-glob,extracted,1,1,1,0,0
is-number,extracted,1,1,1,0,0
is-number-like,extracted,1,1,1,0,0
is-object,extracted,1,1,1,0,0
is-odd,extracted,1,1,1,0,0
is-piped,extracted,2,1,1,0,0
is-posix-bracket,extracted,1,1,1,0,0
is-potential-custom-element-name,extracted,1,1,1,0,0
is-pr,extracted,0,1,1,0,0
is-relative,extracted,1,1,1,0,0
is-relative-path,extracted,1,1,1,0,0
is-resolvable,extracted,1,1,1,0,0
is-running,extracted,1,1,1,0,0
is-secret,extracted,2,1,1,0,0
is-semver,extracted,1,1,1,0,0
is-ssh,extracted,1,1,1,0,0
is-string,extracted,1,1,1,0,0
is-touch-device,extracted,1,1,1,0,0
is-trademarked,extracted,1,1,1,0,0
is-typedarray,extracted-with-diagnostics,3,1,1,0,5
is-unc-path,extracted,1,1,1,0,0
is-uri,extracted,1,1,1,0,0
is-url,extracted,1,1,1,0,0
is-utf8,extracted-with-diagnostics,1,1,1,0,5
is-uuid,extracted,7,1,1,0,0
is-valid-domain,extracted,1,1,1,0,0
is-valid-glob,extracted,2,1,1,0,0
is-valid-path,extracted,1,1,1,0,0
is-valid-zipcode,extracted,1,1,1,0,0
is-windows,extracted,1,1,1,0,0
isaac,extracted,6,1,1,0,0
isarray,extracted,1,1,1,0,0
isbn-utils,extracted,11,1,1,0,0
iscroll,extracted,0,1,1,0,0
isexe,extracted-with-diagnostics,4,1,1,0,5
iso-3166-1-alpha-2,extracted,5,1,1,0,0
iso-3166-2,extracted,2,1,1,0,0
iso8601-localizer,extracted,3,1,1,0,0
isomorphic-fetch,extracted,0,1,1,0,0
isomorphic-form-data,extracted-with-diagnostics,0,1,1,0,1
isomorphic-git__lightning-fs,extracted,51,1,1,0,0
isomorphic-git__openpgp-plugin,extracted,2,1,1,0,0
isotope-layout,extracted,21,1,1,0,0
isstream,extracted,4,1,1,0,0
issue-parser,extracted,2,1,1,0,0
istanbul,extracted,24,1,1,0,0
istanbul-lib-coverage,extracted,34,1,1,0,0
istanbul-lib-hook,extracted,11,1,1,0,0
istanbul-lib-instrument,extracted-with-diagnostics,23,1,1,0,1
istanbul-lib-report,extracted,76,1,1,0,0
istanbul-lib-source-maps,extracted-with-diagnostics,12,1,1,0,1
istanbul-middleware,extracted-with-diagnostics,8,1,1,0,5
istanbul-reports,extracted,16,1,1,0,0
istanbuljs__nyc-config-babel,extracted,0,1,1,0,0
isurl,extracted,2,1,1,0,0
itemsjs,extracted,5,1,1,0,0
iterate-iterator,extracted,2,1,1,0,0
iterate-object,extracted,6,1,1,0,0
iterate-value,extracted,2,1,1,0,0
itowns,extracted,18315,1,1,0,0
itty-router-extras,extracted-with-diagnostics,9,1,1,0,1
itunesconnectanalytics,extracted-with-diagnostics,19,1,1,0,1
ityped,extracted,1,1,1,0,0
iv-viewer,extracted,24,1,1,0,0
ix.js,extracted,804,1,1,0,0
iyzipay,extracted,159,1,1,0,0
jabber,extracted,8,1,1,0,0
jackrabbit,extracted-with-diagnostics,1,1,1,0,5
jade,extracted,8,1,1,0,0
jaeger-client,extracted-with-diagnostics,27,1,1,0,7
jake,extracted-with-diagnostics,0,1,1,0,5
jalaali-js,extracted,13,1,1,0,0
jambonz__node-client,extracted,57,1,1,0,0
japan-postal-code,extracted,2,1,1,0,0
japanese-characters,extracted,1,1,1,0,0
japanese-holidays,extracted,14,1,1,0,0
jaro-winkler,extracted,1,1,1,0,0
jasmine,extracted,45,1,1,0,0
jasmine-ajax,extracted,0,1,1,0,0
jasmine-data-provider,extracted,3,1,1,0,0
jasmine-data_driven_tests,extracted,0,1,1,0,0
jasmine-enzyme,extracted-with-diagnostics,1,1,1,0,1
jasmine-es6-promise-matchers,extracted,0,1,1,0,0
jasmine-expect-jsx,extracted-with-diagnostics,0,1,1,0,1
jasmine-fixture,extracted,0,1,1,0,0
jasmine-given,extracted,0,1,1,0,0
jasmine-jquery,extracted,0,1,1,0,0
jasmine-matchers,extracted,0,1,1,0,0
jasmine-promise-matchers,extracted,0,1,1,0,0
jasmine-reporters,extracted,5,1,1,0,0
jasmine_dom_matchers,extracted,0,1,1,0,0
jasminewd2,extracted,0,1,1,0,0
java,extracted,54,1,1,0,0
java-applet,extracted,0,1,1,0,0
javascript-astar,extracted,0,1,1,0,0
javascript-bignum,extracted,0,1,1,0,0
javascript-color-gradient,extracted,8,1,1,0,0
javascript-natural-sort,extracted,1,1,1,0,0
javascript-state-machine,extracted,17,1,1,0,0
jayrbolton__suffix-tree,extracted,7,1,1,0,0
jbinary,extracted-with-diagnostics,140,1,1,0,5
jcanvas,extracted,0,1,1,0,0
jcof,extracted,3,1,1,0,0
jconv,extracted-with-diagnostics,7,1,1,0,5
jdataview,extracted,112,1,1,0,0
jee-jsf,extracted,0,1,1,0,0
jenkins,extracted-with-diagnostics,74,1,1,0,6
jest,extracted-with-diagnostics,0,1,1,0,3
jest-axe,extracted-with-diagnostics,6,1,1,0,4
jest-dev-server,extracted-with-diagnostics,5,1,1,0,5
jest-environment-puppeteer,extracted-with-diagnostics,6,1,1,0,3
jest-environment-vscode-extension,extracted,0,1,1,0,0
jest-image-snapshot,extracted-with-diagnostics,3,1,1,0,7
jest-in-case,extracted-with-diagnostics,1,1,1,0,8
jest-json-schema,extracted-with-diagnostics,1,1,1,0,4
jest-matcher-one-of,extracted-with-diagnostics,0,1,1,0,3
jest-plugin-context,extracted-with-diagnostics,0,1,1,0,3
jest-plugin-set,extracted,0,1,1,0,0
jest-sinon,extracted-with-diagnostics,0,1,1,0,3
jest-specific-snapshot,extracted-with-diagnostics,2,1,1,0,3
jest-when,extracted-with-diagnostics,32,1,1,0,3
jexcel,extracted,122,1,1,0,0
jexl,extracted,13,1,1,0,0
jfp,extracted,292,1,1,0,0
jfs,extracted,12,1,1,0,0
jiff,extracted,6,1,1,0,0
jira-client,extracted-with-diagnostics,218,1,1,0,7
jira2slack,extracted,2,1,1,0,0
jitsi-meet,extracted,86,1,1,0,0
jju,extracted,8,1,1,0,0
jjv,extracted,8,1,1,0,0
jjve,extracted,2,1,1,0,0
jmespath,extracted,1,1,1,0,0
jmuxer,extracted-with-diagnostics,8,1,1,0,5
johnny-five,extracted-with-diagnostics,481,1,1,0,5
joi-phone-number,extracted-with-diagnostics,1,1,1,0,6
joigoose,extracted-with-diagnostics,2,1,1,0,2
josa,extracted,7,1,1,0,0
jotform-css.js,extracted,17,1,1,0,0
jp-conversion,extracted,2,1,1,0,0
jpeg-autorotate,extracted-with-diagnostics,2,1,1,0,5
jpegtran-bin,extracted-with-diagnostics,0,1,1,0,5
jpm,extracted,139,1,1,0,0
jqgrid,extracted,0,1,1,0,0
jqrangeslider,extracted,0,1,1,0,0
jquery,extracted,4060,8,8,0,0
jquery-ajax-chain,extracted,0,1,1,0,0
jquery-alertable,extracted,0,1,1,0,0
jquery-animate-scroll,extracted,0,1,1,0,0
jquery-awesome-cursor,extracted,0,1,1,0,0
jquery-backstretch,extracted,0,1,1,0,0
jquery-countdown,extracted,0,1,1,0,0
jquery-countto,extracted,0,1,1,0,0
jquery-cropbox,extracted,0,1,1,0,0
jquery-cropper,extracted,0,1,1,0,0
jquery-deferred,extracted,43,1,1,0,0
jquery-deparam,extracted,1,1,1,0,0
jquery-deserialize,extracted,0,1,1,0,0
jquery-drawer,extracted,0,1,1,0,0
jquery-easy-loading,extracted,0,1,1,0,0
jquery-editable-select,extracted,0,1,1,0,0
jquery-focus-exit,extracted,0,1,1,0,0
jquery-focusable,extracted,0,1,1,0,0
jquery-formatdatetime,extracted,0,1,1,0,0
jquery-fullscreen,extracted,0,1,1,0,0
jquery-galleria,extracted,0,1,1,0,0
jquery-gray,extracted,0,1,1,0,0
jquery-handsontable,extracted,0,1,1,0,0
jquery-jcrop,extracted,0,1,1,0,0
jquery-jsonrpcclient,extracted,0,1,1,0,0
jquery-knob,extracted,0,1,1,0,0
jquery-lazyload,extracted,0,1,1,0,0
jquery-loading-overlay,extracted,0,1,1,0,0
jquery-mask-plugin,extracted,0,1,1,0,0
jquery-maskmoney,extracted,0,1,1,0,0
jquery-match-height,extracted,0,1,1,0,0
jquery-migrate,extracted,0,1,1,0,0
jquery-mockjax,extracted,0,1,1,0,0
jquery-monthpicker,extracted,0,1,1,0,0
jquery-mouse-exit,extracted,0,1,1,0,0
jquery-mousewheel,extracted,1,1,1,0,0
jquery-next-id,extracted,1,1,1,0,0
jquery-param,extracted,1,1,1,0,0
jquery-slimscroll,extracted,0,1,1,0,0
jquery-slugify,extracted,0,1,1,0,0
jquery-sortable,extracted,0,1,1,0,0
jquery-steps,extracted,0,1,1,0,0
jquery-sticky,extracted,0,1,1,0,0
jquery-tags-input,extracted,0,1,1,0,0
jquery-timeentry,extracted,0,1,1,0,0
jquery-toast-plugin,extracted,0,1,1,0,0
jquery-toastmessage-plugin,extracted,0,1,1,0,0
jquery-touchswipe,extracted,0,1,1,0,0
jquery-truncate-html,extracted,0,1,1,0,0
jquery-typeahead,extracted,0,1,1,0,0
jquery-urlparam,extracted,0,1,1,0,0
jquery-validation-unobtrusive,extracted,0,1,1,0,0
jquery.address,extracted,0,1,1,0,0
jquery.appear,extracted,0,1,1,0,0
jquery.are-you-sure,extracted,0,1,1,0,0
jquery.autosize,extracted,0,1,1,0,0
jquery.base64,extracted,0,1,1,0,0
jquery.bbq,extracted-with-diagnostics,0,1,1,0,1
jquery.blockui,extracted,0,1,1,0,0
jquery.bootstrap.wizard,extracted,0,1,1,0,0
jquery.browser,extracted,1,1,1,0,0
jquery.cleditor,extracted,0,1,1,0,0
jquery.clientsidelogging,extracted,0,1,1,0,0
jquery.color,extracted,0,1,1,0,0
jquery.colorbox,extracted,0,1,1,0,0
jquery.colorpicker,extracted,0,1,1,0,0
jquery.contextmenu,extracted,0,1,1,0,0
jquery.cookie,extracted,0,1,1,0,0
jquery.customselect,extracted,0,1,1,0,0
jquery.cycle,extracted,0,1,1,0,0
jquery.cycle2,extracted,0,1,1,0,0
jquery.dropotron,extracted,0,1,1,0,0
jquery.dynatree,extracted,0,1,1,0,0
jquery.elang,extracted,0,1,1,0,0
jquery.fancytree,extracted,0,1,1,0,0
jquery.fileupload,extracted,0,1,1,0,0
jquery.filtertable,extracted,0,1,1,0,0
jquery.finger,extracted,0,1,1,0,0
jquery.flagstrap,extracted,0,1,1,0,0
jquery.form,extracted,0,1,1,0,0
jquery.fullscreen,extracted,0,1,1,0,0
jquery.gridster,extracted,0,1,1,0,0
jquery.growl,extracted,0,1,1,0,0
jquery.highlight-bartaz,extracted,0,1,1,0,0
jquery.jnotify,extracted-with-diagnostics,0,1,1,0,2
jquery.joyride,extracted,0,1,1,0,0
jquery.jsignature,extracted,0,1,1,0,0
jquery.leanmodal,extracted,0,1,1,0,0
jquery.livestampjs,extracted-with-diagnostics,5,1,1,0,2
jquery.menuaim,extracted,0,1,1,0,0
jquery.mmenu,extracted,0,1,1,0,0
jquery.nicescroll,extracted,0,1,1,0,0
jquery.notify,extracted,0,1,1,0,0
jquery.notifybar,extracted,0,1,1,0,0
jquery.noty,extracted-with-diagnostics,0,1,1,0,13
jquery.payment,extracted,0,1,1,0,0
jquery.pin,extracted,0,1,1,0,0
jquery.pjax,extracted,0,1,1,0,0
jquery.placeholder,extracted,0,1,1,0,0
jquery.pnotify,extracted,0,1,1,0,0
jquery.postmessage,extracted,0,1,1,0,0
jquery.prettyphoto,extracted,0,1,1,0,0
jquery.qrcode,extracted,0,1,1,0,0
jquery.rateit,extracted,0,1,1,0,0
jquery.rowgrid,extracted,0,1,1,0,0
jquery.scrollto,extracted,0,1,1,0,0
jquery.simplemodal,extracted,0,1,1,0,0
jquery.simplepagination,extracted,0,1,1,0,0
jquery.simulate,extracted,0,1,1,0,0
jquery.soap,extracted,0,1,1,0,0
jquery.sortelements,extracted,0,1,1,0,0
jquery.stickem,extracted,0,1,1,0,0
jquery.superlink,extracted,0,1,1,0,0
jquery.tagsmanager,extracted,0,1,1,0,0
jquery.tile,extracted,0,1,1,0,0
jquery.timeago,extracted,0,1,1,0,0
jquery.timepicker,extracted,0,1,1,0,0
jquery.timer,extracted,0,1,1,0,0
jquery.tinycarousel,extracted,0,1,1,0,0
jquery.tinyscrollbar,extracted,0,1,1,0,0
jquery.tipsy,extracted,0,1,1,0,0
jquery.tools,extracted,0,1,1,0,0
jquery.total-storage,extracted,0,1,1,0,0
jquery.transit,extracted,0,1,1,0,0
jquery.ui.datetimepicker,extracted,0,1,1,0,0
jquery.ui.layout,extracted,0,1,1,0,0
jquery.uniform,extracted,0,1,1,0,0
jquery.validation,extracted,0,1,1,0,0
jquery.watermark,extracted,0,1,1,0,0
jquery.window,extracted,0,1,1,0,0
jquerymobile,extracted,0,1,1,0,0
jqueryui,extracted,0,1,1,0,0
jrf-pip,extracted,1,1,1,0,0
js-beautify,extracted,7,1,1,0,0
js-captcha,extracted,4,1,1,0,0
js-clipper,extracted,0,1,1,0,0
js-cookie,extracted,26,2,2,0,0
js-crc,extracted,2,1,1,0,0
js-data-angular,extracted-with-diagnostics,0,1,1,0,13
js-fixtures,extracted,0,1,1,0,0
js-git,extracted,0,1,1,0,0
js-gravatar,extracted,3,1,1,0,0
js-image-zoom,extracted,2,1,1,0,0
js-levenshtein,extracted,1,1,1,0,0
js-md5,extracted,33,1,1,0,0
js-money,extracted,38,1,1,0,0
js-nacl,extracted,29,1,1,0,0
js-priority-queue,extracted,19,1,1,0,0
js-quantities,extracted,40,1,1,0,0
js-rijndael,extracted,7,1,1,0,0
js-roman-numerals,extracted,4,1,1,0,0
js-schema,extracted,1,1,1,0,0
js-search,extracted,34,1,1,0,0
js-sha1,extracted,7,1,1,0,0
js-string-escape,extracted,1,1,1,0,0
js-to-java,extracted,66,1,1,0,0
js-untar,extracted,6,1,1,0,0
js-url,extracted,0,1,1,0,0
js-worker-search,extracted,4,1,1,0,0
js-yaml,extracted,34,2,2,0,0
js.spec,extracted,43,1,1,0,0
js2coffee,extracted-with-diagnostics,47,1,1,0,1
jsan,extracted,2,1,1,0,0
jsbarcode,extracted-with-diagnostics,2,1,1,0,5
jsbn,extracted,221,1,1,0,0
jsbox-app,extracted,0,1,1,0,0
jsboxmuller,extracted,1,1,1,0,0
jschannel,extracted,11,1,1,0,0
jscodeshift,extracted-with-diagnostics,24,1,1,0,14
jscrollpane,extracted,0,1,1,0,0
jsdeferred,extracted,0,1,1,0,0
jsdoc-to-markdown,extracted,8,1,1,0,0
jsdom,extracted-with-diagnostics,409,1,1,0,8
jsdom-global,extracted-with-diagnostics,1,1,1,0,8
jsdom-screenshot,extracted-with-diagnostics,4,1,1,0,1
jsen,extracted,12,1,1,0,0
jsend,extracted,0,1,1,0,0
jsesc,extracted,1,1,1,0,0
jsfl,extracted-with-diagnostics,0,1,1,0,114
jsforce,extracted-with-diagnostics,10798,1,1,0,5
jsftp,extracted-with-diagnostics,112,1,1,0,5
jsgraph,extracted,199,1,1,0,0
jshamcrest,extracted,0,1,1,0,0
jshint,extracted,9,1,1,0,0
jskana,extracted,11,1,1,0,0
jslib-html5-camera-photo,extracted,7,1,1,0,0
jsmediatags,extracted,26,1,1,0,0
jsmidgen,extracted,49,1,1,0,0
jsmockito,extracted,0,1,1,0,0
jsnox,extracted-with-diagnostics,1,1,1,0,3
json-api-serializer,extracted,19,1,1,0,0
json-bigint,extracted,1,1,1,0,0
json-buffer,extracted,2,1,1,0,0
json-diff,extracted,4,1,1,0,0
json-dup-key-validator,extracted,2,1,1,0,0
json-editor,extracted,12,1,1,0,0
json-file-plus,extracted-with-diagnostics,16,1,1,0,5
json-fixer,extracted,1,1,1,0,0
json-form-data,extracted,1,1,1,0,0
json-js,extracted,0,1,1,0,0
json-logic-js,extracted,9,1,1,0,0
json-mask,extracted,3,1,1,0,0
json-merge-patch,extracted,8,1,1,0,0
json-parse-better-errors,extracted,1,1,1,0,0
json-parse-helpfulerror,extracted,1,1,1,0,0
json-parse-safe,extracted,1,1,1,0,0
json-patch,extracted,2,1,1,0,0
json-patch-gen,extracted,1,1,1,0,0
json-pointer,extracted,28,1,1,0,0
json-query,extracted,2,1,1,0,0
json-rpc-random-id,extracted,1,1,1,0,0
json-rpc-ws,extracted-with-diagnostics,165,1,1,0,5
json-schema,extracted,3,1,1,0,0
json-schema-compare,extracted,1,1,1,0,0
json-schema-generator,extracted,1,1,1,0,0
json-schema-md-doc,extracted,92,1,1,0,0
json-schema-merge-allof,extracted,76,1,1,0,0
json-server,extracted-with-diagnostics,162,1,1,0,6
json-socket,extracted-with-diagnostics,174,1,1,0,5
json-source-map,extracted,2,1,1,0,0
json-stable-stringify-without-jsonify,extracted,3,1,1,0,0
json-stream,extracted-with-diagnostics,288,1,1,0,5
json-string-splitter,extracted,1,1,1,0,0
json-stringify-nice,extracted,1,1,1,0,0
json-stringify-safe,extracted,3,1,1,0,0
json-templates,extracted,1,1,1,0,0
json-to-ast,extracted,1,1,1,0,0
json-to-go,extracted,4,1,1,0,0
json-to-pretty-yaml,extracted,1,1,1,0,0
json2csv,extracted-with-diagnostics,2103,1,1,0,5
json2md,extracted,16,1,1,0,0
json2mq,extracted,1,1,1,0,0
json2xls,extracted-with-diagnostics,2,1,1,0,5
json2xml,extracted,1,1,1,0,0
json3,extracted,0,1,1,0,0
json8-patch,extracted,19,1,1,0,0
json_ml,extracted-with-diagnostics,2,1,1,0,2
jsonabc,extracted,3,1,1,0,0
jsonapi-serializer,extracted,15,1,1,0,0
jsoneditor,extracted-with-diagnostics,743,1,1,0,1
jsoneditor-for-react,extracted-with-diagnostics,5,1,1,0,2
jsonexport,extracted-with-diagnostics,5,1,1,0,5
jsonfile,extracted-with-diagnostics,22,1,1,0,5
jsonld,extracted,27,1,1,0,0
jsonlines,extracted-with-diagnostics,3810,1,1,0,5
jsonlint,extracted,1,1,1,0,0
jsonminify,extracted,1,1,1,0,0
jsonnet,extracted,3,1,1,0,0
jsonp,extracted,2,1,1,0,0
jsonp-promise,extracted,1,1,1,0,0
jsonpack,extracted,3,1,1,0,0
jsonpath,extracted,9,1,1,0,0
jsonpath-plus,extracted,4,1,1,0,0
jsonpointer,extracted,5,1,1,0,0
jsonquery,extracted-with-diagnostics,2,1,1,0,5
jsonrpc-serializer,extracted,21,1,1,0,0
jsonschema-protobuf,extracted,1,1,1,0,0
jsonstream,extracted-with-diagnostics,7,1,1,0,5
jsonstream-next,extracted-with-diagnostics,8,1,1,0,5
jsontoxml,extracted,3,1,1,0,0
jsonwebtoken,extracted-with-diagnostics,28,1,1,0,5
jsonwebtoken-promisified,extracted-with-diagnostics,20,1,1,0,5
jspath,extracted,1,1,1,0,0
jspreadsheet-ce,extracted,124,1,1,0,0
jsprim,extracted,27,1,1,0,0
jsprintmanager,extracted,50,1,1,0,0
jsqrcode,extracted,0,1,1,0,0
jsqubits,extracted,121,1,1,0,0
jsreport,extracted-with-diagnostics,333,1,1,0,5
jsreport-assets,extracted-with-diagnostics,1,1,1,0,5
jsreport-chrome-pdf,extracted-with-diagnostics,1,1,1,0,5
jsreport-client,extracted-with-diagnostics,1,1,1,0,5
jsreport-core,extracted-with-diagnostics,333,1,1,0,5
jsreport-docx,extracted-with-diagnostics,1,1,1,0,5
jsreport-handlebars,extracted-with-diagnostics,1,1,1,0,5
jsreport-html-embedded-in-docx,extracted-with-diagnostics,1,1,1,0,5
jsreport-html-to-xlsx,extracted-with-diagnostics,1,1,1,0,5
jsreport-jsrender,extracted-with-diagnostics,1,1,1,0,5
jsreport-pdf-utils,extracted-with-diagnostics,1,1,1,0,5
jsreport-phantom-pdf,extracted-with-diagnostics,1,1,1,0,5
jsreport-reports,extracted-with-diagnostics,1,1,1,0,5
jsreport-scripts,extracted-with-diagnostics,1,1,1,0,5
jsreport-templates,extracted-with-diagnostics,1,1,1,0,5
jsreport-xlsx,extracted-with-diagnostics,1,1,1,0,5
jsreport__nodejs-client,extracted-with-diagnostics,290,1,1,0,5
jsrp,extracted,19,1,1,0,0
jsrsasign,extracted,1076,1,1,0,0
jsspec__jsspec,extracted,0,1,1,0,0
jstimezonedetect,extracted,1,1,1,0,0
jstorage,extracted,0,1,1,0,0
jstoxml,extracted,1,1,1,0,0
jstree,extracted,0,1,1,0,0
jsts,extracted,1255,1,1,0,0
jsuite,extracted,0,1,1,0,0
jsum,extracted,2,1,1,0,0
jsuri,extracted,58,1,1,0,0
jsurl,extracted,3,1,1,0,0
jsurl2,extracted,3,1,1,0,0
jsvectormap,extracted,246,1,1,0,0
jsx-ast-utils,extracted,8,1,1,0,0
jsx-chai,extracted-with-diagnostics,1,1,1,0,1
jsx-pdf,extracted-with-diagnostics,1,1,1,0,5
jug,extracted,1,1,1,0,0
jui,extracted,156,1,1,0,0
jui-core,extracted,120,1,1,0,0
jui-grid,extracted,161,1,1,0,0
jump.js,extracted,2,1,1,0,0
junit-report-builder,extracted,26,1,1,0,0
justified-layout,extracted,1,1,1,0,0
justifiedgallery,extracted,1,1,1,0,0
jwa,extracted,1,1,1,0,0
jweixin,extracted,75,1,1,0,0
jwk-to-pem,extracted,1,1,1,0,0
jwplayer,extracted,0,1,1,0,0
jws,extracted-with-diagnostics,202,1,1,0,5
jwt-client,extracted,7,1,1,0,0
jwt-encode,extracted,1,1,1,0,0
jwt-express,extracted-with-diagnostics,12,1,1,0,5
jwt-simple,extracted,2,1,1,0,0
jwt-then,extracted-with-diagnostics,2,1,1,0,5
jxon,extracted,12,1,1,0,0
k-bucket,extracted-with-diagnostics,50,1,1,0,5
k6,extracted,3105,18,18,0,0
k6__x__socketio,extracted,10,1,1,0,0
kafka-node-avro,extracted,2,1,1,0,0
kafkajs-snappy,extracted-with-diagnostics,1,1,1,0,5
kahoot.js-updated,extracted-with-diagnostics,176,1,1,0,5
kakao-js-sdk,extracted,0,1,1,0,0
kakao-pixel,extracted,0,1,1,0,0
kakao.postcode,extracted,0,1,1,0,0
kakaomaps,extracted,0,1,1,0,0
kalmanjs,extracted,12,1,1,0,0
kaluma,extracted-with-diagnostics,54,1,1,0,3
kamailio-kemi,extracted,0,1,1,0,0
kana2ipa,extracted,2,1,1,0,0
kap-plugin,extracted-with-diagnostics,8,1,1,0,2
karma,extracted-with-diagnostics,122,1,1,0,6
karma-brief-reporter,extracted-with-diagnostics,0,1,1,0,6
karma-browserify,extracted-with-diagnostics,0,1,1,0,6
karma-browserstack-launcher,extracted-with-diagnostics,0,1,1,0,6
karma-chai,extracted-with-diagnostics,0,1,1,0,1
karma-chai-sinon,extracted-with-diagnostics,0,1,1,0,1
karma-chrome-launcher,extracted-with-diagnostics,0,1,1,0,6
karma-coverage,extracted-with-diagnostics,0,1,1,0,6
karma-coverage-istanbul-reporter,extracted,0,1,1,0,0
karma-detect-browsers,extracted-with-diagnostics,0,1,1,0,6
karma-env-preprocessor,extracted-with-diagnostics,0,1,1,0,6
karma-firefox-launcher,extracted-with-diagnostics,0,1,1,0,6
karma-fixture,extracted,0,1,1,0,0
karma-html-detailed-reporter,extracted-with-diagnostics,0,1,1,0,6
karma-html2js-preprocessor,extracted-with-diagnostics,0,1,1,0,6
karma-ie-launcher,extracted-with-diagnostics,0,1,1,0,6
karma-image-snapshot,extracted-with-diagnostics,0,1,1,0,8
karma-jasmine,extracted-with-diagnostics,0,1,1,0,6
karma-jasmine-html-reporter,extracted-with-diagnostics,0,1,1,0,6
karma-jasmine-spec-tags,extracted-with-diagnostics,0,1,1,0,6
karma-jsdom-launcher,extracted-with-diagnostics,0,1,1,0,9
karma-json-preprocessor,extracted-with-diagnostics,0,1,1,0,6
karma-json-to-file-reporter,extracted-with-diagnostics,0,1,1,0,6
karma-junit-reporter,extracted-with-diagnostics,0,1,1,0,6
karma-material-reporter,extracted-with-diagnostics,0,1,1,0,6
karma-mocha,extracted-with-diagnostics,0,1,1,0,6
karma-mocha-reporter,extracted-with-diagnostics,0,1,1,0,6
karma-notify-reporter,extracted-with-diagnostics,0,1,1,0,6
karma-nyan-reporter,extracted-with-diagnostics,0,1,1,0,6
karma-parallel,extracted-with-diagnostics,0,1,1,0,6
karma-remap-coverage,extracted-with-diagnostics,0,1,1,0,6
karma-rollup-preprocessor,extracted-with-diagnostics,0,1,1,0,7
karma-sinon-chai,extracted-with-diagnostics,0,1,1,0,7
karma-snapshot,extracted-with-diagnostics,0,1,1,0,6
karma-spec-reporter,extracted-with-diagnostics,0,1,1,0,6
karma-summary-reporter,extracted-with-diagnostics,0,1,1,0,6
karma-webpack,extracted-with-diagnostics,0,1,1,0,8
katex,extracted,3,1,1,0,0
kavenegar,extracted,20,1,1,0,0
kbm-robot,extracted,13,1,1,0,0
kcors,extracted-with-diagnostics,1,1,1,0,5
kd-tree-javascript,extracted,5,1,1,0,0
kdbush,extracted,4,1,1,0,0
kebabcase-keys,extracted,1,1,1,0,0
keccak,extracted-with-diagnostics,3812,1,1,0,5
keen-tracking,extracted,5,1,1,0,0
keep-network__tbtc.js,extracted-with-diagnostics,2686,1,1,0,5
kefir,extracted-with-diagnostics,403,1,1,0,5
kendo-ui,extracted,0,1,1,0,0
kerberos,extracted,19,1,1,0,0
keyboardjs,extracted,20,1,1,0,0
keychain,extracted,3,1,1,0,0
keycloak-connect-roles,extracted-with-diagnostics,6,1,1,0,5
keygrip,extracted,6,1,1,0,0
keymaster,extracted,14,1,1,0,0
keymirror,extracted,1,1,1,0,0
keypress.js,extracted,13,1,1,0,0
keystonejs__email,extracted,7,1,1,0,0
keystonejs__logger,extracted,1,1,1,0,0
keystonejs__session,extracted,0,1,1,0,0
keysym,extracted,3,1,1,0,0
keythereum,extracted-with-diagnostics,35,1,1,0,5
kik-browser,extracted,0,1,1,0,0
kill-port,extracted-with-diagnostics,1,1,1,0,6
kind-of,extracted-with-diagnostics,29,1,1,0,5
kinetic,extracted,0,1,1,0,0
kissfft-js,extracted,8,1,1,0,0
klaw,extracted-with-diagnostics,69,1,1,0,5
klaw-sync,extracted-with-diagnostics,9,1,1,0,5
kms-json,extracted,4,1,1,0,0
knex-cleaner,extracted-with-diagnostics,1,1,1,0,1
knex-db-manager,extracted-with-diagnostics,13,1,1,0,1
knockback,extracted-with-diagnostics,0,1,1,0,50
knockout,extracted,0,1,1,0,0
knockout-amd-helpers,extracted,0,1,1,0,0
knockout-postbox,extracted,0,1,1,0,0
knockout-secure-binding,extracted,0,1,1,0,0
knockout-transformations,extracted,0,1,1,0,0
knockout.deferred.updates,extracted-with-diagnostics,0,1,1,0,1
knockout.editables,extracted,0,1,1,0,0
knockout.es5,extracted,0,1,1,0,0
knockout.kogrid,extracted,12,1,1,0,0
knockout.mapper,extracted,0,1,1,0,0
knockout.mapping,extracted,18,1,1,0,0
knockout.projections,extracted,0,1,1,0,0
knockout.punches,extracted,0,1,1,0,0
knockout.rx,extracted,0,1,1,0,0
knockout.validation,extracted,0,1,1,0,0
knockout.viewmodel,extracted,0,1,1,0,0
knockstrap,extracted,0,1,1,0,0
knuddels-userapp-backend-api,extracted,0,1,1,0,0
knuddels-userapps-api,extracted,0,1,1,0,0
knuddels-webapp-frontend-api,extracted,0,1,1,0,0
knuth-shuffle,extracted,1,1,1,0,0
knuth-shuffle-seeded,extracted,1,1,1,0,0
ko.plus,extracted,0,1,1,0,0
koa,extracted-with-diagnostics,5519,1,1,0,5
koa-basic-auth,extracted-with-diagnostics,1,1,1,0,5
koa-better-body,extracted-with-diagnostics,2,1,1,0,5
koa-bodyparser,extracted-with-diagnostics,1,1,1,0,5
koa-bouncer,extracted-with-diagnostics,51,1,1,0,5
koa-bunyan-logger,extracted-with-diagnostics,947,1,1,0,5
koa-cache-control,extracted-with-diagnostics,1,1,1,0,5
koa-cash,extracted-with-diagnostics,3,1,1,0,5
koa-compose,extracted-with-diagnostics,10,1,1,0,5
koa-compress,extracted-with-diagnostics,1,1,1,0,5
koa-conditional-get,extracted-with-diagnostics,1,1,1,0,5
koa-convert,extracted-with-diagnostics,3,1,1,0,5
koa-cookie,extracted-with-diagnostics,1,1,1,0,5
koa-cors,extracted-with-diagnostics,1,1,1,0,5
koa-csrf,extracted-with-diagnostics,1,1,1,0,5
koa-dec-router,extracted,10,1,1,0,0
koa-docs,extracted-with-diagnostics,1,1,1,0,6
koa-etag,extracted-with-diagnostics,1,1,1,0,5
koa-favicon,extracted-with-diagnostics,1,1,1,0,5
koa-generic-session,extracted-with-diagnostics,10,1,1,0,5
koa-hbs,extracted-with-diagnostics,1,1,1,0,6
koa-html-minifier,extracted-with-diagnostics,1,1,1,0,7
koa-ignore,extracted-with-diagnostics,1,1,1,0,5
koa-is-json,extracted,1,1,1,0,0
koa-joi-router,extracted-with-diagnostics,75,1,1,0,6
koa-joi-router-docs,extracted-with-diagnostics,2,1,1,0,6
koa-json,extracted-with-diagnostics,1,1,1,0,5
koa-json-error,extracted-with-diagnostics,1,1,1,0,5
koa-log,extracted-with-diagnostics,10,1,1,0,5
koa-log4,extracted-with-diagnostics,1,1,1,0,7
koa-logger,extracted-with-diagnostics,1,1,1,0,5
koa-logger-winston,extracted-with-diagnostics,1,1,1,0,6
koa-mongo,extracted-with-diagnostics,1,1,1,0,7
koa-morgan,extracted-with-diagnostics,24,1,1,0,5
koa-mount,extracted-with-diagnostics,2,1,1,0,5
koa-multer,extracted-with-diagnostics,410,1,1,0,5
koa-override,extracted-with-diagnostics,1,1,1,0,5
koa-passport,extracted-with-diagnostics,21,1,1,0,5
koa-pino-logger,extracted-with-diagnostics,2,1,1,0,7
koa-proxy,extracted-with-diagnostics,3,1,1,0,5
koa-qs,extracted-with-diagnostics,1,1,1,0,5
koa-range,extracted-with-diagnostics,1,1,1,0,5
koa-ratelimit,extracted-with-diagnostics,1,1,1,0,6
koa-ratelimit-lru,extracted-with-diagnostics,1,1,1,0,5
koa-redis,extracted-with-diagnostics,4,1,1,0,6
koa-redis-cache,extracted-with-diagnostics,1,1,1,0,6
koa-response-time,extracted-with-diagnostics,1,1,1,0,5
koa-roles,extracted-with-diagnostics,9,1,1,0,5
koa-route,extracted-with-diagnostics,70,1,1,0,6
koa-router,extracted-with-diagnostics,1250,1,1,0,5
koa-safe-jsonp,extracted-with-diagnostics,1,1,1,0,6
koa-send,extracted-with-diagnostics,2,1,1,0,5
koa-session,extracted-with-diagnostics,28,1,1,0,5
koa-session-minimal,extracted-with-diagnostics,1,1,1,0,5
koa-sslify,extracted-with-diagnostics,6,1,1,0,5
koa-static,extracted-with-diagnostics,1,1,1,0,5
koa-static-cache,extracted-with-diagnostics,1,1,1,0,5
koa-static-server,extracted-with-diagnostics,1,1,1,0,5
koa-subdomain,extracted-with-diagnostics,6,1,1,0,5
koa-webpack,extracted-with-diagnostics,3,1,1,0,7
koa-websocket,extracted-with-diagnostics,1406,1,1,0,5
koa-xml-body,extracted-with-diagnostics,1,1,1,0,5
koa2-cors,extracted-with-diagnostics,1,1,1,0,5
koa2-ratelimit,extracted-with-diagnostics,13,1,1,0,8
koa2-session-redis,extracted-with-diagnostics,8,1,1,0,6
koa__cors,extracted-with-diagnostics,1,1,1,0,5
koa__ejs,extracted-with-diagnostics,21,1,1,0,5
koa__multer,extracted-with-diagnostics,410,1,1,0,5
kochava,extracted,20,1,1,0,0
koji-tools,extracted,6,1,1,0,0
kolite,extracted,0,1,1,0,0
kompression,extracted-with-diagnostics,1,1,1,0,5
konami-code-js,extracted,18,1,1,0,0
konami.js,extracted,0,1,1,0,0
koozaki__romaji-conv,extracted,7,1,1,0,0
kos-core,extracted-with-diagnostics,10,1,1,0,1
kotobee,extracted,0,1,1,0,0
kraken-js,extracted-with-diagnostics,622,1,1,0,5
kramed,extracted,34,1,1,0,0
kss,extracted,73,1,1,0,0
kube-probe,extracted-with-diagnostics,1,1,1,0,5
kue,extracted-with-diagnostics,695,1,1,0,6
kue-ui-client,extracted,2,1,1,0,0
kuler,extracted,2,1,1,0,0
kurento-client,extracted-with-diagnostics,576,1,1,0,5
kurento-utils,extracted-with-diagnostics,106,1,1,0,5
kuromoji,extracted,195,1,1,0,0
kythe,extracted,0,1,1,0,0
kyujitai,extracted,5,1,1,0,0
lab,extracted,71,1,1,0,0
labeled-stream-splicer,extracted-with-diagnostics,74,1,1,0,5
ladjs__country-language,extracted,27,1,1,0,0
lambda-log,extracted-with-diagnostics,194,1,1,0,5
lambda-rate-limiter,extracted,2,1,1,0,0
lambda-tester,extracted-with-diagnostics,15,1,1,0,1
lambda-wrapper,extracted-with-diagnostics,10,1,1,0,1
langdetect,extracted,2,1,1,0,0
langmap,extracted,0,1,1,0,0
langs,extracted,10,1,1,0,0
language-name-map,extracted,2,1,1,0,0
language-tags,extracted,10,1,1,0,0
lapo__asn1js,extracted,55,1,1,0,0
laravel-js-str,extracted,45,1,1,0,0
laravel-vapor,extracted,3,1,1,0,0
lasso,extracted-with-diagnostics,89,1,1,0,5
last-element,extracted,1,1,1,0,0
later,extracted,256,1,1,0,0
latinize,extracted,1,1,1,0,0
latlon-geohash,extracted,5,1,1,0,0
launchpad,extracted,26,1,1,0,0
layui,extracted,0,1,1,0,0
layui-layer,extracted,0,1,1,0,0
layui-src,extracted-with-diagnostics,0,1,1,0,48
layzr.js,extracted,8,1,1,0,0
lazy-property,extracted,1,1,1,0,0
lazy.js,extracted,0,1,1,0,0
lazypipe,extracted-with-diagnostics,1,1,1,0,5
lazystream,extracted-with-diagnostics,1344,1,1,0,5
lcm,extracted,1,1,1,0,0
lcov-parse,extracted,2,1,1,0,0
ldap-authentication,extracted-with-diagnostics,4,1,1,0,5
ldap-escape,extracted,2,1,1,0,0
ldap-filters,extracted,30,1,1,0,0
ldapjs,extracted-with-diagnostics,218,1,1,0,5
ldapjs-client,extracted,16,1,1,0,0
leadfoot,extracted-with-diagnostics,903,1,1,0,6
leaflet,extracted,7324,1,1,0,0
leaflet-areaselect,extracted,0,1,1,0,0
leaflet-boundary-canvas,extracted,0,1,1,0,0
leaflet-contextmenu,extracted,0,1,1,0,0
leaflet-curve,extracted,0,1,1,0,0
leaflet-deepzoom,extracted,0,1,1,0,0
leaflet-draw,extracted,0,1,1,0,0
leaflet-editable,extracted,0,1,1,0,0
leaflet-freedraw,extracted,339,1,1,0,0
leaflet-freehandshapes,extracted,0,1,1,0,0
leaflet-geocoder-mapzen,extracted-with-diagnostics,0,1,1,0,2
leaflet-gpx,extracted,0,1,1,0,0
leaflet-groupedlayercontrol,extracted,0,1,1,0,0
leaflet-imageoverlay-rotated,extracted,0,1,1,0,0
leaflet-label,extracted-with-diagnostics,0,1,1,0,11
leaflet-loading,extracted,0,1,1,0,0
leaflet-mouse-position,extracted,0,1,1,0,0
leaflet-pixi-overlay,extracted-with-diagnostics,0,1,1,0,1
leaflet-polylinedecorator,extracted,0,1,1,0,0
leaflet-providers,extracted,0,1,1,0,0
leaflet-rastercoords,extracted,0,1,1,0,0
leaflet-responsive-popup,extracted,0,1,1,0,0
leaflet-rotate,extracted,0,1,1,0,0
leaflet-rotatedmarker,extracted,0,1,1,0,0
leaflet-routing-machine,extracted,0,1,1,0,0
leaflet-side-by-side,extracted,0,1,1,0,0
leaflet-textpath,extracted-with-diagnostics,0,1,1,0,1
leaflet.awesome-markers,extracted,0,1,1,0,0
leaflet.chinatmsproviders,extracted,0,1,1,0,0
leaflet.featuregroup.subgroup,extracted,0,1,1,0,0
leaflet.gridlayer.googlemutant,extracted,0,1,1,0,0
leaflet.heat,extracted,0,1,1,0,0
leaflet.icon.glyph,extracted,0,1,1,0,0
leaflet.markercluster,extracted,0,1,1,0,0
leaflet.markercluster.layersupport,extracted,0,1,1,0,0
leaflet.pancontrol,extracted,0,1,1,0,0
leaflet.pattern,extracted,0,1,1,0,0
leaflet.pm,extracted,0,1,1,0,0
leaflet.polylinemeasure,extracted,0,1,1,0,0
leaflet.sync,extracted,0,1,1,0,0
leaflet.utm,extracted,0,1,1,0,0
leaflet.vectorgrid,extracted,0,1,1,0,0
leaflet.wms,extracted,173,1,1,0,0
leakage,extracted,3,1,1,0,0
leapmotionts,extracted,2147,1,1,0,0
leb128,extracted-with-diagnostics,10,1,1,0,5
ledgerhq__hw-transport-u2f,extracted-with-diagnostics,2,1,1,0,6
legal-eagle,extracted,1,1,1,0,0
leo-profanity,extracted,8,1,1,0,0
lerna-alias,extracted,3,1,1,0,0
lerna-get-packages,extracted,1,1,1,0,0
lerna__child-process,extracted-with-diagnostics,6,1,1,0,1
lerna__collect-updates,extracted-with-diagnostics,3,1,1,0,1
lerna__package,extracted,8,1,1,0,0
lerna__package-graph,extracted,17,1,1,0,0
lerna__project,extracted,15,1,1,0,0
lerna__query-graph,extracted,6,1,1,0,0
lerna__run-topologically,extracted,1,1,1,0,0
lesgo,extracted-with-diagnostics,56,1,1,0,14
less,extracted,0,1,1,0,0
less-middleware,extracted-with-diagnostics,1,1,1,0,5
less2sass,extracted,1,1,1,0,0
level-codec,extracted,15,1,1,0,0
level-errors,extracted,0,1,1,0,0
level-js,extracted,36,1,1,0,0
level-sublevel,extracted-with-diagnostics,5,1,1,0,7
level-ttl,extracted-with-diagnostics,52,1,1,0,5
leveldown,extracted-with-diagnostics,45,1,1,0,5
levelrunnerrc,extracted,5,1,1,0,0
levelup,extracted-with-diagnostics,90,1,1,0,5
levenshtein,extracted,8,1,1,0,0
levn,extracted,4,1,1,0,0
lexicographic-integer,extracted,2,1,1,0,0
lfsr,extracted,10,1,1,0,0
lgtv2,extracted-with-diagnostics,52,1,1,0,5
liamcottle__meshcore.js,extracted-with-diagnostics,1087,1,1,0,5
libhoney,extracted,14,1,1,0,0
libmime,extracted-with-diagnostics,15,1,1,0,5
libnpmdiff,extracted-with-diagnostics,1,1,1,0,6
libnpmexec,extracted-with-diagnostics,1,1,1,0,5
libnpmpublish,extracted-with-diagnostics,3,1,1,0,7
libnpmsearch,extracted-with-diagnostics,3,1,1,0,6
libpq,extracted-with-diagnostics,116,1,1,0,5
libqp,extracted-with-diagnostics,3807,1,1,0,5
librato-node,extracted,13,1,1,0,0
libtess,extracted,16,1,1,0,0
libxslt,extracted-with-diagnostics,18,1,1,0,2
license-checker,extracted,1,1,1,0,0
license-checker-webpack-plugin,extracted-with-diagnostics,3,1,1,0,9
license-key-gen,extracted,2,1,1,0,0
licensee,extracted,1,1,1,0,0
liferay,extracted,0,1,1,0,0
liftoff,extracted-with-diagnostics,62,1,1,0,5
light-sdk,extracted,143,1,1,0,0
lightpick,extracted-with-diagnostics,48,1,1,0,1
lil-uri,extracted,27,1,1,0,0
lil-uuid,extracted,2,1,1,0,0
lime-js,extracted,86,1,1,0,0
limestonefi__api,extracted,1,1,1,0,0
limit-number,extracted,1,1,1,0,0
line-by-line,extracted-with-diagnostics,40,1,1,0,5
line-column,extracted,1,1,1,0,0
line-navigator,extracted,11,1,1,0,0
line-reader,extracted-with-diagnostics,0,1,1,0,5
line-segments-intersect,extracted,1,1,1,0,0
linear-gradient,extracted,4,1,1,0,0
lineclip,extracted,2,1,1,0,0
linesert,extracted-with-diagnostics,4,1,1,0,5
link2aws,extracted,1,1,1,0,0
linkify-it,extracted,37,3,3,0,0
linkify-markdown,extracted,1,1,1,0,0
linkifyjs,extracted,3,1,1,0,0
list-git-remotes,extracted-with-diagnostics,5,1,1,0,5
list-stream,extracted-with-diagnostics,138,1,1,0,5
list.js,extracted,32,1,1,0,0
listenercount,extracted-with-diagnostics,1,1,1,0,5
listify,extracted,1,1,1,0,0
listr,extracted-with-diagnostics,25,1,1,0,6
lite-uuid-v4,extracted,1,1,1,0,0
little-loader,extracted,2,1,1,0,0
live-server,extracted,2,1,1,0,0
livereload,extracted-with-diagnostics,179,1,1,0,5
lls,extracted,20,1,1,0,0
lnfs,extracted-with-diagnostics,1,1,1,0,5
load-google-maps-api,extracted,1,1,1,0,0
loadable__component,extracted-with-diagnostics,11,1,1,0,1
loadable__server,extracted-with-diagnostics,46,1,1,0,1
loadable__webpack-plugin,extracted-with-diagnostics,0,1,1,0,6
loader-runner,extracted-with-diagnostics,10,1,1,0,5
loader-utils,extracted-with-diagnostics,4,1,1,0,8
loadicons,extracted,1,1,1,0,0
loadjs,extracted,9,1,1,0,0
loadware,extracted,1,1,1,0,0
lobibox,extracted,0,1,1,0,0
local-dynamo,extracted-with-diagnostics,1,1,1,0,5
local-ipv4-address,extracted,1,1,1,0,0
locale,extracted,13,1,1,0,0
localized-countries,extracted,4,1,1,0,0
localizejs-library,extracted,0,1,1,0,0
localtunnel,extracted-with-diagnostics,54,1,1,0,5
locate-chrome,extracted,1,1,1,0,0
lockfile,extracted,8,1,1,0,0
lockfile-info,extracted,1,1,1,0,0
lockfile-lint-api,extracted,12,1,1,0,0
lockr,extracted,0,1,1,0,0
locks,extracted,25,1,1,0,0
locomotive-scroll,extracted,14,1,1,0,0
locutus,extracted,906,1,1,0,0
lodash,extracted,4812,1,1,0,0
lodash-deep,extracted,1,1,1,0,0
lodash-es,extracted,726,1,1,0,0
lodash-match-pattern,extracted,3,1,1,0,0
lodash-webpack-plugin,extracted-with-diagnostics,0,1,1,0,8
lodash.add,extracted,1,1,1,0,0
lodash.after,extracted,1,1,1,0,0
lodash.ary,extracted,1,1,1,0,0
lodash.assign,extracted,6,1,1,0,0
lodash.assignin,extracted,6,1,1,0,0
lodash.assigninwith,extracted,6,1,1,0,0
lodash.assignwith,extracted,6,1,1,0,0
lodash.at,extracted,2,1,1,0,0
lodash.attempt,extracted,1,1,1,0,0
lodash.before,extracted,1,1,1,0,0
lodash.bind,extracted,9,1,1,0,0
lodash.bindall,extracted,1,1,1,0,0
lodash.bindkey,extracted,9,1,1,0,0
lodash.camelcase,extracted,1,1,1,0,0
lodash.capitalize,extracted,1,1,1,0,0
lodash.castarray,extracted,1,1,1,0,0
lodash.ceil,extracted,1,1,1,0,0
lodash.chunk,extracted,1,1,1,0,0
lodash.clamp,extracted,2,1,1,0,0
lodash.clone,extracted,1,1,1,0,0
lodash.clonedeep,extracted,1,1,1,0,0
lodash.clonedeepwith,extracted,2,1,1,0,0
lodash.clonewith,extracted,3,1,1,0,0
lodash.compact,extracted,1,1,1,0,0
lodash.concat,extracted,1,1,1,0,0
lodash.cond,extracted,2,1,1,0,0
lodash.constant,extracted,1,1,1,0,0
lodash.countby,extracted,2,1,1,0,0
lodash.create,extracted,1,1,1,0,0
lodash.curry,extracted,14,1,1,0,0
lodash.curryright,extracted,14,1,1,0,0
lodash.debounce,extracted,2,1,1,0,0
lodash.deburr,extracted,1,1,1,0,0
lodash.defaults,extracted,6,1,1,0,0
lodash.defaultsdeep,extracted,1,1,1,0,0
lodash.defer,extracted,1,1,1,0,0
lodash.delay,extracted,1,1,1,0,0
lodash.difference,extracted,1,1,1,0,0
lodash.differenceby,extracted,7,1,1,0,0
lodash.differencewith,extracted,4,1,1,0,0
lodash.divide,extracted,1,1,1,0,0
lodash.drop,extracted,1,1,1,0,0
lodash.dropright,extracted,1,1,1,0,0
lodash.droprightwhile,extracted,1,1,1,0,0
lodash.dropwhile,extracted,1,1,1,0,0
lodash.endswith,extracted,1,1,1,0,0
lodash.eq,extracted,1,1,1,0,0
lodash.escape,extracted,1,1,1,0,0
lodash.escaperegexp,extracted,1,1,1,0,0
lodash.every,extracted,2,1,1,0,0
lodash.fill,extracted,4,1,1,0,0
lodash.filter,extracted,5,1,1,0,0
lodash.find,extracted,4,1,1,0,0
lodash.findindex,extracted,1,1,1,0,0
lodash.findkey,extracted,1,1,1,0,0
lodash.findlast,extracted,4,1,1,0,0
lodash.findlastindex,extracted,1,1,1,0,0
lodash.findlastkey,extracted,1,1,1,0,0
lodash.first,extracted,2,1,1,0,0
lodash.flatmap,extracted,6,1,1,0,0
lodash.flatmapdeep,extracted,5,1,1,0,0
lodash.flatmapdepth,extracted,5,1,1,0,0
lodash.flatten,extracted,1,1,1,0,0
lodash.flattendeep,extracted,1,1,1,0,0
lodash.flattendepth,extracted,1,1,1,0,0
lodash.flip,extracted,1,1,1,0,0
lodash.floor,extracted,1,1,1,0,0
lodash.flow,extracted,8,1,1,0,0
lodash.flowright,extracted,7,1,1,0,0
lodash.foreach,extracted,8,1,1,0,0
lodash.foreachright,extracted,8,1,1,0,0
lodash.forin,extracted,2,1,1,0,0
lodash.forinright,extracted,2,1,1,0,0
lodash.forown,extracted,2,1,1,0,0
lodash.forownright,extracted,2,1,1,0,0
lodash.frompairs,extracted,2,1,1,0,0
lodash.functions,extracted,1,1,1,0,0
lodash.functionsin,extracted,1,1,1,0,0
lodash.get,extracted,20,1,1,0,0
lodash.groupby,extracted,2,1,1,0,0
lodash.gt,extracted,1,1,1,0,0
lodash.gte,extracted,1,1,1,0,0
lodash.has,extracted,2,1,1,0,0
lodash.hasin,extracted,1,1,1,0,0
lodash.head,extracted,2,1,1,0,0
lodash.identity,extracted,2,1,1,0,0
lodash.includes,extracted,1,1,1,0,0
lodash.indexof,extracted,1,1,1,0,0
lodash.initial,extracted,1,1,1,0,0
lodash.inrange,extracted,1,1,1,0,0
lodash.intersection,extracted,1,1,1,0,0
lodash.intersectionby,extracted,5,1,1,0,0
lodash.intersectionwith,extracted,4,1,1,0,0
lodash.invert,extracted,1,1,1,0,0
lodash.invertby,extracted,2,1,1,0,0
lodash.invoke,extracted,1,1,1,0,0
lodash.invokemap,extracted,2,1,1,0,0
lodash.isarguments,extracted,1,1,1,0,0
lodash.isarray,extracted,1,1,1,0,0
lodash.isarraybuffer,extracted,1,1,1,0,0
lodash.isarraylike,extracted,3,1,1,0,0
lodash.isarraylikeobject,extracted,3,1,1,0,0
lodash.isboolean,extracted,1,1,1,0,0
lodash.isbuffer,extracted,1,1,1,0,0
lodash.isdate,extracted,1,1,1,0,0
lodash.iselement,extracted,1,1,1,0,0
lodash.isempty,extracted,6,1,1,0,0
lodash.isequal,extracted,1,1,1,0,0
lodash.isequalwith,extracted,1,1,1,0,0
lodash.iserror,extracted,1,1,1,0,0
lodash.isfinite,extracted,1,1,1,0,0
lodash.isfunction,extracted,1,1,1,0,0
lodash.isinteger,extracted,1,1,1,0,0
lodash.islength,extracted,1,1,1,0,0
lodash.ismap,extracted,1,1,1,0,0
lodash.ismatch,extracted,1,1,1,0,0
lodash.ismatchwith,extracted,1,1,1,0,0
lodash.isnan,extracted,1,1,1,0,0
lodash.isnative,extracted,1,1,1,0,0
lodash.isnil,extracted,1,1,1,0,0
lodash.isnull,extracted,1,1,1,0,0
lodash.isnumber,extracted,1,1,1,0,0
lodash.isobject,extracted,1,1,1,0,0
lodash.isobjectlike,extracted,1,1,1,0,0
lodash.isplainobject,extracted,1,1,1,0,0
lodash.isregexp,extracted,1,1,1,0,0
lodash.issafeinteger,extracted,1,1,1,0,0
lodash.isset,extracted,1,1,1,0,0
lodash.isstring,extracted,1,1,1,0,0
lodash.issymbol,extracted,1,1,1,0,0
lodash.istypedarray,extracted,1,1,1,0,0
lodash.isundefined,extracted,1,1,1,0,0
lodash.isweakmap,extracted,1,1,1,0,0
lodash.isweakset,extracted,1,1,1,0,0
lodash.iteratee,extracted,2,1,1,0,0
lodash.join,extracted,1,1,1,0,0
lodash.kebabcase,extracted,1,1,1,0,0
lodash.keyby,extracted,2,1,1,0,0
lodash.keys,extracted,1,1,1,0,0
lodash.keysin,extracted,1,1,1,0,0
lodash.last,extracted,2,1,1,0,0
lodash.lastindexof,extracted,1,1,1,0,0
lodash.lowercase,extracted,1,1,1,0,0
lodash.lowerfirst,extracted,1,1,1,0,0
lodash.lt,extracted,1,1,1,0,0
lodash.lte,extracted,1,1,1,0,0
lodash.mapkeys,extracted,2,1,1,0,0
lodash.mapvalues,extracted,12,1,1,0,0
lodash.matches,extracted,2,1,1,0,0
lodash.matchesproperty,extracted,2,1,1,0,0
lodash.max,extracted,2,1,1,0,0
lodash.maxby,extracted,1,1,1,0,0
lodash.mean,extracted,1,1,1,0,0
lodash.meanby,extracted,1,1,1,0,0
lodash.memoize,extracted,1,1,1,0,0
lodash.merge,extracted,5,1,1,0,0
lodash.mergewith,extracted,5,1,1,0,0
lodash.method,extracted,1,1,1,0,0
lodash.methodof,extracted,1,1,1,0,0
lodash.min,extracted,2,1,1,0,0
lodash.minby,extracted,1,1,1,0,0
lodash.mixin,extracted,2,1,1,0,0
lodash.multiply,extracted,1,1,1,0,0
lodash.negate,extracted,1,1,1,0,0
lodash.noop,extracted,1,1,1,0,0
lodash.now,extracted,1,1,1,0,0
lodash.nth,extracted,1,1,1,0,0
lodash.ntharg,extracted,1,1,1,0,0
lodash.omit,extracted,3,1,1,0,0
lodash.omitby,extracted,3,1,1,0,0
lodash.once,extracted,1,1,1,0,0
lodash.orderby,extracted,4,1,1,0,0
lodash.over,extracted,1,1,1,0,0
lodash.overargs,extracted,1,1,1,0,0
lodash.overevery,extracted,2,1,1,0,0
lodash.oversome,extracted,2,1,1,0,0
lodash.pad,extracted,1,1,1,0,0
lodash.padend,extracted,1,1,1,0,0
lodash.padstart,extracted,1,1,1,0,0
lodash.parseint,extracted,1,1,1,0,0
lodash.partial,extracted,29,1,1,0,0
lodash.partialright,extracted,40,1,1,0,0
lodash.partition,extracted,3,1,1,0,0
lodash.pick,extracted,2,1,1,0,0
lodash.pickby,extracted,5,1,1,0,0
lodash.property,extracted,1,1,1,0,0
lodash.propertyof,extracted,1,1,1,0,0
lodash.pull,extracted,2,1,1,0,0
lodash.pullall,extracted,2,1,1,0,0
lodash.pullallby,extracted,4,1,1,0,0
lodash.pullallwith,extracted,4,1,1,0,0
lodash.pullat,extracted,2,1,1,0,0
lodash.random,extracted,4,1,1,0,0
lodash.range,extracted,2,1,1,0,0
lodash.rangeright,extracted,2,1,1,0,0
lodash.rearg,extracted,1,1,1,0,0
lodash.reduce,extracted,6,1,1,0,0
lodash.reduceright,extracted,6,1,1,0,0
lodash.reject,extracted,3,1,1,0,0
lodash.remove,extracted,1,1,1,0,0
lodash.repeat,extracted,1,1,1,0,0
lodash.replace,extracted,2,1,1,0,0
lodash.rest,extracted,1,1,1,0,0
lodash.result,extracted,1,1,1,0,0
lodash.reverse,extracted,1,1,1,0,0
lodash.round,extracted,1,1,1,0,0
lodash.sample,extracted,3,1,1,0,0
lodash.samplesize,extracted,2,1,1,0,0
lodash.set,extracted,2,1,1,0,0
lodash.setwith,extracted,2,1,1,0,0
lodash.shuffle,extracted,2,1,1,0,0
lodash.size,extracted,1,1,1,0,0
lodash.slice,extracted,1,1,1,0,0
lodash.snakecase,extracted,1,1,1,0,0
lodash.some,extracted,2,1,1,0,0
lodash.sortby,extracted,2,1,1,0,0
lodash.sortedindex,extracted,2,1,1,0,0
lodash.sortedindexby,extracted,1,1,1,0,0
lodash.sortedindexof,extracted,1,1,1,0,0
lodash.sortedlastindex,extracted,1,1,1,0,0
lodash.sortedlastindexby,extracted,1,1,1,0,0
lodash.sortedlastindexof,extracted,1,1,1,0,0
lodash.sorteduniq,extracted,1,1,1,0,0
lodash.sorteduniqby,extracted,1,1,1,0,0
lodash.split,extracted,2,1,1,0,0
lodash.spread,extracted,1,1,1,0,0
lodash.startcase,extracted,1,1,1,0,0
lodash.startswith,extracted,1,1,1,0,0
lodash.stubfalse,extracted,2,1,1,0,0
lodash.stubtrue,extracted,2,1,1,0,0
lodash.subtract,extracted,1,1,1,0,0
lodash.sum,extracted,1,1,1,0,0
lodash.sumby,extracted,1,1,1,0,0
lodash.tail,extracted,2,1,1,0,0
lodash.take,extracted,1,1,1,0,0
lodash.takeright,extracted,1,1,1,0,0
lodash.takerightwhile,extracted,1,1,1,0,0
lodash.takewhile,extracted,1,1,1,0,0
lodash.template,extracted,1,1,1,0,0
lodash.throttle,extracted,2,1,1,0,0
lodash.times,extracted,2,1,1,0,0
lodash.toarray,extracted,3,1,1,0,0
lodash.tofinite,extracted,1,1,1,0,0
lodash.tointeger,extracted,1,1,1,0,0
lodash.tolength,extracted,1,1,1,0,0
lodash.tolower,extracted,1,1,1,0,0
lodash.tonumber,extracted,1,1,1,0,0
lodash.topairs,extracted,2,1,1,0,0
lodash.topairsin,extracted,2,1,1,0,0
lodash.topath,extracted,1,1,1,0,0
lodash.toplainobject,extracted,1,1,1,0,0
lodash.tosafeinteger,extracted,1,1,1,0,0
lodash.tostring,extracted,1,1,1,0,0
lodash.toupper,extracted,1,1,1,0,0
lodash.transform,extracted,5,1,1,0,0
lodash.trim,extracted,2,1,1,0,0
lodash.trimend,extracted,2,1,1,0,0
lodash.trimstart,extracted,2,1,1,0,0
lodash.truncate,extracted,1,1,1,0,0
lodash.unary,extracted,1,1,1,0,0
lodash.unescape,extracted,1,1,1,0,0
lodash.union,extracted,1,1,1,0,0
lodash.unionby,extracted,5,1,1,0,0
lodash.unionwith,extracted,3,1,1,0,0
lodash.uniq,extracted,1,1,1,0,0
lodash.uniqby,extracted,1,1,1,0,0
lodash.uniqueid,extracted,1,1,1,0,0
lodash.uniqwith,extracted,1,1,1,0,0
lodash.unset,extracted,1,1,1,0,0
lodash.unzip,extracted,5,1,1,0,0
lodash.unzipwith,extracted,2,1,1,0,0
lodash.update,extracted,1,1,1,0,0
lodash.updatewith,extracted,2,1,1,0,0
lodash.uppercase,extracted,1,1,1,0,0
lodash.upperfirst,extracted,1,1,1,0,0
lodash.values,extracted,3,1,1,0,0
lodash.valuesin,extracted,2,1,1,0,0
lodash.without,extracted,1,1,1,0,0
lodash.words,extracted,2,1,1,0,0
lodash.wrap,extracted,1,1,1,0,0
lodash.xor,extracted,1,1,1,0,0
lodash.xorby,extracted,3,1,1,0,0
lodash.xorwith,extracted,3,1,1,0,0
lodash.zip,extracted,5,1,1,0,0
lodash.zipobject,extracted,2,1,1,0,0
lodash.zipobjectdeep,extracted,1,1,1,0,0
lodash.zipwith,extracted,6,1,1,0,0
log,extracted,7,1,1,0,0
log-rotate,extracted,3,1,1,0,0
logfmt,extracted-with-diagnostics,14,1,1,0,5
logg,extracted,16,1,1,0,0
logger,extracted,19,1,1,0,0
loggly,extracted,6,1,1,0,0
login-with-amazon-sdk-browser,extracted,0,1,1,0,0
loglinecolor,extracted,13,1,1,0,0
logrocket-react,extracted-with-diagnostics,1,1,1,0,1
logrotate-stream,extracted-with-diagnostics,1,1,1,0,5
logstub,extracted,52,1,1,0,0
lokijs,extracted,468,1,1,0,0
lolcatjs,extracted,10,1,1,0,0
lolex,extracted,48,1,1,0,0
long-timeout,extracted,11,1,1,0,0
loopback,extracted-with-diagnostics,1066,1,1,0,5
loopback-boot,extracted-with-diagnostics,2,1,1,0,5
loopbench,extracted-with-diagnostics,17,1,1,0,5
looper,extracted,1,1,1,0,0
lory.js,extracted,16,1,1,0,0
lost,extracted-with-diagnostics,3,1,1,0,1
lovefield,extracted,123,1,1,0,0
lowercase-object-keys,extracted,1,1,1,0,0
lowest-common-ancestor,extracted,1,1,1,0,0
lozad,extracted,3,1,1,0,0
lqip-modern,extracted-with-diagnostics,90,1,1,0,6
lrc-parser,extracted,1,1,1,0,0
lscache,extracted,0,1,1,0,0
lsofi,extracted,1,1,1,0,0
ltx,extracted,71,2,2,0,0
lua-format,extracted,2,1,1,0,0
lua-json,extracted,2,1,1,0,0
luaparse,extracted,10,1,1,0,0
lucene,extracted,8,1,1,0,0
lucene-escape-query,extracted,1,1,1,0,0
lucene-query-string-builder,extracted,14,1,1,0,0
luhn-generator,extracted,4,1,1,0,0
luminous-lightbox,extracted,2,1,1,0,0
lunr,extracted,127,1,1,0,0
lusca,extracted-with-diagnostics,10,1,1,0,5
luxon,extracted,197,2,2,0,0
luxon-business-days,extracted,90,1,1,0,0
lwip,extracted-with-diagnostics,121,1,1,0,5
lynx,extracted-with-diagnostics,158,1,1,0,5
lyric-parser,extracted,10,1,1,0,0
lyricist,extracted,12,1,1,0,0
lz4,extracted-with-diagnostics,154,1,1,0,5
lz4js,extracted,9,1,1,0,0
lzbase62,extracted,4,1,1,0,0
lzma,extracted-with-diagnostics,4,1,1,0,5
lzma-native,extracted-with-diagnostics,1927,1,1,0,5
lzwcompress,extracted,3,1,1,0,0
m3u8-parser,extracted,62,1,1,0,0
macaca-circular-json,extracted,2,1,1,0,0
macrotask,extracted,2,1,1,0,0
madge,extracted-with-diagnostics,11,1,1,0,5
magic-number,extracted,2,1,1,0,0
magicmirror-module,extracted,17,1,1,0,0
magicsuggest,extracted,0,1,1,0,0
magnet-uri,extracted,3,1,1,0,0
mail-notifier,extracted-with-diagnostics,112,1,1,0,5
mailcheck,extracted,0,1,1,0,0
mailchimp__mailchimp_marketing,extracted,30,1,1,0,0
mailchimp__mailchimp_transactional,extracted-with-diagnostics,191,1,1,0,1
maildev,extracted-with-diagnostics,0,1,1,0,5
mailgen,extracted,8,1,1,0,0
mailgun-js,extracted-with-diagnostics,43,1,1,0,6
mailparser,extracted-with-diagnostics,2011,1,1,0,6
mailparser-mit,extracted-with-diagnostics,1957,1,1,0,5
main-bower-files,extracted-with-diagnostics,1,1,1,0,5
mainloop.js,extracted,26,1,1,0,0
make-arrow-function,extracted,2,1,1,0,0
make-async-function,extracted,2,1,1,0,0
make-async-generator-function,extracted,1,1,1,0,0
make-fetch-happen,extracted-with-diagnostics,10,1,1,0,6
make-generator-function,extracted,1,1,1,0,0
makeerror,extracted,4,1,1,0,0
makeup-expander,extracted,8,1,1,0,0
makeup-floating-label,extracted,2,1,1,0,0
makeup-keyboard-trap,extracted,3,1,1,0,0
makeup-prevent-scroll-keys,extracted,2,1,1,0,0
makeup-screenreader-trap,extracted,2,1,1,0,0
mandrill-api,extracted,200,1,1,0,0
map-stream,extracted-with-diagnostics,23,1,1,0,5
map-to-obj,extracted,1,1,1,0,0
map-values,extracted,1,1,1,0,0
mapbox,extracted-with-diagnostics,0,1,1,0,2
mapbox-gl-leaflet,extracted,0,1,1,0,0
mapbox__aws-sdk-jest,extracted-with-diagnostics,4,1,1,0,8
mapbox__geo-viewport,extracted,2,1,1,0,0
mapbox__geojson-area,extracted,2,1,1,0,0
mapbox__geojson-extent,extracted,3,1,1,0,0
mapbox__geojson-rewind,extracted,1,1,1,0,0
mapbox__hast-util-table-cell-style,extracted,2,1,1,0,0
mapbox__link-hijacker,extracted,2,1,1,0,0
mapbox__maki,extracted,0,1,1,0,0
mapbox__mapbox-gl-draw,extracted-with-diagnostics,195,1,1,0,1
mapbox__mapbox-gl-geocoder,extracted-with-diagnostics,108,1,1,0,1
mapbox__mapbox-gl-traffic,extracted-with-diagnostics,14,1,1,0,7
mapbox__mapbox-sdk,extracted-with-diagnostics,85,1,1,0,6
mapbox__polyline,extracted,4,1,1,0,0
mapbox__rehype-prism,extracted-with-diagnostics,0,1,1,0,1
mapbox__s3urls,extracted,5,1,1,0,0
mapbox__sexagesimal,extracted,5,1,1,0,0
mapbox__shelf-pack,extracted,8,1,1,0,0
mapbox__sphericalmercator,extracted,14,1,1,0,0
mapbox__spritezero,extracted-with-diagnostics,8,1,1,0,3
mapbox__tile-cover,extracted,3,1,1,0,0
mapbox__tilebelt,extracted,26,1,1,0,0
mapbox__whoots-js,extracted,3,1,1,0,0
mapboxgl-spiderifier,extracted-with-diagnostics,5,1,1,0,1
mapnik,extracted-with-diagnostics,62,1,1,0,5
mapsjs,extracted,519,1,1,0,0
maptalks,extracted,4016,1,1,0,0
mariasql,extracted,38,1,1,0,0
mark.js,extracted,8,1,1,0,0
markdown-draft-js,extracted-with-diagnostics,2,1,1,0,2
markdown-escape,extracted,1,1,1,0,0
markdown-it,extracted,544,3,3,0,0
markdown-it-attrs,extracted,1,1,1,0,0
markdown-it-color-inline,extracted,1,1,1,0,0
markdown-it-container,extracted,2,2,2,0,0
markdown-it-emoji,extracted,6,3,3,0,0
markdown-it-external-links,extracted,2,1,1,0,0
markdown-it-fence,extracted,1,1,1,0,0
markdown-it-footnote,extracted,1,1,1,0,0
markdown-it-lazy-headers,extracted,1,1,1,0,0
markdown-it-link-attributes,extracted,2,1,1,0,0
markdown-it-plantuml,extracted,1,1,1,0,0
markdown-it-source-map,extracted,1,1,1,0,0
markdown-magic,extracted,3,1,1,0,0
markdown-navbar,extracted-with-diagnostics,1,1,1,0,1
markdown-pdf,extracted,16,1,1,0,0
markdownlint-rule-helpers,extracted-with-diagnostics,46,1,1,0,6
marked-terminal,extracted-with-diagnostics,4,2,2,0,11
markedjs__html-differ,extracted,4,1,1,0,0
marker-animate-unobtrusive,extracted,86,1,1,0,0
markitup,extracted,0,1,1,0,0
marko,extracted-with-diagnostics,3,1,1,0,5
markup-js,extracted,45,1,1,0,0
marshal,extracted-with-diagnostics,8,1,1,0,5
marv,extracted-with-diagnostics,14,1,1,0,5
marv-pg-driver,extracted-with-diagnostics,1,1,1,0,8
marvelapp__react-ab-test,extracted-with-diagnostics,22,1,1,0,1
maskedinput,extracted,0,1,1,0,0
masonry-layout,extracted,0,1,1,0,0
massive,extracted-with-diagnostics,147,1,1,0,5
mastercard-client-encryption,extracted-with-diagnostics,105,1,1,0,5
match-it,extracted,1,1,1,0,0
match-media-mock,extracted,3,1,1,0,0
matchdep,extracted,5,1,1,0,0
matchmediaquery,extracted,1,1,1,0,0
material-colors,extracted,0,1,1,0,0
material-design-lite,extracted,0,1,1,0,0
material-ui,extracted-with-diagnostics,15863,1,1,0,2
material-ui-datatables,extracted-with-diagnostics,14,1,1,0,1
material-ui-pagination,extracted-with-diagnostics,7,1,1,0,1
material__base,extracted,12,1,1,0,0
materialize-css,extracted-with-diagnostics,250,1,1,0,1
math-random,extracted,1,1,1,0,0
math-sign,extracted,1,1,1,0,0
math-toolbox,extracted,59,1,1,0,0
math-trunc,extracted,1,1,1,0,0
math3d,extracted,1218,1,1,0,0
mathieuc__tradingview,extracted,67,1,1,0,0
mathjax,extracted,0,1,1,0,0
mathjax-node,extracted,4,1,1,0,0
matomo-tracker-react-native,extracted-with-diagnostics,20,1,1,0,1
matter-js,extracted,245,1,1,0,0
max-api,extracted,11,1,1,0,0
maxmsp,extracted-with-diagnostics,0,1,1,0,15
mcping-js,extracted,2,1,1,0,0
mcrypt,extracted-with-diagnostics,20,1,1,0,5
mcustomscrollbar,extracted,0,1,1,0,0
md5,extracted,3,1,1,0,0
mdast,extracted,0,1,1,0,0
mdns,extracted-with-diagnostics,92,1,1,0,5
mdurl,extracted,11,3,3,0,0
mdv,extracted,2,1,1,0,0
mdx,extracted-with-diagnostics,12,3,3,0,12
meaningful-string,extracted,5,1,1,0,0
media-typer,extracted,3,1,1,0,0
mediawiki-title,extracted,38,1,1,0,0
medium-editor,extracted,35,1,1,0,0
megajs,extracted-with-diagnostics,928,1,1,0,5
mem-cache,extracted-with-diagnostics,38,1,1,0,5
memcached,extracted-with-diagnostics,73,1,1,0,5
memdown,extracted,38,1,1,0,0
memjs,extracted-with-diagnostics,599,1,1,0,5
memmonit,extracted,9,1,1,0,0
memoizee,extracted,3,1,1,0,0
memory-cache,extracted,24,1,1,0,0
memory-fs,extracted-with-diagnostics,60,1,1,0,5
memory-pager,extracted-with-diagnostics,98,1,1,0,5
memory-usage,extracted-with-diagnostics,1,1,1,0,5
memorystorage,extracted,10,1,1,0,0
memorystream,extracted-with-diagnostics,136,1,1,0,5
memwatch-next,extracted,3,1,1,0,0
mercadopago-sdk-js,extracted-with-diagnostics,0,1,1,0,2
merge-deep,extracted,5,1,1,0,0
merge-descriptors,extracted,1,1,1,0,0
merge-env,extracted,1,1,1,0,0
merge-images,extracted-with-diagnostics,1,1,1,0,5
merge-img,extracted-with-diagnostics,1,1,1,0,6
merge-objects,extracted,1,1,1,0,0
merge-ranges,extracted,2,1,1,0,0
merge-stream,extracted-with-diagnostics,1,1,1,0,5
merge2,extracted-with-diagnostics,78,1,1,0,5
mergerino,extracted,3,1,1,0,0
merkle,extracted-with-diagnostics,1,1,1,0,5
mersenne-twister,extracted,16,1,1,0,0
mersennetwister,extracted,18,1,1,0,0
mertasan__tailwindcss-variables,extracted-with-diagnostics,1,1,1,0,1
meshblu,extracted-with-diagnostics,0,1,1,0,5
mess,extracted,1,1,1,0,0
messenger,extracted,0,1,1,0,0
metaget,extracted,4,1,1,0,0
metascraper-address,extracted-with-diagnostics,1,1,1,0,1
meteor,extracted-with-diagnostics,1033,1,1,0,8
meteor-accounts-phone,extracted,6,1,1,0,0
meteor-astronomy,extracted-with-diagnostics,2,1,1,0,8
meteor-collection-hooks,extracted-with-diagnostics,18,1,1,0,56
meteor-dburles-collection-helpers,extracted-with-diagnostics,0,1,1,0,2
meteor-jboulhous-dev,extracted-with-diagnostics,0,1,1,0,8
meteor-mdg-validated-method,extracted-with-diagnostics,13,1,1,0,8
meteor-mdg-validation-error,extracted-with-diagnostics,2,1,1,0,8
meteor-percolate-migrations,extracted,13,1,1,0,0
meteor-persistent-session,extracted-with-diagnostics,0,1,1,0,8
meteor-prime8consulting-oauth2,extracted-with-diagnostics,0,1,1,0,8
meteor-publish-composite,extracted-with-diagnostics,2,1,1,0,8
meteor-roles,extracted-with-diagnostics,22,1,1,0,8
meteor-sjobs,extracted-with-diagnostics,20,1,1,0,8
meteor-synced-cron,extracted,7,1,1,0,0
meteor-universe-i18n,extracted-with-diagnostics,32,1,1,0,6
method-override,extracted-with-diagnostics,1,1,1,0,5
methods,extracted,0,1,1,0,0
metric-suffix,extracted,1,1,1,0,0
metrostations,extracted,0,1,1,0,0
mfiles,extracted,0,1,1,0,0
mg-api-js,extracted,29,1,1,0,0
micro-cors,extracted-with-diagnostics,1,1,1,0,1
micro-events,extracted,7,1,1,0,0
microlight,extracted,1,1,1,0,0
micromatch,extracted,18,1,1,0,0
micromodal,extracted,7,1,1,0,0
microrouter,extracted-with-diagnostics,11,1,1,0,7
microseconds,extracted,4,1,1,0,0
microservice-utilities,extracted,15,1,1,0,0
microsoft-ajax,extracted,0,1,1,0,0
microsoft-graph,extracted,0,1,1,0,0
microsoft-live-connect,extracted-with-diagnostics,0,1,1,0,1
microsoft-sdk-soap,extracted,0,1,1,0,0
microsoft__typescript-etw,extracted,20,1,1,0,0
microsoftteams,extracted,0,1,1,0,0
microtime,extracted,3,1,1,0,0
midi,extracted-with-diagnostics,187,1,1,0,5
midtrans-client,extracted,4,1,1,0,0
migrate-mongo,extracted-with-diagnostics,12,2,2,0,12
milkcocoa,extracted,0,1,1,0,0
millisecond,extracted,1,1,1,0,0
milliseconds,extracted,0,1,1,0,0
mime-db,extracted,0,1,1,0,0
mime-match,extracted,2,1,1,0,0
mime-types,extracted,5,1,1,0,0
mimetext,extracted,3,1,1,0,0
mimos,extracted,0,1,1,0,0
min-document,extracted,0,1,1,0,0
min-indent,extracted,1,1,1,0,0
mina,extracted,0,1,1,0,0
minecraft-pinger,extracted,2,1,1,0,0
minify,extracted-with-diagnostics,5,1,1,0,7
minilog,extracted,136,1,1,0,0
minimal-bit-array,extracted,7,1,1,0,0
minimal-request-promise,extracted-with-diagnostics,5,1,1,0,5
minimalistic-assert,extracted,2,1,1,0,0
minimasonry,extracted,3,1,1,0,0
minimatch-all,extracted-with-diagnostics,1,1,1,0,1
minimist,extracted,3,1,1,0,0
miniprogram,extracted,0,1,1,0,0
mirrorx,extracted-with-diagnostics,82,1,1,0,4
mithril,extracted,60,1,1,0,0
mithril-global,extracted,34,1,1,0,0
mitm,extracted-with-diagnostics,93,1,1,0,5
mitsobox,extracted,3,1,1,0,0
mixto,extracted,0,1,1,0,0
mjml,extracted,1,1,1,0,0
mjml-browser,extracted,1,1,1,0,0
mjml-core,extracted,41,1,1,0,0
mjml-react,extracted-with-diagnostics,182,1,1,0,60
mjml-validator,extracted,11,1,1,0,0
mkcert,extracted,2,1,1,0,0
mkpath,extracted,3,1,1,0,0
ml-classify-text,extracted,35,1,1,0,0
mmmagic,extracted-with-diagnostics,5,1,1,0,5
mobile-messaging-cordova,extracted,0,1,1,0,0
mocha,extracted,4892,1,1,0,0
mocha-each,extracted,1,1,1,0,0
mocha-phantomjs,extracted,0,1,1,0,0
mocha-prepare,extracted,1,1,1,0,0
mocha-steps,extracted,2,1,1,0,0
mocha-sugar-free,extracted,209,1,1,0,0
mochaccino,extracted,68,1,1,0,0
mochawesome,extracted-with-diagnostics,4,1,1,0,2
mock-express-request,extracted-with-diagnostics,1,1,1,0,5
mock-fs,extracted-with-diagnostics,8,1,1,0,5
mock-knex,extracted-with-diagnostics,82,1,1,0,5
mock-raf,extracted,5,1,1,0,0
mock-req-res,extracted-with-diagnostics,586,1,1,0,5
mock-require,extracted,4,1,1,0,0
mockery,extracted,14,1,1,0,0
mockjs,extracted,237,1,1,0,0
moddle,extracted,180,1,1,0,0
modernizr,extracted,0,1,1,0,0
modesl,extracted-with-diagnostics,224,1,1,0,5
modular-scale,extracted,3,1,1,0,0
modularscale,extracted,1,1,1,0,0
module-alias,extracted,6,1,1,0,0
module-deps,extracted-with-diagnostics,46,1,1,0,5
mojang-gametest,extracted,245,1,1,0,0
mojang-minecraft,extracted,4497,1,1,0,0
mojang-minecraft-server-admin,extracted,5,1,1,0,0
mojang-minecraft-ui,extracted,16,1,1,0,0
mojang-net,extracted,18,1,1,0,0
moji,extracted,7,1,1,0,0
mokapi,extracted,36,1,1,0,0
moment-business,extracted-with-diagnostics,6,1,1,0,1
moment-business-time,extracted-with-diagnostics,0,1,1,0,4
moment-duration-format,extracted-with-diagnostics,1,1,1,0,1
moment-guess,extracted,1,1,1,0,0
moment-hijri,extracted-with-diagnostics,0,1,1,0,1
moment-holiday,extracted-with-diagnostics,0,1,1,0,1
moment-jalaali,extracted-with-diagnostics,0,1,1,0,1
moment-jdateformatparser,extracted-with-diagnostics,0,1,1,0,1
moment-locales-webpack-plugin,extracted-with-diagnostics,0,1,1,0,8
moment-precise-range-plugin,extracted-with-diagnostics,0,1,1,0,1
moment-round,extracted-with-diagnostics,0,1,1,0,1
moment-shortformat,extracted-with-diagnostics,0,1,1,0,1
moment-strftime2,extracted-with-diagnostics,1,1,1,0,1
money,extracted,9,1,1,0,0
money-math,extracted,18,1,1,0,0
mongo-sanitize,extracted,1,1,1,0,0
mongodb-queue,extracted-with-diagnostics,18,1,1,0,6
mongodb-uri,extracted,7,1,1,0,0
mongoose-auto-increment,extracted-with-diagnostics,2,1,1,0,1
mongoose-deep-populate,extracted-with-diagnostics,1,1,1,0,1
mongoose-delete,extracted-with-diagnostics,7,1,1,0,17
mongoose-id-validator,extracted-with-diagnostics,1,1,1,0,1
mongoose-lean-id,extracted-with-diagnostics,1,1,1,0,1
mongoose-lean-virtuals,extracted-with-diagnostics,1,1,1,0,1
mongoose-mock,extracted-with-diagnostics,0,1,1,0,1
mongoose-paginate,extracted-with-diagnostics,3,1,1,0,6
mongoose-promise,extracted-with-diagnostics,0,1,1,0,1
mongoose-seeder,extracted,4,1,1,0,0
mongoose-sequence,extracted-with-diagnostics,3,1,1,0,4
mongoose-simple-random,extracted-with-diagnostics,1,1,1,0,2
mongoosejs__async-hooks,extracted-with-diagnostics,1,1,1,0,1
mongorito,extracted-with-diagnostics,62,1,1,0,2
mongration,extracted-with-diagnostics,5,1,1,0,1
moo,extracted,14,1,1,0,0
moonjs,extracted,27,1,1,0,0
morgan,extracted-with-diagnostics,25,1,1,0,5
morgan-json,extracted-with-diagnostics,1,1,1,0,5
morris.js,extracted,0,1,1,0,0
morsee,extracted,2,1,1,0,0
mosca,extracted,57,1,1,0,0
motion-scroll,extracted,1,1,1,0,0
motion-sensors-polyfill,extracted,49,1,1,0,0
motor-hat,extracted,33,1,1,0,0
mouse-event-offset,extracted-with-diagnostics,1,1,1,0,1
mousetrap,extracted,22,1,1,0,0
move-concurrently,extracted,1,1,1,0,0
moveto,extracted,9,1,1,0,0
moviedb,extracted,1,1,1,0,0
moxios,extracted-with-diagnostics,27,1,1,0,1
moxy__next-router-scroll,extracted-with-diagnostics,4,1,1,0,10
mozilla__readability,extracted,2,1,1,0,0
mozjpeg,extracted-with-diagnostics,0,1,1,0,5
mp4frag,extracted-with-diagnostics,144,1,1,0,5
mparticle__web-sdk,extracted-with-diagnostics,121,1,1,0,1
mpesa-node,extracted-with-diagnostics,20,1,1,0,1
mpromise,extracted,20,1,1,0,0
mpv-script,extracted,0,1,1,0,0
mraid,extracted,110,1,1,0,0
ms,extracted,2,1,1,0,0
ms.macro,extracted,1,1,1,0,0
msgpack,extracted,10,1,1,0,0
msgpack-lite,extracted-with-diagnostics,218,1,1,0,5
msgpack5,extracted-with-diagnostics,9,1,1,0,7
msnodesql,extracted-with-diagnostics,45,1,1,0,10
mssql,extracted-with-diagnostics,670,1,1,0,8
mta-h5-analysis,extracted,4,1,1,0,0
mu2,extracted-with-diagnostics,9,1,1,0,5
mudder,extracted,38,1,1,0,0
mui-datatables,extracted-with-diagnostics,8,1,1,0,2
mui-image,extracted-with-diagnostics,2,1,1,0,7
muibox,extracted-with-diagnostics,6,1,1,0,1
muicss,extracted,0,1,1,0,0
multer,extracted-with-diagnostics,15,1,1,0,5
multer-s3,extracted-with-diagnostics,3,1,1,0,6
multi-number-parse,extracted,1,1,1,0,0
multi-progress,extracted-with-diagnostics,10,1,1,0,5
multi-stage-sourcemap,extracted-with-diagnostics,1,1,1,0,1
multi-typeof,extracted,1,1,1,0,0
multiavatar__multiavatar,extracted,1,1,1,0,0
multicast-dns,extracted-with-diagnostics,73,1,1,0,5
multicoin-address-validator,extracted,5,1,1,0,0
multimap,extracted,18,1,1,0,0
multiparty,extracted-with-diagnostics,158,1,1,0,5
multipipe,extracted-with-diagnostics,20,1,1,0,5
multiplexjs,extracted,1354,1,1,0,0
multireducer,extracted,4,1,1,0,0
multiselect,extracted,0,1,1,0,0
multisig-hmac,extracted-with-diagnostics,192,1,1,0,5
multisort,extracted,4,1,1,0,0
multistream,extracted-with-diagnostics,119,1,1,0,5
multivariate-normal,extracted,6,1,1,0,0
multy,extracted-with-diagnostics,1,1,1,0,5
mumath,extracted,11,1,1,0,0
muri,extracted,1,1,1,0,0
murmurhash-js,extracted,3,1,1,0,0
murmurhash3js,extracted,3,1,1,0,0
murmurhash3js-revisited,extracted,9,1,1,0,0
musickit-js,extracted,0,1,1,0,0
musicmatch,extracted,19,1,1,0,0
musicmetadata,extracted-with-diagnostics,0,1,1,0,5
mustache,extracted,56,2,2,0,0
mustache-express,extracted-with-diagnostics,2,1,1,0,1
mute-stream,extracted-with-diagnostics,140,1,1,0,5
mutexify,extracted,1,1,1,0,0
muxml,extracted-with-diagnostics,1,1,1,0,5
mv,extracted,2,1,1,0,0
mvdan-sh,extracted-with-diagnostics,544,1,1,0,5
myanmar-phonenumber,extracted,4,1,1,0,0
mysql,extracted-with-diagnostics,164,1,1,0,5
mysql-import,extracted-with-diagnostics,8,1,1,0,1
mysql-query-util,extracted-with-diagnostics,10,1,1,0,5
mz,extracted-with-diagnostics,38306,1,1,0,5
n3,extracted-with-diagnostics,3954,1,1,0,6
name-all-modules-plugin,extracted-with-diagnostics,0,1,1,0,8
name-initials,extracted,1,1,1,0,0
named-regexp-groups,extracted,14,1,1,0,0
named-routes,extracted-with-diagnostics,16,1,1,0,5
namespace-emitter,extracted,6,1,1,0,0
namespace-js,extracted,5,1,1,0,0
nano-cache,extracted,18,1,1,0,0
nano-equal,extracted,1,1,1,0,0
nanoajax,extracted,2,1,1,0,0
nanobench,extracted,3,1,1,0,0
nanographql,extracted,1,1,1,0,0
nanoid-dictionary,extracted,0,1,1,0,0
nanomsg,extracted-with-diagnostics,76,1,1,0,5
nanoscheduler,extracted,1,1,1,0,0
nanoscroller,extracted,0,1,1,0,0
nanotimer,extracted,12,1,1,0,0
nanp,extracted,0,1,1,0,0
nat-upnp,extracted-with-diagnostics,32,1,1,0,5
native-duplexpair,extracted-with-diagnostics,272,1,1,0,5
native-hello-world,extracted,1,1,1,0,0
native-toast,extracted,8,1,1,0,0
natural-compare,extracted,2,1,1,0,0
natural-compare-lite,extracted,1,1,1,0,0
natural-drag-animation-rbdnd,extracted-with-diagnostics,9,1,1,0,1
natural-sort,extracted,1,1,1,0,0
naughty-words,extracted,0,1,1,0,0
naver-whale,extracted-with-diagnostics,0,1,1,0,1
navermaps,extracted,0,1,1,0,0
navigator-languages-parser,extracted,0,1,1,0,0
nbayes,extracted,17,1,1,0,0
ncalayer-js-client,extracted,20,1,1,0,0
ncom,extracted-with-diagnostics,309,1,1,0,5
nconf,extracted,69,1,1,0,0
ncp,extracted-with-diagnostics,11,1,1,0,5
ndarray,extracted,27,1,1,0,0
ndarray-ops,extracted,150,1,1,0,0
ndarray-scratch,extracted,6,1,1,0,0
ndjson,extracted-with-diagnostics,2,1,1,0,5
ndn-js,extracted-with-diagnostics,305,1,1,0,10
nearest-color,extracted,3,1,1,0,0
nearest-periodic-value,extracted,1,1,1,0,0
nearley,extracted,18,1,1,0,0
nedb,extracted-with-diagnostics,91,1,1,0,5
nedb-logger,extracted,2,1,1,0,0
needle,extracted-with-diagnostics,18,1,1,0,5
negative-index,extracted,1,1,1,0,0
negotiator,extracted,16,1,1,0,0
neo-async,extracted,206,1,1,0,0
neo4j,extracted-with-diagnostics,24,1,1,0,7
nes,extracted-with-diagnostics,29,1,1,0,6
nestdb,extracted-with-diagnostics,91,1,1,0,5
nested-error-stacks,extracted,0,1,1,0,0
net-snmp,extracted-with-diagnostics,119,1,1,0,5
net-ticks,extracted,1,1,1,0,0
netconf,extracted,9,1,1,0,0
netease-captcha,extracted,0,1,1,0,0
netgear,extracted,104,1,1,0,0
netlify-auth-providers,extracted,2,1,1,0,0
netlify-identity-widget,extracted,15,1,1,0,0
netmask,extracted,7,1,1,0,0
netrc,extracted-with-diagnostics,4,1,1,0,5
network-interfaces,extracted,5,1,1,0,0
neverbounce,extracted,28,1,1,0,0
new-date,extracted,1,1,1,0,0
new-relic-browser,extracted,0,1,1,0,0
newline-remove,extracted,1,1,1,0,0
newman,extracted-with-diagnostics,576,1,1,0,6
newrelic,extracted,54,1,1,0,0
nexpect,extracted-with-diagnostics,10,1,1,0,5
next-biz-date,extracted-with-diagnostics,2,1,1,0,1
next-nprogress,extracted-with-diagnostics,1,1,1,0,1
next-pwa,extracted-with-diagnostics,2,1,1,0,3
next-redux-saga,extracted-with-diagnostics,2,1,1,0,1
next-tick,extracted,1,1,1,0,0
nextgen-events,extracted,129,1,1,0,0
ng-command,extracted,0,1,1,0,0
ng-dialog,extracted,0,1,1,0,0
ng-facebook,extracted,0,1,1,0,0
ng-file-upload,extracted,0,1,1,0,0
ng-flow,extracted,0,1,1,0,0
ng-grid,extracted,0,1,1,0,0
ng-i18next,extracted,0,1,1,0,0
ng-notify,extracted,0,1,1,0,0
ng-showdown,extracted,9,1,1,0,0
ng-stomp,extracted,0,1,1,0,0
ng-tags-input,extracted,0,1,1,0,0
ngard__tiny-difference,extracted,1,1,1,0,0
ngbootbox,extracted,0,1,1,0,0
ngeohash,extracted,12,1,1,0,0
nginstack__datasource,extracted-with-diagnostics,0,1,1,0,6
nginstack__dev-tools,extracted,0,1,1,0,0
nginstack__devops,extracted-with-diagnostics,0,1,1,0,5
nginstack__engine,extracted,0,1,1,0,0
nginstack__iquery,extracted,0,1,1,0,0
nginstack__jsunit,extracted-with-diagnostics,0,1,1,0,1
nginstack__orm,extracted-with-diagnostics,0,1,1,0,1
nginstack__web-framework,extracted-with-diagnostics,0,1,1,0,46
ngkookies,extracted,0,1,1,0,0
ngmap,extracted,0,1,1,0,0
ngprogress,extracted,0,1,1,0,0
ngprogress-lite,extracted,0,1,1,0,0
ngreact,extracted-with-diagnostics,1,1,1,0,1
ngsijs,extracted,117,1,1,0,0
ngstorage,extracted-with-diagnostics,12,1,1,0,1
ngtoaster,extracted,20,1,1,0,0
ngwysiwyg,extracted,0,1,1,0,0
nhs-number-validator,extracted,1,1,1,0,0
nib,extracted,1,1,1,0,0
nice-try,extracted,4,1,1,0,0
nightmare,extracted-with-diagnostics,250,1,1,0,5
nightwind,extracted-with-diagnostics,1,1,1,0,1
nise,extracted,59,1,1,0,0
nivo-slider,extracted,0,1,1,0,0
nkzq__copy-paste,extracted,5,1,1,0,0
nlcst,extracted,0,1,1,0,0
no-scroll,extracted,3,1,1,0,0
noble,extracted-with-diagnostics,619,1,1,0,5
noble-mac,extracted-with-diagnostics,684,1,1,0,5
nodal,extracted-with-diagnostics,345,1,1,0,5
node,extracted-with-diagnostics,165988,1,1,0,5
node-7z,extracted-with-diagnostics,1918,1,1,0,5
node-abi,extracted,3,1,1,0,0
node-apple-receipt-verify,extracted,7,1,1,0,0
node-array-ext,extracted,2,1,1,0,0
node-barion,extracted,44,1,1,0,0
node-browser-history,extracted,10,1,1,0,0
node-bzip2,extracted-with-diagnostics,4,1,1,0,5
node-calendar,extracted,24,1,1,0,0
node-canvas-text,extracted,1,1,1,0,0
node-cleanup,extracted,2,1,1,0,0
node-cmd,extracted-with-diagnostics,2,1,1,0,5
node-config-manager,extracted,7,1,1,0,0
node-crate,extracted,24,1,1,0,0
node-cron,extracted,21,1,1,0,0
node-dht-sensor,extracted-with-diagnostics,10,1,1,0,5
node-dijkstra,extracted,6,1,1,0,0
node-dir,extracted-with-diagnostics,16,1,1,0,5
node-dogstatsd,extracted-with-diagnostics,79,1,1,0,5
node-easy-cert,extracted,16,1,1,0,0
node-expat,extracted-with-diagnostics,1864,1,1,0,5
node-fetch,extracted-with-diagnostics,146,1,1,0,6
node-fetch-cache,extracted-with-diagnostics,12,1,1,0,6
node-fibers,extracted,18,1,1,0,0
node-forge,extracted-with-diagnostics,1601,1,1,0,5
node-gcm,extracted,10,1,1,0,0
node-geocoder,extracted-with-diagnostics,4,1,1,0,6
node-getopt,extracted,22,1,1,0,0
node-gettext,extracted,34,1,1,0,0
node-gzip,extracted-with-diagnostics,2,1,1,0,5
node-hashring,extracted,10,1,1,0,0
node-hook,extracted,3,1,1,0,0
node-horseman,extracted,142,1,1,0,0
node-hrx,extracted-with-diagnostics,22,1,1,0,5
node-hue-api,extracted-with-diagnostics,137,1,1,0,5
node-imap,extracted-with-diagnostics,170,1,1,0,5
node-insights,extracted,16,1,1,0,0
node-int64,extracted-with-diagnostics,202,1,1,0,5
node-ip2region,extracted-with-diagnostics,14,1,1,0,5
node-ipc,extracted-with-diagnostics,28,1,1,0,5
node-isbn,extracted-with-diagnostics,4,1,1,0,6
node-jose,extracted-with-diagnostics,882,1,1,0,5
node-jsfl-runner,extracted-with-diagnostics,4,1,1,0,5
node-json-logger,extracted,1,1,1,0,0
node-json-transform,extracted,3,1,1,0,0
node-kmeans,extracted,1,1,1,0,0
node-localstorage,extracted-with-diagnostics,200,1,1,0,5
node-loggly-bulk,extracted,4,1,1,0,0
node-media-server,extracted,8,1,1,0,0
node-memwatch,extracted-with-diagnostics,34,1,1,0,5
node-microphone,extracted-with-diagnostics,4,1,1,0,5
node-mongodb-fixtures,extracted-with-diagnostics,8,1,1,0,1
node-mysql-wrapper,extracted-with-diagnostics,900,1,1,0,5
node-netstat,extracted-with-diagnostics,18,1,1,0,5
node-notifier,extracted-with-diagnostics,43,1,1,0,5
node-observer,extracted,3,1,1,0,0
node-openload,extracted,1,1,1,0,0
node-os-utils,extracted,39,1,1,0,0
node-pdftk,extracted-with-diagnostics,50,1,1,0,5
node-persist,extracted-with-diagnostics,71,1,1,0,5
node-phpass,extracted,3,1,1,0,0
node-pipewire,extracted,17,1,1,0,0
node-pixel,extracted-with-diagnostics,31,1,1,0,5
node-polyglot,extracted,15,1,1,0,0
node-postal,extracted,2,1,1,0,0
node-pushnotifications,extracted-with-diagnostics,10,1,1,0,6
node-ral,extracted-with-diagnostics,197,1,1,0,5
node-random-name,extracted,1,1,1,0,0
node-red,extracted-with-diagnostics,1820,1,1,0,6
node-red-node-test-helper,extracted-with-diagnostics,60,1,1,0,7
node-red__editor-api,extracted-with-diagnostics,13,1,1,0,6
node-red__editor-client,extracted-with-diagnostics,2914,1,1,0,6
node-red__flow-parser,extracted,142,1,1,0,0
node-red__registry,extracted-with-diagnostics,279,1,1,0,6
node-red__runtime,extracted-with-diagnostics,848,1,1,0,6
node-red__util,extracted-with-diagnostics,247,1,1,0,6
node-redis-pubsub,extracted-with-diagnostics,10,1,1,0,1
node-redmine,extracted-with-diagnostics,13,1,1,0,5
node-replicate,extracted,9,1,1,0,0
node-rsa,extracted-with-diagnostics,772,1,1,0,5
node-sass,extracted-with-diagnostics,273,1,1,0,5
node-sass-middleware,extracted-with-diagnostics,1,1,1,0,5
node-sass-tilde-importer,extracted-with-diagnostics,2,1,1,0,5
node-schedule,extracted-with-diagnostics,144,1,1,0,5
node-siege,extracted-with-diagnostics,1,1,1,0,5
node-slack,extracted-with-diagnostics,10,1,1,0,7
node-snap7,extracted-with-diagnostics,234,1,1,0,5
node-sprite-generator,extracted-with-diagnostics,6,1,1,0,5
node-ssdp,extracted-with-diagnostics,288,1,1,0,5
node-ssha256,extracted,2,1,1,0,0
node-static,extracted-with-diagnostics,15,1,1,0,6
node-statsd,extracted-with-diagnostics,94,1,1,0,5
node-steam-openid,extracted-with-diagnostics,4,1,1,0,5
node-summary,extracted,3,1,1,0,0
node-targz,extracted-with-diagnostics,2,1,1,0,5
node-telegram-bot-api,extracted-with-diagnostics,352,1,1,0,7
node-temperature-converter,extracted,12,1,1,0,0
node-timecodes,extracted,4,1,1,0,0
node-tlv,extracted-with-diagnostics,576,1,1,0,5
node-turn,extracted-with-diagnostics,44,1,1,0,5
node-uci,extracted-with-diagnostics,24,1,1,0,5
node-unifi,extracted-with-diagnostics,0,1,1,0,1
node-uuid,extracted-with-diagnostics,16,1,1,0,5
node-vagrant,extracted-with-diagnostics,97,1,1,0,5
node-validator,extracted,24,1,1,0,0
node-vault-client,extracted,43,1,1,0,0
node-wav,extracted-with-diagnostics,2,1,1,0,5
node-webcam,extracted-with-diagnostics,256,1,1,0,5
node-wget-promise,extracted,1,1,1,0,0
node-wifi,extracted,11,1,1,0,0
node-windows,extracted-with-diagnostics,111,1,1,0,5
node-wit,extracted,5,1,1,0,0
node-xmpp-client,extracted,51,1,1,0,0
node-xmpp-core,extracted-with-diagnostics,269,1,1,0,5
node-zookeeper-client,extracted-with-diagnostics,602,1,1,0,5
node-zopfli,extracted-with-diagnostics,158,1,1,0,5
node-zopfli-es,extracted-with-diagnostics,158,1,1,0,5
nodegit,extracted-with-diagnostics,1119,1,1,0,5
nodejs-license-file,extracted,2,1,1,0,0
nodemailer,extracted-with-diagnostics,12,1,1,0,5
nodemailer-direct-transport,extracted-with-diagnostics,1,1,1,0,5
nodemailer-express-handlebars,extracted-with-diagnostics,1,1,1,0,6
nodemailer-html-to-text,extracted-with-diagnostics,1,1,1,0,5
nodemailer-mailgun-transport,extracted-with-diagnostics,2,1,1,0,5
nodemailer-pickup-transport,extracted-with-diagnostics,1,1,1,0,5
nodemailer-sendgrid,extracted-with-diagnostics,1,1,1,0,5
nodemailer-ses-transport,extracted-with-diagnostics,145,1,1,0,5
nodemailer-smtp-pool,extracted-with-diagnostics,1,1,1,0,5
nodemailer-smtp-transport,extracted-with-diagnostics,1,1,1,0,5
nodemailer-stub-transport,extracted-with-diagnostics,1,1,1,0,5
nodemark,extracted,13,1,1,0,0
nodepub,extracted,8,1,1,0,0
nodes7,extracted,16,1,1,0,0
nodeunit,extracted,20,1,1,0,0
noise-curve-ed,extracted-with-diagnostics,2,1,1,0,5
noise-curve-secp,extracted-with-diagnostics,2,1,1,0,5
noise-handshake,extracted-with-diagnostics,30,1,1,0,5
noisejs,extracted,10,1,1,0,0
noloopfor,extracted,4,1,1,0,0
nomnom,extracted,0,1,1,0,0
nonogram-solver,extracted,6,1,1,0,0
nopt,extracted,2,1,1,0,0
normalize-for-search,extracted,1,1,1,0,0
normalize-jss,extracted,0,1,1,0,0
normalize-package-data,extracted,3,1,1,0,0
normalize-path,extracted,1,1,1,0,0
normalize-wheel,extracted,2,1,1,0,0
normalplaytime,extracted,1,1,1,0,0
noteflight-client,extracted,0,1,1,0,0
notiad-sdk,extracted,4,1,1,0,0
notie,extracted,17,1,1,0,0
notifme-sdk,extracted,4,1,1,0,0
notify,extracted-with-diagnostics,0,1,1,0,1
notifyjs,extracted,18,1,1,0,0
notifyjs-browser,extracted,0,1,1,0,0
notp,extracted-with-diagnostics,4,1,1,0,5
nova-editor,extracted-with-diagnostics,0,1,1,0,2
nova-editor-node,extracted-with-diagnostics,0,1,1,0,2
novnc-core,extracted,59,1,1,0,0
novnc__novnc,extracted,31,1,1,0,0
nowigence-react-simple-maps,extracted-with-diagnostics,10,1,1,0,1
npm,extracted-with-diagnostics,485,1,1,0,5
npm-cache-filename,extracted,2,1,1,0,0
npm-dependants,extracted-with-diagnostics,1,1,1,0,5
npm-install-webpack-plugin,extracted-with-diagnostics,1,1,1,0,8
npm-license-corrections,extracted,0,1,1,0,0
npm-license-crawler,extracted,2,1,1,0,0
npm-list-author-packages,extracted,3,1,1,0,0
npm-package-arg,extracted,2,1,1,0,0
npm-packlist,extracted-with-diagnostics,2,1,1,0,10
npm-paths,extracted,1,1,1,0,0
npm-profile,extracted-with-diagnostics,11,1,1,0,6
npm-registry-fetch,extracted-with-diagnostics,4,1,1,0,6
npm-registry-package-info,extracted,3,1,1,0,0
npm-run,extracted-with-diagnostics,48,1,1,0,5
npm-user-packages,extracted,1,1,1,0,0
npm-which,extracted-with-diagnostics,5,1,1,0,5
npm-whoami,extracted,4,1,1,0,0
npmcli__arborist,extracted-with-diagnostics,1849,1,1,0,10
npmcli__ci-detect,extracted,1,1,1,0,0
npmcli__config,extracted-with-diagnostics,237,1,1,0,5
npmcli__map-workspaces,extracted-with-diagnostics,2,1,1,0,11
npmcli__package-json,extracted,23,1,1,0,0
npmcli__promise-spawn,extracted-with-diagnostics,2,1,1,0,5
npmlog,extracted-with-diagnostics,72,1,1,0,5
nprogress,extracted,22,1,1,0,0
ns-api,extracted,6,1,1,0,0
nslog,extracted,1,1,1,0,0
nspell,extracted-with-diagnostics,16,1,1,0,5
nsqjs,extracted-with-diagnostics,390,1,1,0,5
nssm,extracted,1,1,1,0,0
ntlm-client,extracted-with-diagnostics,3,1,1,0,5
ntp-client,extracted,2,1,1,0,0
ntqdm,extracted,1,1,1,0,0
nuclear-js,extracted-with-diagnostics,32,1,1,0,1
nuclear-js-react-addons-chefsplate,extracted-with-diagnostics,1,1,1,0,1
num2fraction,extracted,1,1,1,0,0
number-abbreviate,extracted,2,1,1,0,0
number-is-nan,extracted,1,1,1,0,0
number-to-words,extracted,3,1,1,0,0
numeral,extracted,39,1,1,0,0
numeric,extracted,507,1,1,0,0
numjs,extracted,870,1,1,0,0
nums2words-bg,extracted,4,1,1,0,0
nunjucks,extracted,72,1,1,0,0
nunjucks-date,extracted,2,1,1,0,0
nut-pipe,extracted-with-diagnostics,9,1,1,0,1
nuxtjs__auth,extracted-with-diagnostics,51,1,1,0,1
nvd3,extracted-with-diagnostics,5668,1,1,0,7
nw.gui,extracted,165,1,1,0,0
nw.js,extracted-with-diagnostics,0,1,1,0,5
nwmatcher,extracted,10,1,1,0,0
nwsapi,extracted,39,1,1,0,0
nyaapi,extracted,17,1,1,0,0
oakdex-pokedex,extracted,19,1,1,0,0
oauth,extracted-with-diagnostics,40,1,1,0,5
oauth-shim,extracted-with-diagnostics,263,1,1,0,5
oauth-signature,extracted,1,1,1,0,0
oauth.js,extracted,0,1,1,0,0
oauth2-implicit,extracted,7,1,1,0,0
oauth2-server,extracted-with-diagnostics,156,1,1,0,5
oauth2orize,extracted-with-diagnostics,331,1,1,0,5
oauth2orize-pkce,extracted-with-diagnostics,1,1,1,0,5
obelisk.js,extracted,104,1,1,0,0
obj-file-parser,extracted,2,1,1,0,0
object-assign,extracted,6,1,1,0,0
object-assign-deep,extracted,8,1,1,0,0
object-diff,extracted,1,1,1,0,0
object-fit-images,extracted,1,1,1,0,0
object-hash,extracted-with-diagnostics,8,1,1,0,1
object-inspect,extracted,1,1,1,0,0
object-is,extracted,4,1,1,0,0
object-joiner,extracted,1,1,1,0,0
object-keys,extracted,2,1,1,0,0
object-keys-mapping,extracted,12,1,1,0,0
object-map,extracted,1,1,1,0,0
object-mapper,extracted,2,1,1,0,0
object-merge,extracted,3,1,1,0,0
object-path,extracted,40,1,1,0,0
object-refs,extracted,12,1,1,0,0
object-treeify,extracted,5,1,1,0,0
object.assign,extracted,6,1,1,0,0
object.entries,extracted,4,1,1,0,0
object.fromentries,extracted,2,1,1,0,0
object.getownpropertydescriptors,extracted,4,1,1,0,0
object.groupby,extracted,12,6,6,0,0
object.omit,extracted,2,1,1,0,0
object.pick,extracted,1,1,1,0,0
objects-to-csv,extracted,6,1,1,0,0
objtools,extracted,64,1,1,0,0
oblo-util,extracted,0,1,1,0,0
oboe,extracted-with-diagnostics,22,1,1,0,5
obs-studio,extracted,0,1,1,0,0
observ,extracted,5,1,1,0,0
observe-js,extracted,9,1,1,0,0
obsolete-web,extracted,2,1,1,0,0
oclazyload,extracted,0,1,1,0,0
ofe,extracted,1,1,1,0,0
office-js,extracted,0,1,1,0,0
office-js-preview,extracted,0,1,1,0,0
office-runtime,extracted,0,1,1,0,0
offline-js,extracted,0,1,1,0,0
offscreen-canvas,extracted,2,1,1,0,0
offscreencanvas,extracted,0,1,1,0,0
oibackoff,extracted,37,1,1,0,0
oidc-provider,extracted-with-diagnostics,2778,1,1,0,5
oidc-token-hash,extracted,2,1,1,0,0
oidc-token-manager,extracted,0,1,1,0,0
oja,extracted-with-diagnostics,1953,1,1,0,5
ola,extracted,3,1,1,0,0
oled-font-5x7,extracted,0,1,1,0,0
oled-i2c-bus,extracted-with-diagnostics,42,1,1,0,5
omelette,extracted,19,1,1,0,0
omggif,extracted,13,1,1,0,0
omgopass,extracted,1,1,1,0,0
omit,extracted,4,1,1,0,0
omit-deep,extracted,1,1,1,0,0
omit-deep-lodash,extracted,2,1,1,0,0
omit-empty,extracted,1,1,1,0,0
on-finished,extracted-with-diagnostics,2,1,1,0,5
on-headers,extracted-with-diagnostics,1,1,1,0,5
on-wake-up,extracted,1,1,1,0,0
once,extracted,37,1,1,0,0
one-time,extracted,1,1,1,0,0
onfleet__node-onfleet,extracted,116,1,1,0,0
onflow__flow-js-testing,extracted-with-diagnostics,32,1,1,0,5
oniguruma,extracted,18,1,1,0,0
onionoo,extracted-with-diagnostics,2,1,1,0,1
onscan.js,extracted,16,1,1,0,0
ontime,extracted,4,1,1,0,0
oojs,extracted,92,1,1,0,0
oojs-ui,extracted,0,1,1,0,0
ooura,extracted,16,1,1,0,0
open-file-explorer,extracted,1,1,1,0,0
open-graph,extracted-with-diagnostics,5,1,1,0,2
open-in-editor,extracted,2,1,1,0,0
open-location-code,extracted,8,1,1,0,0
open-wc__testing-karma,extracted-with-diagnostics,1,1,1,0,6
open-wc__testing-karma-bs,extracted-with-diagnostics,1,1,1,0,6
open-wc__webpack-import-meta-loader,extracted,1,1,1,0,0
openapi-sampler,extracted,1,1,1,0,0
openapi-to-postmanv2,extracted-with-diagnostics,15,1,1,0,5
opencc-js,extracted,6,1,1,0,0
opener,extracted-with-diagnostics,1,1,1,0,5
openfin,extracted-with-diagnostics,0,1,1,0,5
openid,extracted,3,1,1,0,0
openjscad,extracted-with-diagnostics,2,1,1,0,3
openlayers,extracted,3396,1,1,0,0
openpay,extracted,297,1,1,0,0
openrct2,extracted,0,1,1,0,0
openssi-websdk,extracted,41,1,1,0,0
openstack-wrapper,extracted,332,1,1,0,0
opentimestamps,extracted-with-diagnostics,290,1,1,0,5
opentok,extracted,27,1,1,0,0
opentype.js,extracted,135,1,1,0,0
openui5,extracted,152898,1,1,0,0
openurl,extracted-with-diagnostics,2,1,1,0,5
openurl2,extracted-with-diagnostics,2,1,1,0,5
opossum,extracted-with-diagnostics,128,1,1,0,5
opossum-prometheus,extracted-with-diagnostics,2,1,1,0,6
optics-agent,extracted-with-diagnostics,19,1,1,0,7
optimist,extracted,44,1,1,0,0
optimize-css-assets-webpack-plugin,extracted-with-diagnostics,2,1,1,0,9
oracle__oraclejet,extracted,16,1,1,0,0
oracledb,extracted-with-diagnostics,826,1,1,0,5
orchestrator,extracted-with-diagnostics,95,1,1,0,5
orientjs,extracted-with-diagnostics,6066,1,1,0,5
original,extracted,2,1,1,0,0
original-url,extracted-with-diagnostics,1,1,1,0,5
os-homedir,extracted,1,1,1,0,0
os-service,extracted,5,1,1,0,0
os-tmpdir,extracted,1,1,1,0,0
os-utils,extracted,15,1,1,0,0
osenv,extracted,8,1,1,0,0
oslicense,extracted,4,1,1,0,0
osmosis,extracted,14,1,1,0,0
osmtogeojson,extracted,4,1,1,0,0
ospath,extracted,4,1,1,0,0
ospec,extracted,40,1,1,0,0
osrm,extracted-with-diagnostics,34,1,1,0,5
ot,extracted,334,1,1,0,0
otp-generator,extracted,1,1,1,0,0
ottomated__passport-streamlabs,extracted-with-diagnostics,22,1,1,0,5
ottomated__passport-twitch,extracted-with-diagnostics,22,1,1,0,5
ouibounce,extracted,3,1,1,0,0
outliers,extracted,2,1,1,0,0
ovenplayer,extracted,137,1,1,0,0
overload-protection,extracted,4,1,1,0,0
oversmash,extracted,1,1,1,0,0
owasp-password-strength-test,extracted,3,1,1,0,0
owl.carousel,extracted,0,1,1,0,0
owlcarousel,extracted,0,1,1,0,0
p-fifo,extracted,6,1,1,0,0
p-loading,extracted,0,1,1,0,0
p2,extracted,4669,1,1,0,0
p5,extracted,1670,1,1,0,0
pa11y,extracted-with-diagnostics,2,1,1,0,1
packery,extracted,34,1,1,0,0
pacote,extracted-with-diagnostics,9,1,1,0,6
pad-left,extracted,1,1,1,0,0
paddle-js-browser,extracted,16,1,1,0,0
page,extracted,35,1,1,0,0
page-flip,extracted,297,1,1,0,0
page-icon,extracted-with-diagnostics,0,1,1,0,5
pageclip,extracted-with-diagnostics,6,1,1,0,7
pagedjs-cli,extracted-with-diagnostics,21,1,1,0,1
pager__jackrabbit,extracted-with-diagnostics,60,1,1,0,5
paho-mqtt,extracted,23,1,1,0,0
palx,extracted,1,1,1,0,0
pannellum,extracted,0,1,1,0,0
papaparse,extracted-with-diagnostics,14,1,1,0,5
paradisebotsapi.js,extracted,2,1,1,0,0
parallax-js,extracted,22,1,1,0,0
parallel-transform,extracted-with-diagnostics,6,1,1,0,5
paralleljs,extracted,6,1,1,0,0
parameter,extracted,12,1,1,0,0
parameterize,extracted,1,1,1,0,0
parcel-bundler,extracted-with-diagnostics,20,1,1,0,5
parcel-env,extracted,0,1,1,0,0
parcel__watcher,extracted-with-diagnostics,6,1,1,0,5
parents,extracted,1,1,1,0,0
parity-pmd,extracted-with-diagnostics,2,1,1,0,5
parity-pmr,extracted-with-diagnostics,2,1,1,0,5
parity-poe,extracted-with-diagnostics,4,1,1,0,5
parquetjs,extracted-with-diagnostics,1987,1,1,0,5
parse-author,extracted,1,1,1,0,0
parse-cache-control,extracted,1,1,1,0,0
parse-color,extracted,1,1,1,0,0
parse-conflict-json,extracted-with-diagnostics,2,1,1,0,5
parse-data-url,extracted-with-diagnostics,2,1,1,0,5
parse-dds,extracted,1,1,1,0,0
parse-decimal-number,extracted,4,1,1,0,0
parse-env-string,extracted,1,1,1,0,0
parse-filepath,extracted,1,1,1,0,0
parse-full-name,extracted,1,1,1,0,0
parse-git-config,extracted,8,1,1,0,0
parse-github-repo-url,extracted,1,1,1,0,0
parse-github-url,extracted-with-diagnostics,1,1,1,0,5
parse-gitignore,extracted-with-diagnostics,5,1,1,0,5
parse-glob,extracted,1,1,1,0,0
parse-human-date-range,extracted,1,1,1,0,0
parse-key,extracted,1,1,1,0,0
parse-link-header,extracted,1,1,1,0,0
parse-listing,extracted,4,1,1,0,0
parse-markdown-links,extracted,1,1,1,0,0
parse-mockdb,extracted-with-diagnostics,5,1,1,0,4
parse-multipart,extracted-with-diagnostics,91,1,1,0,5
parse-node-version,extracted,1,1,1,0,0
parse-passwd,extracted,1,1,1,0,0
parse-prefer-header,extracted,1,1,1,0,0
parse-srcset,extracted,1,1,1,0,0
parse-svg-path,extracted,1,1,1,0,0
parse-torrent,extracted-with-diagnostics,5,1,1,0,5
parse-torrent-file,extracted-with-diagnostics,3,1,1,0,5
parse-unit,extracted,1,1,1,0,0
parse-uri,extracted,1,1,1,0,0
parse5-serializer-stream,extracted-with-diagnostics,116,1,1,0,6
parsecurrency,extracted,1,1,1,0,0
parseurl,extracted-with-diagnostics,2,1,1,0,5
parsimmon,extracted,583,1,1,0,0
pascalcase,extracted,1,1,1,0,0
passport,extracted-with-diagnostics,76,1,1,0,5
passport-42,extracted-with-diagnostics,20,1,1,0,5
passport-anonymous,extracted-with-diagnostics,7,1,1,0,5
passport-apple,extracted-with-diagnostics,37,1,1,0,5
passport-auth-token,extracted-with-diagnostics,14,1,1,0,5
passport-auth0,extracted-with-diagnostics,14,1,1,0,5
passport-azure-ad,extracted-with-diagnostics,11,1,1,0,5
passport-beam,extracted-with-diagnostics,13,1,1,0,5
passport-bnet,extracted-with-diagnostics,38,1,1,0,5
passport-cognito,extracted-with-diagnostics,8,1,1,0,5
passport-deezer,extracted-with-diagnostics,5,1,1,0,5
passport-discord,extracted-with-diagnostics,22,1,1,0,5
passport-facebook,extracted-with-diagnostics,26,1,1,0,5
passport-facebook-token,extracted-with-diagnostics,7,1,1,0,5
passport-fido2-webauthn,extracted-with-diagnostics,30,1,1,0,5
passport-github,extracted-with-diagnostics,20,1,1,0,5
passport-github2,extracted-with-diagnostics,24,1,1,0,5
passport-google-id-token,extracted-with-diagnostics,12,1,1,0,5
passport-google-oauth,extracted-with-diagnostics,6,1,1,0,5
passport-google-oauth2,extracted-with-diagnostics,8,1,1,0,5
passport-google-oauth20,extracted-with-diagnostics,27,1,1,0,5
passport-google-oidc,extracted-with-diagnostics,16,1,1,0,5
passport-http,extracted-with-diagnostics,11,1,1,0,5
passport-http-bearer,extracted-with-diagnostics,319,1,1,0,5
passport-instagram,extracted-with-diagnostics,8,1,1,0,5
passport-instagram-graph,extracted-with-diagnostics,8,1,1,0,5
passport-instagram-token,extracted-with-diagnostics,8,1,1,0,5
passport-jwt,extracted-with-diagnostics,24,1,1,0,5
passport-kakao,extracted-with-diagnostics,11,1,1,0,5
passport-lastfm,extracted-with-diagnostics,5,1,1,0,5
passport-line,extracted-with-diagnostics,27,1,1,0,5
passport-linkedin-oauth2,extracted-with-diagnostics,10,1,1,0,5
passport-local,extracted-with-diagnostics,12,1,1,0,5
passport-local-mongoose,extracted-with-diagnostics,22,1,1,0,11
passport-microsoft,extracted-with-diagnostics,24,1,1,0,5
passport-naver,extracted-with-diagnostics,12,1,1,0,5
passport-oauth2,extracted-with-diagnostics,52,1,1,0,5
passport-oauth2-client-password,extracted-with-diagnostics,10,1,1,0,5
passport-oauth2-refresh,extracted-with-diagnostics,4,1,1,0,5
passport-openidconnect,extracted-with-diagnostics,46,1,1,0,5
passport-orcid,extracted-with-diagnostics,36,1,1,0,5
passport-qq,extracted-with-diagnostics,25,1,1,0,5
passport-remember-me,extracted-with-diagnostics,11,1,1,0,5
passport-saml,extracted-with-diagnostics,16,1,1,0,5
passport-saml-metadata,extracted-with-diagnostics,5,1,1,0,5
passport-spotify,extracted-with-diagnostics,6,1,1,0,5
passport-steam,extracted-with-diagnostics,13,1,1,0,5
passport-strategy,extracted-with-diagnostics,7,1,1,0,5
passport-twitch-latest,extracted-with-diagnostics,60,1,1,0,5
passport-twitter,extracted-with-diagnostics,8,1,1,0,5
passport-twitter-token,extracted-with-diagnostics,9,1,1,0,5
passport-unique-token,extracted-with-diagnostics,11,1,1,0,5
passport-vkontakte,extracted-with-diagnostics,5,1,1,0,5
passport-weibo,extracted-with-diagnostics,23,1,1,0,5
passport-windowsauth,extracted-with-diagnostics,15,1,1,0,5
passport.socketio,extracted-with-diagnostics,23,1,1,0,6
passthrough-encoding,extracted-with-diagnostics,3,1,1,0,5
password,extracted,1,1,1,0,0
password-hash,extracted,3,1,1,0,0
password-hash-and-salt,extracted,1,1,1,0,0
path-browserify,extracted,60,1,1,0,0
path-complete-extname,extracted,3,1,1,0,0
path-is-absolute,extracted,3,1,1,0,0
path-is-inside,extracted,1,1,1,0,0
path-parse,extracted-with-diagnostics,1,1,1,0,5
path-regex,extracted,1,1,1,0,0
pathfinding,extracted,139,1,1,0,0
pathjs,extracted,27,1,1,0,0
pathval,extracted,4,1,1,0,0
pathwatcher,extracted-with-diagnostics,50,1,1,0,5
pause,extracted-with-diagnostics,3,1,1,0,5
pause-me,extracted-with-diagnostics,6,1,1,0,5
payment,extracted,14,1,1,0,0
paypal-checkout-components,extracted,6,1,1,0,0
paypal-cordova-plugin,extracted,0,1,1,0,0
paypal-rest-sdk,extracted-with-diagnostics,74,1,1,0,5
paypal__checkout-server-sdk,extracted-with-diagnostics,71,1,1,0,5
paypal__payouts-sdk,extracted,20,1,1,0,0
paypal__paypalhttp,extracted-with-diagnostics,303,1,1,0,5
paystack,extracted,31,1,1,0,0
paystack__inline-js,extracted,14,1,1,0,0
paytmchecksum,extracted-with-diagnostics,10,1,1,0,5
payu-emea-sdk,extracted,0,1,1,0,0
pbf,extracted,122,1,1,0,0
pbf2json,extracted-with-diagnostics,72,1,1,0,5
pbkdf2,extracted-with-diagnostics,3,1,1,0,5
pcm-volume,extracted-with-diagnostics,142,1,1,0,5
pcx-js,extracted,20,1,1,0,0
pdf-fill-form,extracted-with-diagnostics,10,1,1,0,5
pdf-image,extracted,15,1,1,0,0
pdf-parse,extracted-with-diagnostics,1,1,1,0,5
pdf-thumbnail,extracted-with-diagnostics,1,1,1,0,5
pdf-viewer-reactjs,extracted-with-diagnostics,6,1,1,0,1
pdf2docx,extracted-with-diagnostics,4,1,1,0,5
pdf2html,extracted-with-diagnostics,3,1,1,0,5
pdf2image,extracted-with-diagnostics,4,1,1,0,5
pdfkit,extracted-with-diagnostics,0,1,1,0,5
pdfmake,extracted-with-diagnostics,21,1,1,0,5
pdfobject,extracted,1,1,1,0,0
pebblekitjs,extracted,0,1,1,0,0
peer-dial,extracted-with-diagnostics,207,1,1,0,5
pegjs,extracted,7,1,1,0,0
pell,extracted,5,1,1,0,0
pem,extracted-with-diagnostics,48,1,1,0,5
pem-jwk,extracted,2,1,1,0,0
pendo-io-browser,extracted,0,1,1,0,0
penner,extracted,31,1,1,0,0
percentage-regex,extracted,1,1,1,0,0
perfy,extracted,11,1,1,0,0
permit,extracted-with-diagnostics,9,1,1,0,5
persistent-cache,extracted-with-diagnostics,1,1,1,0,5
pet-finder-api,extracted,9,1,1,0,0
petit-dom,extracted,17,1,1,0,0
pexrtc,extracted,0,1,1,0,0
pg,extracted-with-diagnostics,910,2,2,0,16
pg-copy-streams,extracted-with-diagnostics,3767,1,1,0,8
pg-cursor,extracted-with-diagnostics,47,1,1,0,8
pg-database-url,extracted,1,1,1,0,0
pg-ears,extracted-with-diagnostics,1,1,1,0,8
pg-escape,extracted,5,1,1,0,0
pg-format,extracted,6,1,1,0,0
pg-large-object,extracted-with-diagnostics,3791,1,1,0,8
pg-pool,extracted-with-diagnostics,53,1,1,0,8
pg-template-tag,extracted,3,1,1,0,0
pgn-parser,extracted,2,1,1,0,0
pgwmodal,extracted,0,1,1,0,0
phantom,extracted,81,1,1,0,0
phantomcss,extracted,0,1,1,0,0
phantomjs,extracted,1,1,1,0,0
phc__bcrypt,extracted,3,1,1,0,0
phc__format,extracted-with-diagnostics,2,1,1,0,5
phoenix,extracted,66,1,1,0,0
phoenix_live_view,extracted,302,1,1,0,0
phone-formatter,extracted,2,1,1,0,0
phoneformat.js,extracted,10,1,1,0,0
phonegap,extracted,0,1,1,0,0
phonegap-facebook-plugin,extracted,0,1,1,0,0
phonegap-nfc,extracted,0,1,1,0,0
phonegap-plugin-barcodescanner,extracted,0,1,1,0,0
phonetic,extracted,1,1,1,0,0
phonon,extracted,0,1,1,0,0
photonui,extracted,0,1,1,0,0
photoshop,extracted,248,1,1,0,0
phplint,extracted-with-diagnostics,7,1,1,0,5
physical-cpu-count,extracted,0,1,1,0,0
pi-camera,extracted,10,1,1,0,0
pi-pir-sensor,extracted-with-diagnostics,6,1,1,0,5
pi-spi,extracted-with-diagnostics,12,1,1,0,5
pi-wifi,extracted,17,1,1,0,0
pica,extracted,7,1,1,0,0
pick-deep,extracted,1,1,1,0,0
pick-weight,extracted,1,1,1,0,0
pickadate,extracted,0,1,1,0,0
pico-sdk-js,extracted,92,1,1,0,0
pico8parse,extracted,54,1,1,0,0
picomatch,extracted,17,1,1,0,0
picturefill,extracted,1,1,1,0,0
pid-from-port,extracted,3,1,1,0,0
pidusage,extracted,7,1,1,0,0
piexifjs,extracted,8,1,1,0,0
pigpio-dht,extracted-with-diagnostics,17,1,1,0,5
pikaday,extracted-with-diagnostics,46,1,1,0,1
pikaday-time,extracted-with-diagnostics,44,1,1,0,1
ping,extracted,2,1,1,0,0
pinkyswear,extracted,0,1,1,0,0
pino-datadog,extracted-with-diagnostics,2,1,1,0,5
pino-multi-stream,extracted-with-diagnostics,3,1,1,0,4
pinterest-sdk,extracted,10,1,1,0,0
pinyin,extracted,2,1,1,0,0
pinyin-engine,extracted,2,1,1,0,0
pinyin4js,extracted,4,1,1,0,0
pipes-and-filters,extracted-with-diagnostics,103,1,1,0,5
piwik-react-router,extracted,1,1,1,0,0
piwik-tracker,extracted-with-diagnostics,32,1,1,0,5
pixl-xml,extracted,14,1,1,0,0
pixrem,extracted-with-diagnostics,0,1,1,0,1
pizzicato,extracted,88,1,1,0,0
pkcs7-padding,extracted-with-diagnostics,4,1,1,0,5
pkgcloud,extracted-with-diagnostics,31,1,1,0,5
pkginfo,extracted-with-diagnostics,3,1,1,0,5
pkgjs__parseargs,extracted,1,1,1,0,0
places,extracted-with-diagnostics,2,1,1,0,5
plaid-link,extracted,8,1,1,0,0
plantuml-encoder,extracted-with-diagnostics,2,1,1,0,5
platform,extracted,2,1,1,0,0
play-sound,extracted-with-diagnostics,1,1,1,0,5
playerframework,extracted-with-diagnostics,0,1,1,0,1
playmusic,extracted-with-diagnostics,20,1,1,0,5
pleasanter-web-script,extracted,0,1,1,0,0
pleasejs,extracted,0,1,1,0,0
plist,extracted-with-diagnostics,2,1,1,0,6
plotly.js,extracted,68,1,1,0,0
plotly.js-basic-dist,extracted,68,1,1,0,0
plotly.js-basic-dist-min,extracted,68,1,1,0,0
plotly.js-dist-min,extracted,68,1,1,0,0
plugapi,extracted,101,1,1,0,0
plupload,extracted,46,1,1,0,0
pluralize,extracted,9,1,1,0,0
plurals-cldr,extracted,4,1,1,0,0
plv8-internal,extracted,0,1,1,0,0
png-chunk-text,extracted,2,1,1,0,0
png-chunks-encode,extracted,1,1,1,0,0
png-chunks-extract,extracted,1,1,1,0,0
png.js,extracted-with-diagnostics,38,1,1,0,3
pngjs,extracted-with-diagnostics,1999,1,1,0,5
pngjs2,extracted-with-diagnostics,271,1,1,0,5
pngquant-bin,extracted-with-diagnostics,0,1,1,0,5
pnpapi,extracted,6,1,1,0,0
podium,extracted,16,1,1,0,0
poi,extracted-with-diagnostics,36,1,1,0,13
point-in-polygon,extracted,1,1,1,0,0
poisson-disk-sampling,extracted,14,1,1,0,0
poker-evaluator,extracted-with-diagnostics,89,1,1,0,5
polka,extracted-with-diagnostics,246,1,1,0,5
polycrc,extracted-with-diagnostics,38,1,1,0,5
polyfill-library,extracted-with-diagnostics,6,1,1,0,5
polyfill-service,extracted,3,1,1,0,0
polygon,extracted,56,1,1,0,0
polygon-lookup,extracted-with-diagnostics,6,1,1,0,1
polygon-selfintersect,extracted,2,1,1,0,0
polygons-intersect,extracted,1,1,1,0,0
polylabel,extracted,1,1,1,0,0
polyline,extracted,0,1,1,0,0
polymer,extracted,0,1,1,0,0
poool-access,extracted,33,1,1,0,0
poool-engage,extracted,20,1,1,0,0
popcnt32,extracted,1,1,1,0,0
popcorn,extracted-with-diagnostics,0,1,1,0,55
popoto,extracted-with-diagnostics,122,1,1,0,2
popup-window,extracted,10,1,1,0,0
port-numbers,extracted,2,1,1,0,0
portscanner,extracted,30,1,1,0,0
porty,extracted,5,1,1,0,0
posix,extracted,26,1,1,0,0
post-message-stream,extracted-with-diagnostics,192,1,1,0,5
post-robot,extracted,3,1,1,0,0
postal,extracted,0,1,1,0,0
postcss-advanced-variables,extracted-with-diagnostics,0,1,1,0,1
postcss-bem-linter,extracted-with-diagnostics,2,1,1,0,1
postcss-clamp,extracted-with-diagnostics,0,1,1,0,1
postcss-color-gray,extracted-with-diagnostics,0,1,1,0,1
postcss-css-variables,extracted-with-diagnostics,0,1,1,0,1
postcss-env-function,extracted-with-diagnostics,1,1,1,0,1
postcss-fail-on-warn,extracted-with-diagnostics,0,1,1,0,1
postcss-flexbugs-fixes,extracted-with-diagnostics,0,1,1,0,1
postcss-font-variant,extracted-with-diagnostics,0,1,1,0,1
postcss-functions,extracted-with-diagnostics,0,1,1,0,1
postcss-gap-properties,extracted-with-diagnostics,0,1,1,0,1
postcss-header,extracted-with-diagnostics,0,1,1,0,1
postcss-html,extracted-with-diagnostics,1,1,1,0,1
postcss-icss-values,extracted-with-diagnostics,0,1,1,0,1
postcss-import,extracted-with-diagnostics,1,1,1,0,1
postcss-inline-svg,extracted-with-diagnostics,0,1,1,0,1
postcss-js,extracted-with-diagnostics,4,1,1,0,2
postcss-less,extracted-with-diagnostics,0,1,1,0,1
postcss-media-query-parser,extracted,9,1,1,0,0
postcss-mixins,extracted-with-diagnostics,1,1,1,0,1
postcss-modules-extract-imports,extracted-with-diagnostics,0,1,1,0,1
postcss-modules-local-by-default,extracted-with-diagnostics,0,1,1,0,1
postcss-modules-resolve-imports,extracted-with-diagnostics,0,1,1,0,1
postcss-modules-scope,extracted-with-diagnostics,0,1,1,0,1
postcss-modules-values,extracted-with-diagnostics,0,1,1,0,1
postcss-nested-ancestors,extracted-with-diagnostics,0,1,1,0,1
postcss-normalize,extracted-with-diagnostics,0,1,1,0,1
postcss-page-break,extracted-with-diagnostics,0,1,1,0,1
postcss-plugins,extracted,0,1,1,0,0
postcss-prefix-keyframe,extracted-with-diagnostics,0,1,1,0,1
postcss-prefixer,extracted-with-diagnostics,0,1,1,0,1
postcss-pxtorem,extracted-with-diagnostics,0,1,1,0,1
postcss-reporter,extracted-with-diagnostics,0,1,1,0,1
postcss-resolve-nested-selector,extracted-with-diagnostics,1,1,1,0,1
postcss-rtl,extracted-with-diagnostics,0,1,1,0,1
postcss-safe-parser,extracted-with-diagnostics,0,1,1,0,1
postcss-sass,extracted-with-diagnostics,0,1,1,0,2
postcss-sorting,extracted-with-diagnostics,0,1,1,0,1
postcss-url,extracted-with-diagnostics,3,1,1,0,6
postcss-use,extracted-with-diagnostics,0,1,1,0,1
poster-image,extracted,1,1,1,0,0
posterus,extracted,25,1,1,0,0
postlight__mercury-parser,extracted-with-diagnostics,2,1,1,0,5
postman-collection,extracted-with-diagnostics,1414,1,1,0,5
postmate,extracted,6,1,1,0,0
potrace,extracted-with-diagnostics,15,1,1,0,6
pouch-redux-middleware,extracted-with-diagnostics,73,1,1,0,2
pouchdb,extracted-with-diagnostics,28,1,1,0,1
pouchdb-adapter-cordova-sqlite,extracted-with-diagnostics,0,1,1,0,1
pouchdb-adapter-fruitdown,extracted-with-diagnostics,0,1,1,0,1
pouchdb-adapter-http,extracted-with-diagnostics,0,1,1,0,1
pouchdb-adapter-idb,extracted-with-diagnostics,0,1,1,0,1
pouchdb-adapter-indexeddb,extracted-with-diagnostics,1,1,1,0,1
pouchdb-adapter-leveldb,extracted-with-diagnostics,0,1,1,0,1
pouchdb-adapter-localstorage,extracted-with-diagnostics,0,1,1,0,1
pouchdb-adapter-memory,extracted-with-diagnostics,0,1,1,0,1
pouchdb-adapter-node-websql,extracted-with-diagnostics,0,1,1,0,1
pouchdb-adapter-websql,extracted-with-diagnostics,0,1,1,0,1
pouchdb-browser,extracted-with-diagnostics,23,1,1,0,1
pouchdb-core,extracted-with-diagnostics,0,1,1,0,1
pouchdb-find,extracted-with-diagnostics,0,1,1,0,1
pouchdb-http,extracted-with-diagnostics,19,1,1,0,1
pouchdb-live-find,extracted-with-diagnostics,0,1,1,0,1
pouchdb-mapreduce,extracted-with-diagnostics,0,1,1,0,1
pouchdb-node,extracted-with-diagnostics,0,1,1,0,1
pouchdb-replication,extracted-with-diagnostics,0,1,1,0,1
pouchdb-upsert,extracted-with-diagnostics,0,1,1,0,1
power-assert,extracted-with-diagnostics,36,1,1,0,5
power-assert-formatter,extracted,3,1,1,0,0
power-radix,extracted,4,1,1,0,0
powerapps-component-framework,extracted-with-diagnostics,0,1,1,0,1
powerbi-visuals-tools,extracted,106,1,1,0,0
pqclean,extracted-with-diagnostics,36,1,1,0,5
pragma,extracted,1,1,1,0,0
pre-suf,extracted,4,1,1,0,0
preact-custom-element,extracted-with-diagnostics,1,1,1,0,1
preact-i18n,extracted-with-diagnostics,8,1,1,0,1
preact-virtual-list,extracted-with-diagnostics,2,1,1,0,1
precise,extracted,5,1,1,0,0
precond,extracted,10,1,1,0,0
prefixfree,extracted,0,1,1,0,0
prefresh__webpack,extracted-with-diagnostics,2,1,1,0,8
preloadjs,extracted,0,1,1,0,0
prelude-ls,extracted,297,1,1,0,0
prepper,extracted,283,1,1,0,0
preq,extracted-with-diagnostics,18,1,1,0,7
presto-client,extracted,7,1,1,0,0
prettier-linter-helpers,extracted,3,1,1,0,0
pretty,extracted,1,1,1,0,0
pretty-data,extracted,8,1,1,0,0
pretty-hrtime,extracted,1,1,1,0,0
pretty-proptypes,extracted-with-diagnostics,10,1,1,0,1
pretty-quick,extracted-with-diagnostics,1,1,1,0,1
pretty-time,extracted,1,1,1,0,0
prettyjson,extracted,2,1,1,0,0
preval.macro,extracted,1,1,1,0,0
preview-email,extracted-with-diagnostics,2,1,1,0,6
primer__octicons,extracted,1,1,1,0,0
primus,extracted-with-diagnostics,2754,1,1,0,5
printer,extracted-with-diagnostics,13,1,1,0,5
priorityqueuejs,extracted,14,1,1,0,0
prismic-dom,extracted,7,1,1,0,0
prismjs,extracted,29,1,1,0,0
probability-distributions,extracted,24,1,1,0,0
probe-image-size,extracted-with-diagnostics,97,1,1,0,5
proc-log,extracted,9,1,1,0,0
procfs-stats,extracted,21,1,1,0,0
proclaim,extracted,103,1,1,0,0
procurios.resizesensor,extracted,2,1,1,0,0
proggy,extracted-with-diagnostics,194,1,1,0,5
progress,extracted-with-diagnostics,12,1,1,0,5
progress-bar-webpack-plugin,extracted-with-diagnostics,0,1,1,0,8
progress-stream,extracted-with-diagnostics,95,1,1,0,5
progressbar,extracted,13,1,1,0,0
progressbar.js,extracted,19,1,1,0,0
progressjs,extracted,0,1,1,0,0
proj4leaflet,extracted-with-diagnostics,0,1,1,0,1
project-name,extracted,1,1,1,0,0
project-name-generator,extracted,1,1,1,0,0
project-osrm__osrm,extracted-with-diagnostics,34,1,1,0,5
project-oxford,extracted-with-diagnostics,65,1,1,0,5
projections,extracted,24,1,1,0,0
prometheus-gc-stats,extracted,1,1,1,0,0
promise-abortable,extracted,6,1,1,0,0
promise-dag,extracted,6,1,1,0,0
promise-debounce,extracted,1,1,1,0,0
promise-deferred,extracted,4,1,1,0,0
promise-fn-retry,extracted,1,1,1,0,0
promise-fs,extracted-with-diagnostics,4175,1,1,0,5
promise-ftp,extracted-with-diagnostics,175,1,1,0,5
promise-ftp-common,extracted,1,1,1,0,0
promise-hash,extracted,1,1,1,0,0
promise-inflight,extracted,1,1,1,0,0
promise-map-limit,extracted,2,1,1,0,0
promise-memoize,extracted,1,1,1,0,0
promise-nodeify,extracted,3,1,1,0,0
promise-pg,extracted-with-diagnostics,1111,1,1,0,8
promise-poller,extracted,2,1,1,0,0
promise-polyfill,extracted,0,1,1,0,0
promise-pool,extracted,9,1,1,0,0
promise-queue,extracted,8,1,1,0,0
promise-retry,extracted,2,1,1,0,0
promise-sequential,extracted,1,1,1,0,0
promise-sftp,extracted-with-diagnostics,103,1,1,0,5
promise-state-machine-es6,extracted-with-diagnostics,1,1,1,0,5
promise-the-world,extracted,4,1,1,0,0
promise-timeout,extracted,1,1,1,0,0
promise.allsettled,extracted,8,1,1,0,0
promise.any,extracted,4,1,1,0,0
promise.prototype.finally,extracted,2,1,1,0,0
promised-ldap,extracted-with-diagnostics,60,1,1,0,5
promised-temp,extracted-with-diagnostics,6,1,1,0,5
promisify-node,extracted,1,1,1,0,0
promisify-supertest,extracted-with-diagnostics,172,1,1,0,6
prompt,extracted-with-diagnostics,45,1,1,0,5
prompt-sync,extracted,17,1,1,0,0
prompt-sync-history,extracted,1,1,1,0,0
promptly,extracted-with-diagnostics,9,1,1,0,5
prompts,extracted-with-diagnostics,15,1,1,0,6
prop-types,extracted,34,1,1,0,0
proper-lockfile,extracted,6,1,1,0,0
proper-url-join,extracted-with-diagnostics,22,1,1,0,1
properties-parser,extracted-with-diagnostics,15,1,1,0,5
properties-reader,extracted,14,1,1,0,0
proposal-relative-indexing-method,extracted,0,1,1,0,0
prosemirror-dev-tools,extracted-with-diagnostics,1,1,1,0,1
proto-fetch,extracted,1,1,1,0,0
protobuf-fieldmask,extracted,2,1,1,0,0
protoc-plugin,extracted-with-diagnostics,5,1,1,0,5
protocol-buffers-schema,extracted-with-diagnostics,3,1,1,0,5
protocols,extracted-with-diagnostics,2,1,1,0,5
proton-native,extracted-with-diagnostics,158,1,1,0,1
protoo-client,extracted-with-diagnostics,11,1,1,0,5
protoo-server,extracted-with-diagnostics,336,1,1,0,5
protractor-beautiful-reporter,extracted-with-diagnostics,4,1,1,0,5
protractor-browser-logs,extracted-with-diagnostics,14,1,1,0,6
protractor-console-plugin,extracted,0,1,1,0,0
protractor-helpers,extracted-with-diagnostics,26,1,1,0,16
protractor-http-mock,extracted-with-diagnostics,21,1,1,0,9
provinces,extracted,0,1,1,0,0
proxy-addr,extracted-with-diagnostics,3,1,1,0,5
proxy-from-env,extracted-with-diagnostics,1,1,1,0,5
proxy-lists,extracted-with-diagnostics,100,1,1,0,7
proxy-verifier,extracted-with-diagnostics,13,1,1,0,7
proxymise,extracted,1,1,1,0,0
proxyquire,extracted,8,1,1,0,0
ps-node,extracted,3,1,1,0,0
ps-tree,extracted,1,1,1,0,0
psd,extracted-with-diagnostics,205,1,1,0,5
pseudo-audio-param,extracted,18,1,1,0,0
psi,extracted,2,1,1,0,0
pty.js,extracted-with-diagnostics,578,1,1,0,5
pubsub-js,extracted,0,1,1,0,0
pug,extracted,14,1,1,0,0
pull-stream,extracted,61,1,1,0,0
pulltorefreshjs,extracted,4,1,1,0,0
pump,extracted-with-diagnostics,3,1,1,0,5
pumpify,extracted-with-diagnostics,2305,1,1,0,5
punycode,extracted,6,1,1,0,0
puppeteer-har,extracted-with-diagnostics,6,1,1,0,1
puppeteer-lottie,extracted-with-diagnostics,1,1,1,0,2
puppeteer-screenshot-tester,extracted-with-diagnostics,1,1,1,0,2
purdy,extracted,6,1,1,0,0
pure-render-decorator,extracted,0,1,1,0,0
purify,extracted,34,1,1,0,0
purifycss-webpack,extracted-with-diagnostics,0,1,1,0,6
purl,extracted,9,1,1,0,0
pusher__chatkit-client,extracted,25,1,1,0,0
pushid,extracted,1,1,1,0,0
pwd-strength,extracted,1,1,1,0,0
pxr-oneline,extracted,43,1,1,0,0
pym.js,extracted,18,1,1,0,0
python-struct,extracted-with-diagnostics,5,1,1,0,6
q,extracted,110,1,1,0,0
q-io,extracted-with-diagnostics,137,1,1,0,5
q-retry,extracted,134,1,1,0,0
qbittorrent-api-v2,extracted,74,1,1,0,0
qlik-engineapi,extracted,0,1,1,0,0
qlik-visualizationextensions,extracted,0,1,1,0,0
qr-image,extracted-with-diagnostics,95,1,1,0,5
qrcode,extracted-with-diagnostics,47,1,1,0,5
qrcode-svg,extracted,16,1,1,0,0
qrcode-terminal,extracted,2,1,1,0,0
qrcodejs,extracted,4,1,1,0,0
qs,extracted,5,1,1,0,0
qs-middleware,extracted-with-diagnostics,1,1,1,0,5
qtip2,extracted,0,1,1,0,0
quantize,extracted,28,1,1,0,0
quantum-circuit,extracted,332,1,1,0,0
query-selector-shadow-dom,extracted,9,1,1,0,0
query-string-params,extracted,3,1,1,0,0
querystringify,extracted,2,1,1,0,0
queue-tick,extracted,1,1,1,0,0
quick-format-unescaped,extracted,2,1,1,0,0
quick-hash,extracted,1,1,1,0,0
quick-picker,extracted-with-diagnostics,7,1,1,0,2
quick-store,extracted,9,1,1,0,0
quicklink,extracted,3,1,1,0,0
quicksettings,extracted,67,1,1,0,0
quill,extracted-with-diagnostics,162,1,1,0,2
quixote,extracted,1,1,1,0,0
qunit,extracted,118,1,1,0,0
quoted-printable,extracted,2,1,1,0,0
quotesy,extracted,3,1,1,0,0
qwest,extracted,0,1,1,0,0
qz-tray,extracted,159,1,1,0,0
r-script,extracted,4,1,1,0,0
r7insight_js,extracted,9,1,1,0,0
rabbit.js,extracted-with-diagnostics,15223,1,1,0,5
rabbitmq-schema,extracted,16,1,1,0,0
radio-browser,extracted,21,1,1,0,0
radium,extracted-with-diagnostics,20,1,1,0,1
radius,extracted-with-diagnostics,359,1,1,0,5
radix64,extracted,2,1,1,0,0
raf,extracted,3,1,1,0,0
raf-schd,extracted,1,1,1,0,0
rails__actioncable,extracted,13,1,1,0,0
rails__activestorage,extracted,3,1,1,0,0
rails__request.js,extracted,14,1,1,0,0
rails__ujs,extracted,29,1,1,0,0
ramda,extracted-with-diagnostics,0,1,1,0,1
random-access-file,extracted-with-diagnostics,66,1,1,0,5
random-access-storage,extracted-with-diagnostics,66,1,1,0,5
random-boolean,extracted,1,1,1,0,0
random-bytes,extracted-with-diagnostics,3,1,1,0,5
random-gradient,extracted,1,1,1,0,0
random-ipv6,extracted,2,1,1,0,0
random-name,extracted,4,1,1,0,0
random-normal,extracted,1,1,1,0,0
random-number,extracted,3,1,1,0,0
random-number-csprng,extracted,1,1,1,0,0
random-seed,extracted,13,1,1,0,0
random-string,extracted,1,1,1,0,0
random-string-gen,extracted,1,1,1,0,0
random-useragent,extracted,6,1,1,0,0
random-uuid-v4,extracted,1,1,1,0,0
random-web-token,extracted,5,1,1,0,0
random-word,extracted,1,1,1,0,0
randomatic,extracted,3,1,1,0,0
randombytes,extracted-with-diagnostics,2,1,1,0,5
randomcolor,extracted,2,1,1,0,0
randomstring,extracted,1,1,1,0,0
range-exclusive,extracted,2,1,1,0,0
range-inclusive,extracted,2,1,1,0,0
range-map,extracted,1,1,1,0,0
range-parser,extracted,1,1,1,0,0
rangy,extracted,88,2,2,0,0
rangyinputs,extracted,0,1,1,0,0
ranjs,extracted,2486,1,1,0,0
raphael,extracted,769,1,1,0,0
rappid,extracted-with-diagnostics,274,1,1,0,1
rasa-webchat,extracted-with-diagnostics,5,1,1,0,1
rascal,extracted-with-diagnostics,627,1,1,0,5
rasha,extracted,4,1,1,0,0
raspi-peripheral,extracted-with-diagnostics,95,1,1,0,5
raspi-pwm,extracted-with-diagnostics,96,1,1,0,5
ratelimiter,extracted,5,1,1,0,0
raty,extracted,0,1,1,0,0
raven,extracted-with-diagnostics,539,1,1,0,5
raven-for-redux,extracted-with-diagnostics,1,1,1,0,2
rax,extracted-with-diagnostics,920,1,1,0,1
rbac-a,extracted-with-diagnostics,101,1,1,0,5
rbush,extracted,13,1,1,0,0
rc,extracted,5,1,1,0,0
rc-easyui,extracted-with-diagnostics,3236,1,1,0,1
rcloader,extracted,2,1,1,0,0
rclone.js,extracted-with-diagnostics,2,1,1,0,5
rdf-data-model,extracted-with-diagnostics,7,1,1,0,1
rdf-dataset-ext,extracted-with-diagnostics,6,1,1,0,11
rdf-dataset-indexed,extracted-with-diagnostics,1,1,1,0,3
rdf-ext,extracted-with-diagnostics,2,1,1,0,28
rdf-parser-csvw,extracted-with-diagnostics,2,1,1,0,2
rdf-parser-csvw-xlsx,extracted-with-diagnostics,2,1,1,0,2
rdf-store-fs,extracted-with-diagnostics,0,1,1,0,4
rdf-transform-triple-to-quad,extracted-with-diagnostics,670,1,1,0,6
rdf-utils-dataset,extracted-with-diagnostics,2,1,1,0,10
rdf-utils-fs,extracted-with-diagnostics,2,1,1,0,4
rdfjs__data-model,extracted-with-diagnostics,9,1,1,0,1
rdfjs__dataset,extracted-with-diagnostics,1,1,1,0,3
rdfjs__environment,extracted,1,1,1,0,0
rdfjs__express-handler,extracted-with-diagnostics,2,1,1,0,7
rdfjs__fetch,extracted-with-diagnostics,2,1,1,0,14
rdfjs__fetch-lite,extracted-with-diagnostics,5,1,1,0,13
rdfjs__formats,extracted-with-diagnostics,25,1,1,0,12
rdfjs__formats-common,extracted-with-diagnostics,19,1,1,0,8
rdfjs__namespace,extracted-with-diagnostics,2,1,1,0,1
rdfjs__parser-jsonld,extracted-with-diagnostics,3,1,1,0,2
rdfjs__parser-n3,extracted-with-diagnostics,2,1,1,0,1
rdfjs__prefix-map,extracted,0,1,1,0,0
rdfjs__score,extracted-with-diagnostics,21,1,1,0,5
rdfjs__serializer-jsonld,extracted-with-diagnostics,2,1,1,0,1
rdfjs__serializer-jsonld-ext,extracted-with-diagnostics,2,1,1,0,2
rdfjs__serializer-ntriples,extracted-with-diagnostics,1,1,1,0,1
rdfjs__serializer-rdfjs,extracted-with-diagnostics,3,1,1,0,1
rdfjs__serializer-turtle,extracted-with-diagnostics,3,1,1,0,2
rdfjs__sink-map,extracted-with-diagnostics,4,1,1,0,1
rdfjs__sink-to-duplex,extracted-with-diagnostics,1,1,1,0,6
rdfjs__term-map,extracted-with-diagnostics,3,1,1,0,1
rdfjs__term-set,extracted-with-diagnostics,1,1,1,0,1
rdfjs__to-ntriples,extracted-with-diagnostics,1,1,1,0,1
rdfjs__traverser,extracted,0,1,1,0,0
re-base,extracted,23,1,1,0,0
re-carousel,extracted-with-diagnostics,0,1,1,0,1
re-template-tag,extracted,2,1,1,0,0
reach__router,extracted-with-diagnostics,66,1,1,0,1
react,extracted-with-diagnostics,260,6,6,0,5
react-adal,extracted-with-diagnostics,36,1,1,0,1
react-adaptive-hooks,extracted,5,1,1,0,0
react-add-new,extracted,3,1,1,0,0
react-add-to-calendar,extracted-with-diagnostics,1,1,1,0,1
react-addons-create-fragment,extracted-with-diagnostics,1,1,1,0,1
react-addons-css-transition-group,extracted-with-diagnostics,2,1,1,0,1
react-addons-linked-state-mixin,extracted-with-diagnostics,3,1,1,0,1
react-addons-perf,extracted,12,1,1,0,0
react-addons-pure-render-mixin,extracted-with-diagnostics,2,1,1,0,1
react-addons-shallow-compare,extracted-with-diagnostics,1,1,1,0,1
react-addons-test-utils,extracted-with-diagnostics,62,1,1,0,3
react-addons-transition-group,extracted-with-diagnostics,2,1,1,0,1
react-addons-update,extracted-with-diagnostics,2,1,1,0,1
react-albus,extracted-with-diagnostics,11,1,1,0,2
react-alert,extracted-with-diagnostics,21,1,1,0,1
react-amplitude,extracted,22,1,1,0,0
react-anchor-link-smooth-scroll,extracted-with-diagnostics,5,1,1,0,1
react-animals,extracted-with-diagnostics,0,1,1,0,4
react-animate-on-scroll,extracted-with-diagnostics,4,1,1,0,1
react-animated-modal,extracted-with-diagnostics,3,1,1,0,1
react-animations,extracted,1,1,1,0,0
react-app,extracted-with-diagnostics,22,1,1,0,1
react-aria-live,extracted-with-diagnostics,9,1,1,0,1
react-aria-menubutton,extracted-with-diagnostics,18,1,1,0,1
react-aria-modal,extracted-with-diagnostics,7,1,1,0,2
react-async-script,extracted-with-diagnostics,1,1,1,0,1
react-autocomplete,extracted-with-diagnostics,12,1,1,0,1
react-autosuggest,extracted-with-diagnostics,31,1,1,0,1
react-avatar-editor,extracted-with-diagnostics,12,1,1,0,1
react-beautiful-dnd,extracted-with-diagnostics,67,1,1,0,1
react-beforeunload,extracted-with-diagnostics,3,1,1,0,1
react-better-password,extracted-with-diagnostics,5,1,1,0,1
react-big-calendar,extracted-with-diagnostics,276,1,1,0,1
react-big-scheduler,extracted-with-diagnostics,35,1,1,0,2
react-blessed,extracted-with-diagnostics,10,1,1,0,6
react-blockies,extracted-with-diagnostics,2,1,1,0,1
react-body-classname,extracted-with-diagnostics,6,1,1,0,1
react-bootstrap-confirmation,extracted,2,1,1,0,0
react-bootstrap-date-picker,extracted-with-diagnostics,3,1,1,0,1
react-bootstrap-table,extracted-with-diagnostics,105,1,1,0,1
react-bootstrap-table-next,extracted-with-diagnostics,17,1,1,0,1
react-bootstrap-table2-filter,extracted-with-diagnostics,7,1,1,0,1
react-bootstrap-table2-paginator,extracted-with-diagnostics,5,1,1,0,1
react-bootstrap-table2-toolkit,extracted-with-diagnostics,17,1,1,0,1
react-breadcrumbs,extracted-with-diagnostics,10,1,1,0,2
react-breadcrumbs-dynamic,extracted-with-diagnostics,15,1,1,0,1
react-broadcast,extracted-with-diagnostics,17,1,1,0,1
react-burger-menu,extracted-with-diagnostics,55,1,1,0,1
react-bytesize-icons,extracted-with-diagnostics,520,1,1,0,1
react-cache,extracted,3,1,1,0,0
react-calendar-heatmap,extracted-with-diagnostics,6,1,1,0,1
react-calendar-timeline,extracted-with-diagnostics,62,1,1,0,2
react-canvas-draw,extracted-with-diagnostics,14,1,1,0,1
react-cartographer,extracted-with-diagnostics,5,1,1,0,1
react-chessground,extracted-with-diagnostics,6,1,1,0,1
react-circular,extracted,19,1,1,0,0
react-click-outside,extracted-with-diagnostics,1,1,1,0,1
react-click-outside-hook,extracted,1,1,1,0,0
react-close-on-escape,extracted-with-diagnostics,7,1,1,0,1
react-codemirror,extracted-with-diagnostics,5,1,1,0,1
react-codesandboxer,extracted-with-diagnostics,7,1,1,0,1
react-coinhive,extracted-with-diagnostics,9,1,1,0,1
react-collapse,extracted-with-diagnostics,10,1,1,0,1
react-color,extracted-with-diagnostics,73,1,1,0,1
react-column-resizer,extracted-with-diagnostics,6,1,1,0,1
react-combine-reducers,extracted-with-diagnostics,1,1,1,0,1
react-command-palette,extracted-with-diagnostics,6,1,1,0,1
react-compass,extracted-with-diagnostics,12,1,1,0,1
react-confirm,extracted-with-diagnostics,5,1,1,0,1
react-cookiebot,extracted-with-diagnostics,1,1,1,0,1
react-cookies,extracted-with-diagnostics,7,1,1,0,5
react-copy-to-clipboard,extracted-with-diagnostics,11,1,1,0,1
react-copy-write,extracted-with-diagnostics,1,1,1,0,1
react-count-to,extracted-with-diagnostics,6,1,1,0,1
react-credit-cards,extracted-with-diagnostics,5,1,1,0,1
react-css-collapse,extracted-with-diagnostics,1,1,1,0,3
react-css-modules,extracted,4,1,1,0,0
react-css-transition-replace,extracted-with-diagnostics,2,1,1,0,1
react-csv,extracted-with-diagnostics,10,1,1,0,1
react-currency-format,extracted-with-diagnostics,6,1,1,0,1
react-currency-formatter,extracted-with-diagnostics,1,1,1,0,1
react-curved-text,extracted-with-diagnostics,5,1,1,0,1
react-custom-scrollbars,extracted-with-diagnostics,36,1,1,0,1
react-cytoscapejs,extracted-with-diagnostics,6,1,1,0,2
react-d3-graph,extracted-with-diagnostics,31,1,1,0,1
react-data-grid,extracted-with-diagnostics,123,1,1,0,1
react-datagrid,extracted-with-diagnostics,6,1,1,0,1
react-date-range,extracted-with-diagnostics,25,1,1,0,2
react-dates,extracted-with-diagnostics,33,1,1,0,2
react-detect-offline,extracted-with-diagnostics,5,1,1,0,1
react-dev-utils,extracted,0,1,1,0,0
react-devtools,extracted,1,1,1,0,0
react-devtools-inline,extracted-with-diagnostics,203,1,1,0,1
react-dnd-scrollzone,extracted-with-diagnostics,6,1,1,0,1
react-document-meta,extracted-with-diagnostics,5,1,1,0,1
react-document-title,extracted-with-diagnostics,6,1,1,0,1
react-dom,extracted-with-diagnostics,61,14,14,0,14
react-dom-factories,extracted-with-diagnostics,346,1,1,0,1
react-draft-wysiwyg,extracted-with-diagnostics,84,1,1,0,2
react-dragtastic,extracted-with-diagnostics,28,1,1,0,1
react-dragula,extracted,1,1,1,0,0
react-dual-listbox,extracted-with-diagnostics,6,1,1,0,1
react-dynamic-number,extracted-with-diagnostics,5,1,1,0,1
react-easy-chart,extracted-with-diagnostics,30,1,1,0,1
react-edit-text,extracted-with-diagnostics,10,1,1,0,1
react-elemental,extracted-with-diagnostics,86,1,1,0,1
react-ellipsis-with-tooltip,extracted-with-diagnostics,5,1,1,0,1
react-elm-components,extracted-with-diagnostics,10,1,1,0,1
react-event-listener,extracted-with-diagnostics,6,1,1,0,1
react-expand-animated,extracted-with-diagnostics,0,1,1,0,2
react-fa,extracted-with-diagnostics,3,1,1,0,1
react-facebook-login,extracted-with-diagnostics,7,1,1,0,1
react-facebook-login-component,extracted-with-diagnostics,7,1,1,0,1
react-faux-dom,extracted-with-diagnostics,12,1,1,0,1
react-file-icon,extracted-with-diagnostics,1,1,1,0,1
react-file-input,extracted-with-diagnostics,4,1,1,0,1
react-file-reader-input,extracted-with-diagnostics,9,1,1,0,1
react-final-form-listeners,extracted-with-diagnostics,8,1,1,0,1
react-flag-icon-css,extracted-with-diagnostics,7,1,1,0,2
react-flatpickr,extracted-with-diagnostics,5,1,1,0,2
react-flex,extracted-with-diagnostics,10,1,1,0,1
react-flexr,extracted-with-diagnostics,16,1,1,0,1
react-fontawesome,extracted-with-diagnostics,6,1,1,0,1
react-form,extracted-with-diagnostics,97,1,1,0,1
react-foundation,extracted-with-diagnostics,105,1,1,0,1
react-frame-component,extracted-with-diagnostics,11,1,1,0,1
react-gallery-carousel,extracted-with-diagnostics,1,1,1,0,2
react-gamepad,extracted-with-diagnostics,5,1,1,0,1
react-gateway,extracted-with-diagnostics,28,1,1,0,1
react-gauge-chart,extracted-with-diagnostics,1,1,1,0,1
react-geocode,extracted,7,1,1,0,0
react-geosuggest,extracted-with-diagnostics,10,1,1,0,1
react-github-button,extracted-with-diagnostics,6,1,1,0,1
react-global-configuration,extracted,4,1,1,0,0
react-google-login-component,extracted-with-diagnostics,8,1,1,0,1
react-google-maps-loader,extracted-with-diagnostics,9,1,1,0,1
react-google-picker,extracted-with-diagnostics,5,1,1,0,1
react-google-places-suggest,extracted-with-diagnostics,24,1,1,0,1
react-google-recaptcha,extracted-with-diagnostics,20,1,1,0,1
react-google-recaptcha-enterprise,extracted-with-diagnostics,20,1,1,0,1
react-gravatar,extracted-with-diagnostics,6,1,1,0,1
react-gtm-module,extracted,2,1,1,0,0
react-hamburger-menu,extracted-with-diagnostics,7,1,1,0,1
react-hammerjs,extracted-with-diagnostics,1,1,1,0,1
react-headroom,extracted-with-diagnostics,4,1,1,0,1
react-helmet,extracted-with-diagnostics,36,1,1,0,1
react-helmet-with-visor,extracted-with-diagnostics,52,1,1,0,1
react-highcharts,extracted-with-diagnostics,7,1,1,0,2
react-highlight,extracted-with-diagnostics,1,1,1,0,1
react-highlight-words,extracted-with-diagnostics,5,1,1,0,1
react-highlight.js,extracted-with-diagnostics,1,1,1,0,1
react-highlighter,extracted-with-diagnostics,0,1,1,0,1
react-hint,extracted-with-diagnostics,1,1,1,0,1
react-holder,extracted-with-diagnostics,5,1,1,0,1
react-hook-mousetrap,extracted,1,1,1,0,0
react-hooks-helper,extracted-with-diagnostics,5,1,1,0,1
react-howler,extracted-with-diagnostics,52,1,1,0,1
react-html-email,extracted-with-diagnostics,8,1,1,0,1
react-html-parser,extracted-with-diagnostics,4,1,1,0,2
react-html5-camera-photo,extracted-with-diagnostics,1,1,1,0,1
react-hyperscript,extracted-with-diagnostics,17,1,1,0,1
react-icofont,extracted-with-diagnostics,6,1,1,0,1
react-icon-base,extracted-with-diagnostics,5,1,1,0,1
react-image-fallback,extracted-with-diagnostics,5,1,1,0,1
react-image-gallery,extracted-with-diagnostics,11,1,1,0,1
react-image-magnifiers,extracted-with-diagnostics,0,1,1,0,1
react-image-magnify,extracted-with-diagnostics,1,1,1,0,1
react-imageloader,extracted-with-diagnostics,3,1,1,0,1
react-imgix,extracted-with-diagnostics,24,1,1,0,1
react-imgpro,extracted-with-diagnostics,6,1,1,0,1
react-immutable-proptypes,extracted-with-diagnostics,29,1,1,0,1
react-infinite,extracted-with-diagnostics,7,1,1,0,1
react-infinite-calendar,extracted-with-diagnostics,18,1,1,0,1
react-infinite-scroller,extracted-with-diagnostics,12,1,1,0,1
react-inner-image-zoom,extracted-with-diagnostics,10,1,1,0,1
react-input-autosize,extracted-with-diagnostics,7,1,1,0,1
react-input-calendar,extracted-with-diagnostics,0,1,1,0,1
react-input-mask,extracted-with-diagnostics,10,1,1,0,1
react-instantsearch-dom,extracted-with-diagnostics,151,1,1,0,38
react-instantsearch-native,extracted-with-diagnostics,0,1,1,0,31
react-intl-redux,extracted-with-diagnostics,7,1,1,0,4
react-is,extracted-with-diagnostics,14,1,1,0,1
react-is-deprecated,extracted,34,1,1,0,0
react-js-pagination,extracted-with-diagnostics,3,1,1,0,1
react-js-table-with-csv-dl,extracted-with-diagnostics,5,1,1,0,1
react-json,extracted-with-diagnostics,6,1,1,0,1
react-json-editor-ajrm,extracted-with-diagnostics,5,1,1,0,1
react-json-to-csv,extracted-with-diagnostics,1,1,1,0,1
react-jsonschema-form,extracted-with-diagnostics,55,1,1,0,1
react-katex,extracted-with-diagnostics,3,1,1,0,1
react-key-handler,extracted-with-diagnostics,6,1,1,0,1
react-key-value,extracted-with-diagnostics,14,1,1,0,1
react-keyboard-event-handler,extracted-with-diagnostics,1,1,1,0,1
react-kofi-button,extracted-with-diagnostics,1,1,1,0,1
react-latex,extracted-with-diagnostics,6,1,1,0,1
react-lazy-load-image-component,extracted-with-diagnostics,3,1,1,0,1
react-lazyload,extracted-with-diagnostics,7,1,1,0,1
react-lazyload-youtube,extracted-with-diagnostics,1,1,1,0,1
react-lazylog,extracted-with-diagnostics,15,1,1,0,2
react-leaflet-fullscreen-plugin,extracted-with-diagnostics,1,1,1,0,1
react-leaflet-pixi-overlay,extracted-with-diagnostics,5,1,1,0,1
react-leaflet-sidebarv2,extracted-with-diagnostics,10,1,1,0,1
react-lifecycle-component,extracted-with-diagnostics,21,1,1,0,2
react-lifecycles-compat,extracted-with-diagnostics,1,1,1,0,1
react-lines-ellipsis,extracted-with-diagnostics,6,1,1,0,1
react-linkify,extracted-with-diagnostics,5,1,1,0,1
react-list,extracted-with-diagnostics,12,1,1,0,1
react-loadable,extracted-with-diagnostics,11,1,1,0,1
react-loadable-visibility,extracted-with-diagnostics,4,1,1,0,1
react-loader,extracted-with-diagnostics,6,1,1,0,1
react-loading-indicator,extracted-with-diagnostics,5,1,1,0,1
react-loading-overlay,extracted-with-diagnostics,5,1,1,0,1
react-longpressable,extracted-with-diagnostics,7,1,1,0,1
react-lottie,extracted-with-diagnostics,6,1,1,0,1
react-mailchimp-subscribe,extracted-with-diagnostics,6,1,1,0,1
react-map-gl,extracted-with-diagnostics,124,1,1,0,4
react-markings,extracted-with-diagnostics,3,1,1,0,1
react-maskedinput,extracted-with-diagnostics,7,1,1,0,1
react-masonry-layout,extracted-with-diagnostics,0,1,1,0,1
react-material-ui-form-validator,extracted-with-diagnostics,41,1,1,0,2
react-mathjax,extracted-with-diagnostics,11,1,1,0,1
react-mce,extracted-with-diagnostics,6,1,1,0,2
react-mdl,extracted-with-diagnostics,292,1,1,0,1
react-measure,extracted-with-diagnostics,8,1,1,0,1
react-mentions,extracted-with-diagnostics,17,1,1,0,1
react-messenger-checkbox,extracted-with-diagnostics,6,1,1,0,1
react-mic,extracted-with-diagnostics,5,1,1,0,1
react-mixin,extracted-with-diagnostics,7,1,1,0,1
react-modal,extracted-with-diagnostics,8,1,1,0,1
react-modal-image,extracted-with-diagnostics,10,1,1,0,1
react-modal-video,extracted-with-diagnostics,5,1,1,0,1
react-modal-view,extracted-with-diagnostics,12,1,1,0,1
react-motion,extracted-with-diagnostics,21,1,1,0,1
react-motion-loop,extracted-with-diagnostics,5,1,1,0,1
react-motion-slider,extracted-with-diagnostics,7,1,1,0,1
react-motion-ui-pack,extracted-with-diagnostics,1,1,1,0,1
react-native-actionsheet,extracted-with-diagnostics,17,1,1,0,1
react-native-android-keyboard-adjust,extracted,10,1,1,0,0
react-native-android-taskdescription,extracted-with-diagnostics,5,1,1,0,1
react-native-animated-progress,extracted-with-diagnostics,2,1,1,0,1
react-native-app-link,extracted,4,1,1,0,0
react-native-asset,extracted,1,1,1,0,0
react-native-audio,extracted,9,1,1,0,0
react-native-autocomplete-input,extracted-with-diagnostics,2,1,1,0,2
react-native-awesome-card-io,extracted-with-diagnostics,9,1,1,0,2
react-native-aws3,extracted,8,1,1,0,0
react-native-background-downloader,extracted,30,1,1,0,0
react-native-background-timer,extracted,9,1,1,0,0
react-native-base64,extracted,3,1,1,0,0
react-native-bcrypt,extracted,11,1,1,0,0
react-native-bluetooth-serial,extracted-with-diagnostics,9,1,1,0,2
react-native-button,extracted-with-diagnostics,4,1,1,0,2
react-native-calendar-picker,extracted-with-diagnostics,14,1,1,0,2
react-native-canvas,extracted-with-diagnostics,63,1,1,0,2
react-native-channel-plugin,extracted,60,1,1,0,0
react-native-charts-wrapper,extracted-with-diagnostics,45,1,1,0,2
react-native-check-box,extracted-with-diagnostics,7,1,1,0,2
react-native-communications,extracted,6,1,1,0,0
react-native-confetti,extracted-with-diagnostics,8,1,1,0,1
react-native-config-reader,extracted,0,1,1,0,0
react-native-countdown-component,extracted-with-diagnostics,5,1,1,0,2
react-native-crypto-js,extracted,189,1,1,0,0
react-native-custom-tabs,extracted,1,1,1,0,0
react-native-datawedge-intents,extracted,2,1,1,0,0
react-native-datepicker,extracted-with-diagnostics,6,1,1,0,3
react-native-dialog-input,extracted-with-diagnostics,9,1,1,0,2
react-native-dialogflow,extracted,23,1,1,0,0
react-native-doc-viewer,extracted,4,1,1,0,0
react-native-dotenv,extracted,0,1,1,0,0
react-native-drawer,extracted-with-diagnostics,7,1,1,0,2
react-native-easy-upgrade,extracted,10,1,1,0,0
react-native-elevated-view,extracted-with-diagnostics,5,1,1,0,2
react-native-event-source,extracted,6,1,1,0,0
react-native-extra-dimensions-android,extracted,7,1,1,0,0
react-native-fbsdk,extracted-with-diagnostics,89,1,1,0,2
react-native-fetch-blob,extracted,351,1,1,0,0
react-native-file-type,extracted,1,1,1,0,0
react-native-flip-card,extracted-with-diagnostics,7,1,1,0,2
react-native-form,extracted-with-diagnostics,5,1,1,0,2
react-native-get-random-values,extracted,0,1,1,0,0
react-native-global-props,extracted-with-diagnostics,19,1,1,0,1
react-native-google-signin,extracted-with-diagnostics,14,1,1,0,2
react-native-highlight-words,extracted-with-diagnostics,5,1,1,0,2
react-native-honeywell-scanner,extracted,4,1,1,0,0
react-native-html-to-pdf,extracted,1,1,1,0,0
react-native-htmlview,extracted-with-diagnostics,2,1,1,0,2
react-native-huawei-protected-apps,extracted,1,1,1,0,0
react-native-i18n,extracted-with-diagnostics,1,1,1,0,1
react-native-image-gallery,extracted-with-diagnostics,5,1,1,0,2
react-native-immersive,extracted,11,1,1,0,0
react-native-indicators,extracted-with-diagnostics,45,1,1,0,2
react-native-joi,extracted,643,1,1,0,0
react-native-keep-awake,extracted-with-diagnostics,7,1,1,0,1
react-native-keyboard-spacer,extracted-with-diagnostics,5,1,1,0,2
react-native-listener,extracted-with-diagnostics,5,1,1,0,1
react-native-material-design-searchbar,extracted-with-diagnostics,5,1,1,0,2
react-native-material-dropdown,extracted-with-diagnostics,5,1,1,0,2
react-native-material-kit,extracted-with-diagnostics,77,1,1,0,2
react-native-material-ripple,extracted-with-diagnostics,5,1,1,0,2
react-native-material-textfield,extracted-with-diagnostics,36,1,1,0,2
react-native-material-ui,extracted-with-diagnostics,170,1,1,0,2
react-native-md5,extracted,6,1,1,0,0
react-native-modal-dropdown,extracted-with-diagnostics,8,1,1,0,2
react-native-modal-filter-picker,extracted-with-diagnostics,9,1,1,0,2
react-native-modalbox,extracted-with-diagnostics,7,1,1,0,2
react-native-modals,extracted-with-diagnostics,78,1,1,0,2
react-native-modern-datepicker,extracted-with-diagnostics,3,1,1,0,1
react-native-multi-slider,extracted-with-diagnostics,6,1,1,0,2
react-native-navbar,extracted-with-diagnostics,5,1,1,0,2
react-native-onboarding-swiper,extracted-with-diagnostics,9,1,1,0,2
react-native-orientation,extracted,12,1,1,0,0
react-native-paypal-lib,extracted,1,1,1,0,0
react-native-pdf-lib,extracted,9,1,1,0,0
react-native-percentage-circle,extracted-with-diagnostics,5,1,1,0,2
react-native-photo-view,extracted-with-diagnostics,5,1,1,0,2
react-native-platform-touchable,extracted-with-diagnostics,20,1,1,0,2
react-native-popup-dialog,extracted-with-diagnostics,45,1,1,0,2
react-native-privacy-snapshot,extracted,1,1,1,0,0
react-native-pull-to-refresh,extracted-with-diagnostics,5,1,1,0,1
react-native-push-notification,extracted,59,1,1,0,0
react-native-qrcode,extracted-with-diagnostics,5,1,1,0,1
react-native-razorpay,extracted,2,1,1,0,0
react-native-read-more-text,extracted-with-diagnostics,9,1,1,0,1
react-native-referrer,extracted,1,1,1,0,0
react-native-responsive-image,extracted-with-diagnostics,5,1,1,0,2
react-native-rss-parser,extracted,1,1,1,0,0
react-native-safari-view,extracted-with-diagnostics,5,1,1,0,1
react-native-scaled-image,extracted-with-diagnostics,5,1,1,0,2
react-native-scrollable-tab-view,extracted-with-diagnostics,16,1,1,0,2
react-native-sensor-manager,extracted-with-diagnostics,0,1,1,0,7
react-native-settings-list,extracted-with-diagnostics,18,1,1,0,2
react-native-sha1,extracted,1,1,1,0,0
react-native-share-extension,extracted,3,1,1,0,0
react-native-share-menu,extracted,14,1,1,0,0
react-native-side-menu,extracted-with-diagnostics,8,1,1,0,2
react-native-signature-capture,extracted-with-diagnostics,7,1,1,0,2
react-native-simple-animations,extracted-with-diagnostics,5,1,1,0,2
react-native-simple-radio-button,extracted-with-diagnostics,20,1,1,0,2
react-native-snackbar-component,extracted-with-diagnostics,5,1,1,0,2
react-native-snap-carousel,extracted-with-diagnostics,25,1,1,0,2
react-native-sortable-grid,extracted-with-diagnostics,5,1,1,0,2
react-native-sortable-list,extracted-with-diagnostics,9,1,1,0,2
react-native-sqlite-storage,extracted,28,1,1,0,0
react-native-square-in-app-payments,extracted,24,1,1,0,0
react-native-star-rating,extracted-with-diagnostics,5,1,1,0,2
react-native-svg-animated-linear-gradient,extracted-with-diagnostics,5,1,1,0,1
react-native-svg-charts,extracted-with-diagnostics,79,1,1,0,3
react-native-svg-uri,extracted-with-diagnostics,5,1,1,0,2
react-native-tab-navigator,extracted-with-diagnostics,26,1,1,0,2
react-native-table-component,extracted-with-diagnostics,37,1,1,0,2
react-native-tags,extracted-with-diagnostics,6,1,1,0,2
react-native-telnet-client,extracted-with-diagnostics,2006,1,1,0,5
react-native-toast-native,extracted-with-diagnostics,4,1,1,0,1
react-native-torch,extracted,2,1,1,0,0
react-native-typewriter,extracted-with-diagnostics,5,1,1,0,2
react-native-typing-animation,extracted-with-diagnostics,1,1,1,0,2
react-native-uuid-generator,extracted,2,1,1,0,0
react-native-vector-icons,extracted-with-diagnostics,3,1,1,0,3
react-native-version-check,extracted-with-diagnostics,9,1,1,0,6
react-native-video,extracted-with-diagnostics,10,1,1,0,2
react-native-web,extracted-with-diagnostics,113,1,1,0,73
react-native-wheel-pick,extracted-with-diagnostics,16,1,1,0,2
react-native-wol,extracted,1,1,1,0,0
react-native-zeroconf,extracted-with-diagnostics,105,1,1,0,5
react-native-zss-rich-text-editor,extracted-with-diagnostics,72,1,1,0,2
react-native__assets,extracted,0,1,1,0,0
react-native__assets-registry,extracted,5,3,3,0,0
react-nepal-map,extracted-with-diagnostics,4,1,1,0,1
react-netlify-form,extracted-with-diagnostics,6,1,1,0,1
react-no-ssr,extracted-with-diagnostics,6,1,1,0,1
react-node-resolver,extracted-with-diagnostics,7,1,1,0,1
react-notification-system,extracted-with-diagnostics,15,1,1,0,1
react-notification-system-redux,extracted-with-diagnostics,16,1,1,0,2
react-notify-toast,extracted-with-diagnostics,13,1,1,0,1
react-numeric-input,extracted-with-diagnostics,6,1,1,0,1
react-offcanvas,extracted-with-diagnostics,15,1,1,0,1
react-onclickoutside,extracted-with-diagnostics,11,1,1,0,1
react-onsenui,extracted-with-diagnostics,268,1,1,0,1
react-outside-click-handler,extracted-with-diagnostics,9,1,1,0,1
react-page-visibility,extracted-with-diagnostics,6,1,1,0,1
react-paginate,extracted-with-diagnostics,1,1,1,0,1
react-panelgroup,extracted-with-diagnostics,5,1,1,0,1
react-payment-inputs,extracted-with-diagnostics,7,1,1,0,1
react-photoswipe,extracted-with-diagnostics,12,1,1,0,2
react-pie-menu,extracted-with-diagnostics,10,1,1,0,9
react-pivottable,extracted-with-diagnostics,27,1,1,0,1
react-places-autocomplete,extracted-with-diagnostics,10,1,1,0,1
react-plotly.js,extracted-with-diagnostics,5,1,1,0,1
react-plyr,extracted-with-diagnostics,27,1,1,0,1
react-pointable,extracted-with-diagnostics,5,1,1,0,1
react-popover,extracted-with-diagnostics,6,1,1,0,1
react-portal,extracted-with-diagnostics,6,1,1,0,1
react-portal-tooltip,extracted-with-diagnostics,10,1,1,0,1
react-power-tooltip,extracted-with-diagnostics,5,1,1,0,1
react-primitives,extracted-with-diagnostics,2,1,1,0,2
react-props-decorators,extracted,3,1,1,0,0
react-qr-reader,extracted-with-diagnostics,14,1,1,0,1
react-radio-group,extracted-with-diagnostics,2,1,1,0,1
react-ranger,extracted-with-diagnostics,7,1,1,0,1
react-rangeslider,extracted-with-diagnostics,5,1,1,0,1
react-recaptcha,extracted-with-diagnostics,10,1,1,0,1
react-recaptcha-v3,extracted-with-diagnostics,11,1,1,0,1
react-recompose,extracted-with-diagnostics,108,1,1,0,1
react-reconciler,extracted-with-diagnostics,75,1,1,0,1
react-redux,extracted-with-diagnostics,62,1,1,0,2
react-redux-epic,extracted-with-diagnostics,2,1,1,0,3
react-redux-i18n,extracted-with-diagnostics,19,1,1,0,2
react-redux-toastr,extracted-with-diagnostics,35,1,1,0,2
react-refresh,extracted-with-diagnostics,25,4,4,0,8
react-relative-portal,extracted-with-diagnostics,6,1,1,0,1
react-relay,extracted-with-diagnostics,235,1,1,0,1
react-request,extracted-with-diagnostics,12,1,1,0,1
react-resolver,extracted-with-diagnostics,9,1,1,0,2
react-responsive-embed,extracted-with-diagnostics,0,1,1,0,1
react-responsive-masonry,extracted-with-diagnostics,2,1,1,0,1
react-responsive-spritesheet,extracted-with-diagnostics,17,1,1,0,2
react-retool,extracted-with-diagnostics,1,1,1,0,1
react-router-bootstrap,extracted-with-diagnostics,2,1,1,0,1
react-router-config,extracted-with-diagnostics,2,1,1,0,3
react-router-hash-link,extracted-with-diagnostics,3,1,1,0,2
react-router-navigation,extracted-with-diagnostics,35,1,1,0,6
react-router-navigation-core,extracted-with-diagnostics,22,1,1,0,4
react-router-param-link,extracted-with-diagnostics,5,1,1,0,2
react-router-redux,extracted-with-diagnostics,17,1,1,0,4
react-router-tabs,extracted-with-diagnostics,0,1,1,0,2
react-router-transition,extracted-with-diagnostics,5,1,1,0,2
react-rte,extracted-with-diagnostics,19,1,1,0,2
react-s-alert,extracted-with-diagnostics,12,1,1,0,1
react-scramble,extracted-with-diagnostics,5,1,1,0,1
react-scroll,extracted-with-diagnostics,52,1,1,0,1
react-scroll-into-view-if-needed,extracted-with-diagnostics,5,1,1,0,2
react-scroll-rotate,extracted-with-diagnostics,5,1,1,0,1
react-scroll-to-bottom,extracted-with-diagnostics,21,1,1,0,1
react-scrollable-anchor,extracted-with-diagnostics,9,1,1,0,1
react-scrollbar,extracted-with-diagnostics,20,1,1,0,1
react-scrollspy,extracted-with-diagnostics,7,1,1,0,1
react-select-country-list,extracted,1,1,1,0,0
react-shadow-dom-retarget-events,extracted,1,1,1,0,0
react-show-more,extracted-with-diagnostics,6,1,1,0,1
react-show-more-text,extracted-with-diagnostics,10,1,1,0,1
react-side-effect,extracted-with-diagnostics,2,1,1,0,1
react-sidebar,extracted-with-diagnostics,5,1,1,0,1
react-signature-canvas,extracted-with-diagnostics,12,1,1,0,2
react-simple-maps,extracted-with-diagnostics,14,1,1,0,1
react-simple-oauth2-login,extracted-with-diagnostics,3,1,1,0,1
react-simple-tooltip,extracted-with-diagnostics,6,1,1,0,1
react-size-reporter,extracted-with-diagnostics,3,1,1,0,1
react-sizes,extracted-with-diagnostics,2,1,1,0,2
react-slick,extracted-with-diagnostics,10,1,1,0,1
react-slider,extracted-with-diagnostics,6,1,1,0,1
react-smartbanner,extracted-with-diagnostics,1,1,1,0,1
react-smooth-scrollbar,extracted-with-diagnostics,6,1,1,0,3
react-snapshot,extracted-with-diagnostics,1,1,1,0,1
react-sortable-tree,extracted-with-diagnostics,27,1,1,0,2
react-sortable-tree-theme-file-explorer,extracted-with-diagnostics,0,1,1,0,2
react-sound,extracted-with-diagnostics,1,1,1,0,1
react-sparklines,extracted-with-diagnostics,40,1,1,0,1
react-speech-kit,extracted,6,1,1,0,0
react-speech-recognition,extracted,13,1,1,0,0
react-spinkit,extracted-with-diagnostics,2,1,1,0,1
react-spinner,extracted-with-diagnostics,5,1,1,0,1
react-splitter-layout,extracted-with-diagnostics,6,1,1,0,1
react-stack-grid,extracted-with-diagnostics,41,1,1,0,1
react-star-rating-component,extracted-with-diagnostics,6,1,1,0,1
react-star-ratings,extracted-with-diagnostics,6,1,1,0,1
react-stars,extracted-with-diagnostics,5,1,1,0,1
react-sticky,extracted-with-diagnostics,3,1,1,0,1
react-stickynode,extracted-with-diagnostics,6,1,1,0,1
react-stonecutter,extracted-with-diagnostics,15,1,1,0,1
react-svg-inline,extracted-with-diagnostics,2,1,1,0,1
react-svg-map,extracted-with-diagnostics,11,1,1,0,1
react-svg-morph,extracted-with-diagnostics,4,1,1,0,1
react-svg-pan-zoom,extracted-with-diagnostics,74,1,1,0,1
react-svg-pan-zoom-loader,extracted-with-diagnostics,1,1,1,0,1
react-svg-radar-chart,extracted-with-diagnostics,5,1,1,0,1
react-swf,extracted-with-diagnostics,4,1,1,0,1
react-swipe,extracted-with-diagnostics,16,1,1,0,1
react-swipeable-bottom-sheet,extracted-with-diagnostics,6,1,1,0,1
react-swipeable-views,extracted-with-diagnostics,11,1,1,0,1
react-swipeable-views-core,extracted-with-diagnostics,4,1,1,0,1
react-swipeable-views-utils,extracted-with-diagnostics,3,1,1,0,2
react-switch-case,extracted-with-diagnostics,15,1,1,0,1
react-syntax-highlighter,extracted-with-diagnostics,126,1,1,0,1
react-table,extracted-with-diagnostics,130,1,1,0,1
react-table-filter,extracted-with-diagnostics,7,1,1,0,1
react-tabs-redux,extracted-with-diagnostics,15,1,1,0,1
react-tag-autocomplete,extracted-with-diagnostics,10,1,1,0,1
react-tag-input,extracted-with-diagnostics,23,1,1,0,1
react-tagcloud,extracted-with-diagnostics,7,1,1,0,1
react-tagsinput,extracted-with-diagnostics,25,1,1,0,1
react-tap-event-plugin,extracted,1,1,1,0,0
react-test-renderer,extracted-with-diagnostics,22,1,1,0,1
react-text-marquee,extracted-with-diagnostics,5,1,1,0,1
react-text-mask,extracted-with-diagnostics,6,1,1,0,1
react-text-truncate,extracted-with-diagnostics,6,1,1,0,1
react-textfit,extracted-with-diagnostics,1,1,1,0,1
react-timeout,extracted-with-diagnostics,1,1,1,0,1
react-toastr,extracted-with-diagnostics,10,1,1,0,2
react-toggle,extracted-with-diagnostics,5,1,1,0,1
react-touch,extracted-with-diagnostics,33,1,1,0,1
react-tracking,extracted-with-diagnostics,16,1,1,0,1
react-transition-group,extracted-with-diagnostics,20,1,1,0,1
react-tree-graph,extracted-with-diagnostics,2,1,1,0,1
react-treeview,extracted-with-diagnostics,6,1,1,0,1
react-truncate,extracted-with-diagnostics,5,1,1,0,1
react-twemoji,extracted-with-diagnostics,5,1,1,0,1
react-twitter-auth,extracted-with-diagnostics,0,1,1,0,4
react-twitter-conversion-tracker,extracted,2,1,1,0,0
react-twitter-conversion-tracker-plus,extracted,3,1,1,0,0
react-typical,extracted-with-diagnostics,1,1,1,0,1
react-typing-animation,extracted-with-diagnostics,28,1,1,0,1
react-typing-effect,extracted-with-diagnostics,5,1,1,0,1
react-typist,extracted-with-diagnostics,38,1,1,0,1
react-ultimate-pagination,extracted-with-diagnostics,2,1,1,0,1
react-user-tour,extracted-with-diagnostics,6,1,1,0,1
react-vertical-timeline-component,extracted-with-diagnostics,10,1,1,0,1
react-video-recorder,extracted-with-diagnostics,1,1,1,0,1
react-virtual-keyboard,extracted-with-diagnostics,6,1,1,0,1
react-virtualized,extracted-with-diagnostics,298,1,1,0,1
react-virtualized-select,extracted-with-diagnostics,7,1,1,0,2
react-vis,extracted-with-diagnostics,275,1,1,0,1
react-wait,extracted-with-diagnostics,10,1,1,0,1
react-weui,extracted,487,1,1,0,0
react-wheelpicker,extracted-with-diagnostics,6,1,1,0,1
react-widgets-moment,extracted,1,1,1,0,0
react-window-scroller,extracted-with-diagnostics,0,1,1,0,2
react-window-size,extracted-with-diagnostics,1,1,1,0,1
react-with-styles,extracted-with-diagnostics,3,1,1,0,2
react-world-flags,extracted-with-diagnostics,1,1,1,0,1
react-wow,extracted-with-diagnostics,5,1,1,0,1
react-youtube-embed,extracted-with-diagnostics,6,1,1,0,1
react_ujs,extracted-with-diagnostics,10,1,1,0,1
reactable,extracted-with-diagnostics,31,1,1,0,1
reactabular-dnd,extracted-with-diagnostics,2,1,1,0,1
reactabular-sticky,extracted-with-diagnostics,10,1,1,0,1
reactabular-table,extracted-with-diagnostics,19,1,1,0,1
reactcss,extracted-with-diagnostics,3,1,1,0,1
reactjs-localstorage,extracted,6,1,1,0,0
reactour,extracted-with-diagnostics,19,1,1,0,1
read-json-sync,extracted-with-diagnostics,1,1,1,0,5
read-package-tree,extracted,4,1,1,0,0
read-time-estimate,extracted,1,1,1,0,0
readable-stream,extracted-with-diagnostics,4964,1,1,0,5
readable-to-readable,extracted-with-diagnostics,118,1,1,0,5
readdir-glob,extracted-with-diagnostics,100,1,1,0,5
readdir-stream,extracted-with-diagnostics,1,1,1,0,5
readline-sync,extracted,23,1,1,0,0
readline-transform,extracted-with-diagnostics,2296,1,1,0,5
readme-filename,extracted,1,1,1,0,0
readmore-js,extracted,4,1,1,0,0
rebass,extracted-with-diagnostics,8,1,1,0,5
rebass__forms,extracted-with-diagnostics,0,1,1,0,5
rebass__grid,extracted-with-diagnostics,2,1,1,0,2
rebass__layout,extracted-with-diagnostics,1,1,1,0,5
rebind-host,extracted-with-diagnostics,1,1,1,0,5
recaptcha2,extracted,12,1,1,0,0
recase,extracted,3,1,1,0,0
recharts-scale,extracted,3,1,1,0,0
rechoir,extracted-with-diagnostics,1,1,1,0,5
recluster,extracted-with-diagnostics,100,1,1,0,5
recoilize,extracted,1,1,1,0,0
recompose,extracted-with-diagnostics,108,1,1,0,1
reconnect-core,extracted-with-diagnostics,25,1,1,0,5
reconnectingwebsocket,extracted,22,1,1,0,0
record-locator,extracted,2,1,1,0,0
recorder-js,extracted,8,1,1,0,0
recordrtc,extracted,104,1,1,0,0
recurly__recurly-js,extracted,229,1,1,0,0
recursive-readdir,extracted-with-diagnostics,3,1,1,0,5
redact-axios-error,extracted,6,1,1,0,0
redact-secrets,extracted,1,1,1,0,0
reddit,extracted,10,1,1,0,0
redis-errors,extracted,2,1,1,0,0
redis-info,extracted,1,1,1,0,0
redis-mock,extracted-with-diagnostics,0,1,1,0,1
redis-parser,extracted-with-diagnostics,8,1,1,0,5
redis-rate-limiter,extracted-with-diagnostics,2,1,1,0,6
redis-scripto,extracted-with-diagnostics,12,1,1,0,1
redis-server,extracted,4,1,1,0,0
redlock,extracted,75,1,1,0,0
redux-action,extracted-with-diagnostics,20,1,1,0,1
redux-action-utils,extracted,6,1,1,0,0
redux-actions,extracted,34,1,1,0,0
redux-api-middleware,extracted-with-diagnostics,11,1,1,0,1
redux-async-queue,extracted-with-diagnostics,2,1,1,0,1
redux-auth-wrapper,extracted-with-diagnostics,3,1,1,0,1
redux-batched-subscribe,extracted-with-diagnostics,3,1,1,0,1
redux-cablecar,extracted-with-diagnostics,5,1,1,0,1
redux-debounced,extracted-with-diagnostics,1,1,1,0,1
redux-define,extracted,11,1,1,0,0
redux-devtools-themes,extracted,0,1,1,0,0
redux-doghouse,extracted-with-diagnostics,10,1,1,0,1
redux-duck,extracted-with-diagnostics,4,1,1,0,1
redux-first-router,extracted-with-diagnostics,41,1,1,0,2
redux-first-router-link,extracted-with-diagnostics,10,1,1,0,3
redux-first-router-restore-scroll,extracted-with-diagnostics,1,1,1,0,3
redux-first-routing,extracted-with-diagnostics,8,1,1,0,3
redux-form,extracted-with-diagnostics,317,1,1,0,5
redux-immutable,extracted-with-diagnostics,4,1,1,0,2
redux-immutable-state-invariant,extracted-with-diagnostics,1,1,1,0,1
redux-infinite-scroll,extracted-with-diagnostics,6,1,1,0,1
redux-injectable-store,extracted-with-diagnostics,6,1,1,0,1
redux-localstorage,extracted-with-diagnostics,8,1,1,0,1
redux-localstorage-debounce,extracted-with-diagnostics,1,1,1,0,1
redux-localstorage-filter,extracted-with-diagnostics,2,1,1,0,1
redux-logger,extracted-with-diagnostics,5,1,1,0,1
redux-logic-test,extracted-with-diagnostics,5,1,1,0,2
redux-mock-store,extracted-with-diagnostics,7,1,1,0,1
redux-optimistic-ui,extracted-with-diagnostics,2,1,1,0,2
redux-pack,extracted-with-diagnostics,3,1,1,0,1
redux-persist-transform-encrypt,extracted-with-diagnostics,1,1,1,0,1
redux-persist-webextension-storage,extracted,6,1,1,0,0
redux-promise,extracted-with-diagnostics,0,1,1,0,1
redux-promise-listener,extracted-with-diagnostics,1,1,1,0,1
redux-react-session,extracted-with-diagnostics,16,1,1,0,1
redux-recycle,extracted-with-diagnostics,1,1,1,0,1
redux-router,extracted-with-diagnostics,11,1,1,0,6
redux-saga-routines,extracted-with-diagnostics,27,1,1,0,6
redux-saga-test-engine,extracted-with-diagnostics,6,1,1,0,1
redux-saga-tester,extracted-with-diagnostics,12,1,1,0,2
redux-seamless-immutable,extracted-with-diagnostics,3,1,1,0,1
redux-sentry-middleware,extracted-with-diagnostics,1,1,1,0,2
redux-shortcuts,extracted-with-diagnostics,24,1,1,0,1
redux-socket.io,extracted-with-diagnostics,1,1,1,0,4
redux-state-sync,extracted-with-diagnostics,11,1,1,0,2
redux-storage,extracted-with-diagnostics,13,1,1,0,2
redux-storage-engine-jsurl,extracted-with-diagnostics,1,1,1,0,2
redux-storage-engine-localstorage,extracted-with-diagnostics,3,1,1,0,2
redux-subscriber,extracted,4,1,1,0,0
redux-testkit,extracted-with-diagnostics,7,1,1,0,2
redux-timeout,extracted-with-diagnostics,3,1,1,0,1
redux-ui,extracted-with-diagnostics,4,1,1,0,2
redux-watch,extracted,1,1,1,0,0
reefjs,extracted,16,1,1,0,0
ref,extracted-with-diagnostics,271,1,1,0,5
ref-array,extracted-with-diagnostics,22,1,1,0,5
ref-array-di,extracted-with-diagnostics,170,1,1,0,5
ref-napi,extracted-with-diagnostics,1211,1,1,0,5
ref-struct,extracted-with-diagnostics,18,1,1,0,5
ref-struct-di,extracted-with-diagnostics,13,1,1,0,5
ref-union,extracted-with-diagnostics,18,1,1,0,5
ref-union-di,extracted-with-diagnostics,12,1,1,0,5
reflect.ownkeys,extracted,7,5,5,0,0
reflexbox,extracted-with-diagnostics,0,1,1,0,3
reflux,extracted-with-diagnostics,33,1,1,0,1
refresh-fetch,extracted,2,1,1,0,0
regenerate,extracted,22,1,1,0,0
regenerator-runtime,extracted,28,1,1,0,0
regex-escape,extracted,3,1,1,0,0
regex-not,extracted,2,1,1,0,0
regexgen,extracted,6,1,1,0,0
regexp.escape,extracted,7,5,5,0,0
regexp.prototype.flags,extracted,4,1,1,0,0
regression,extracted,7,1,1,0,0
relateurl,extracted,3,1,1,0,0
relationship.js,extracted,6,9,9,0,0
relaxed-json,extracted,5,1,1,0,0
relay-compiler,extracted,0,1,1,0,0
relay-runtime,extracted,306,1,1,0,0
relay-test-utils,extracted-with-diagnostics,40,1,1,0,1
rellax,extracted,6,1,1,0,0
reload,extracted-with-diagnostics,95,1,1,0,5
remark-abbr,extracted-with-diagnostics,0,1,1,0,1
remark-heading-id,extracted-with-diagnostics,1,1,1,0,1
remark-hint,extracted-with-diagnostics,0,1,1,0,1
remark-oembed,extracted-with-diagnostics,0,1,1,0,1
remark-prism,extracted-with-diagnostics,0,1,1,0,1
remarkable,extracted-with-diagnostics,277,1,1,0,62
remote-git-tags,extracted,1,1,1,0,0
remote-origin-url,extracted,6,1,1,0,0
remote-redux-devtools,extracted-with-diagnostics,3,1,1,0,1
remotedev-serialize,extracted-with-diagnostics,5,1,1,0,1
remotedev-server,extracted-with-diagnostics,2,1,1,0,6
remove-markdown,extracted,1,1,1,0,0
rename,extracted,3,1,1,0,0
repeat-element,extracted,1,1,1,0,0
repeat-string,extracted,1,1,1,0,0
repeating,extracted,1,1,1,0,0
replace-ext,extracted,1,1,1,0,0
replacestream,extracted,2,1,1,0,0
request,extracted-with-diagnostics,436,1,1,0,7
request-as-curl,extracted-with-diagnostics,2,1,1,0,7
request-debug,extracted-with-diagnostics,9,1,1,0,7
request-ip,extracted-with-diagnostics,2,1,1,0,5
request-promise,extracted-with-diagnostics,100,1,1,0,7
request-promise-native,extracted-with-diagnostics,85,1,1,0,7
request-stats,extracted-with-diagnostics,149,1,1,0,5
requestidlecallback,extracted,0,1,1,0,0
requestretry,extracted-with-diagnostics,121,1,1,0,7
require-all,extracted,1,1,1,0,0
require-dir,extracted,1,1,1,0,0
require-directory,extracted-with-diagnostics,2,1,1,0,5
require-from-string,extracted,2,1,1,0,0
require-hacker,extracted,12,1,1,0,0
require-relative,extracted,2,1,1,0,0
requireindex,extracted,1,1,1,0,0
requirejs,extracted,0,1,1,0,0
requirejs-domready,extracted,1,1,1,0,0
requires-port,extracted,2,1,1,0,0
reselect-tools,extracted-with-diagnostics,6,1,1,0,1
resemblejs,extracted,20,1,1,0,0
reserved-words,extracted,1,1,1,0,0
reservoir,extracted,2,1,1,0,0
resize-img,extracted-with-diagnostics,1,1,1,0,5
resize-observer-browser,extracted,0,1,1,0,0
resolve,extracted,4,1,1,0,0
resolve-bin,extracted,3,1,1,0,0
resolve-dir,extracted,1,1,1,0,0
resolve-id-refs,extracted,1,1,1,0,0
resolve-options,extracted,1,1,1,0,0
resolve-path,extracted,2,1,1,0,0
resolve-protobuf-schema,extracted,2,1,1,0,0
resolve-value,extracted,1,1,1,0,0
response-time,extracted-with-diagnostics,4,1,1,0,5
responselike,extracted-with-diagnostics,292,1,1,0,5
rest,extracted,49,1,1,0,0
restangular,extracted,298,1,1,0,0
restful.js,extracted,101,1,1,0,0
restify,extracted-with-diagnostics,2821,1,1,0,5
restify-cookies,extracted-with-diagnostics,1,1,1,0,5
restify-cors-middleware,extracted-with-diagnostics,3,1,1,0,5
restify-errors,extracted,9395,1,1,0,0
restify-plugins,extracted-with-diagnostics,525,1,1,0,5
restler,extracted-with-diagnostics,0,1,1,0,5
restling,extracted-with-diagnostics,15,1,1,0,5
resx,extracted,6,1,1,0,0
rethinkdb,extracted-with-diagnostics,277,1,1,0,5
retinajs,extracted,1,1,1,0,0
retry,extracted,12,1,1,0,0
revalidate,extracted,25,1,1,0,0
revalidator,extracted,0,1,1,0,0
reveal.js,extracted,174,1,1,0,0
rewire,extracted,1,1,1,0,0
rfc2047,extracted,2,1,1,0,0
rfc2253,extracted-with-diagnostics,26,1,1,0,5
rgbcolor,extracted,8,1,1,0,0
rheostat,extracted-with-diagnostics,7,1,1,0,1
rickshaw,extracted,0,1,1,0,0
riderize__passport-strava-oauth2,extracted-with-diagnostics,5,1,1,0,5
rifat__miio,extracted-with-diagnostics,3,1,1,0,5
right-align,extracted,2,1,1,0,0
righto,extracted,37,1,1,0,0
rijndael-js,extracted-with-diagnostics,4,1,1,0,5
ringbufferjs,extracted,20,1,1,0,0
ringcentral__easy-pkce,extracted,5,1,1,0,0
riot-api-nodejs,extracted,74,1,1,0,0
riot-games-api,extracted,0,1,1,0,0
riot-route,extracted,10,1,1,0,0
riotcontrol,extracted,9,1,1,0,0
riotjs,extracted,0,1,1,0,0
ripemd160,extracted-with-diagnostics,1,1,1,0,5
rison,extracted,7,1,1,0,0
rivets,extracted,6,1,1,0,0
rlp-encoding,extracted-with-diagnostics,3,1,1,0,5
rmc-drawer,extracted-with-diagnostics,6,1,1,0,2
rmfr,extracted-with-diagnostics,1,1,1,0,1
rn-app-upgrade,extracted-with-diagnostics,4,1,1,0,1
rn-fetch-blob,extracted,351,1,1,0,0
rn-host-detect,extracted,1,1,1,0,0
rn-material-ui-textfield,extracted-with-diagnostics,42,1,1,0,2
rn-randomnumber,extracted,2,1,1,0,0
rndm,extracted,5,1,1,0,0
robust-point-in-polygon,extracted,1,1,1,0,0
robust-segment-intersect,extracted,1,1,1,0,0
rocksdb,extracted-with-diagnostics,45,1,1,0,5
roll,extracted,6,1,1,0,0
roll-a-die,extracted,2,1,1,0,0
rollup-plugin-add-git-msg,extracted-with-diagnostics,1,1,1,0,1
rollup-plugin-auto-external,extracted-with-diagnostics,1,1,1,0,1
rollup-plugin-buble,extracted-with-diagnostics,1,1,1,0,2
rollup-plugin-css-only,extracted-with-diagnostics,1,1,1,0,6
rollup-plugin-generate-package-json,extracted-with-diagnostics,1,1,1,0,1
rollup-plugin-json,extracted-with-diagnostics,1,1,1,0,1
rollup-plugin-less,extracted-with-diagnostics,1,1,1,0,6
rollup-plugin-natives,extracted-with-diagnostics,1,1,1,0,1
rollup-plugin-node-builtins,extracted-with-diagnostics,1,1,1,0,6
rollup-plugin-node-globals,extracted-with-diagnostics,1,1,1,0,1
rollup-plugin-peer-deps-external,extracted-with-diagnostics,1,1,1,0,1
rollup-plugin-progress,extracted-with-diagnostics,1,1,1,0,1
rollup-plugin-size-snapshot,extracted-with-diagnostics,1,1,1,0,1
rollup-plugin-svelte-svg,extracted-with-diagnostics,1,1,1,0,3
rollup-plugin-url,extracted-with-diagnostics,1,1,1,0,1
romaji-name,extracted,3,1,1,0,0
roman-numerals,extracted,2,1,1,0,0
ronilaukkarinen__gulp-stylelint,extracted-with-diagnostics,1,1,1,0,6
ronomon__crypto-async,extracted-with-diagnostics,8,1,1,0,5
ronomon__hash-table,extracted-with-diagnostics,5,1,1,0,5
root-check,extracted,1,1,1,0,0
root__asn1,extracted,11,1,1,0,0
rosie,extracted,34,1,1,0,0
roslib,extracted-with-diagnostics,117,1,1,0,1
round,extracted,3,1,1,0,0
round-tofixed,extracted,1,1,1,0,0
route-cache,extracted-with-diagnostics,16,1,1,0,5
route-matcher,extracted,5,1,1,0,0
route-parser,extracted,4,1,1,0,0
routie,extracted,0,1,1,0,0
rox-browser,extracted,28,1,1,0,0
rox-node,extracted,23,1,1,0,0
rox-react-native,extracted,25,1,1,0,0
royalslider,extracted,0,1,1,0,0
rpi-gpio,extracted-with-diagnostics,29,1,1,0,5
rpi-ws281x-native,extracted-with-diagnostics,5,1,1,0,5
rpio,extracted-with-diagnostics,0,1,1,0,5
rr-notifications,extracted-with-diagnostics,7,1,1,0,1
rrc,extracted-with-diagnostics,30,1,1,0,3
rrdiagram-js,extracted,97,1,1,0,0
rrdtool,extracted,7,1,1,0,0
rsmq-worker,extracted-with-diagnostics,25,1,1,0,8
rsocket-core,extracted-with-diagnostics,567,1,1,0,5
rsocket-flowable,extracted-with-diagnostics,26,1,1,0,5
rsocket-tcp-client,extracted-with-diagnostics,20,1,1,0,5
rsocket-tcp-server,extracted-with-diagnostics,3,1,1,0,5
rsocket-types,extracted-with-diagnostics,30,1,1,0,5
rsocket-websocket-client,extracted-with-diagnostics,7,1,1,0,5
rsocket-websocket-server,extracted-with-diagnostics,3,1,1,0,5
rss,extracted,6,1,1,0,0
rsvp,extracted,229,1,1,0,0
rsync,extracted-with-diagnostics,2,1,1,0,5
rtl-detect,extracted,2,1,1,0,0
rtlcss,extracted-with-diagnostics,3,1,1,0,2
rtp-parser,extracted-with-diagnostics,32,1,1,0,5
rtpengine-client,extracted-with-diagnostics,598,1,1,0,5
rtree,extracted,2,1,1,0,0
run-parallel,extracted,7,1,1,0,0
run-parallel-limit,extracted,7,1,1,0,0
run-sequence,extracted-with-diagnostics,6,1,1,0,7
runes,extracted,2,1,1,0,0
runmd,extracted,1,1,1,0,0
rusha,extracted-with-diagnostics,6,1,1,0,5
russian-nouns-js,extracted,28,1,1,0,0
rwlock,extracted,19,1,1,0,0
rx,extracted,3559,1,1,0,0
rx-angular,extracted,0,1,1,0,0
rx-core,extracted,55,1,1,0,0
rx-core-binding,extracted,280,1,1,0,0
rx-dom,extracted,3610,1,1,0,0
rx-jquery,extracted,3559,1,1,0,0
rx-lite,extracted,2093,1,1,0,0
rx-lite-aggregates,extracted,2390,1,1,0,0
rx-lite-async,extracted,2147,1,1,0,0
rx-lite-backpressure,extracted,2459,1,1,0,0
rx-lite-coincidence,extracted,2183,1,1,0,0
rx-lite-experimental,extracted,2248,1,1,0,0
rx-lite-joinpatterns,extracted,2130,1,1,0,0
rx-lite-testing,extracted,2217,1,1,0,0
rx-lite-time,extracted,2290,1,1,0,0
rx-lite-virtualtime,extracted,2156,1,1,0,0
rx-node,extracted-with-diagnostics,23,1,1,0,5
rx.wamp,extracted,513,1,1,0,0
s-salt-pepper,extracted,7,1,1,0,0
s2-geometry,extracted,48,1,1,0,0
s3-download-stream,extracted-with-diagnostics,213,1,1,0,5
s3-streams,extracted-with-diagnostics,3763,1,1,0,5
s3-upload-stream,extracted-with-diagnostics,45,1,1,0,5
s3-uploader,extracted,2,1,1,0,0
s3-zip,extracted-with-diagnostics,4,1,1,0,7
s3rver,extracted-with-diagnostics,16,1,1,0,5
sabaki__immutable-gametree,extracted,50,1,1,0,0
sabaki__sgf,extracted-with-diagnostics,16,1,1,0,5
sabpaisa-react-lite,extracted,2,1,1,0,0
safari-extension,extracted,0,1,1,0,0
safari-extension-content,extracted,0,1,1,0,0
safe-compare,extracted,1,1,1,0,0
safe-json-stringify,extracted,2,1,1,0,0
safe-regex,extracted,1,1,1,0,0
safe-timers,extracted,7,1,1,0,0
safer-buffer,extracted-with-diagnostics,106,1,1,0,5
safie-sdk,extracted,0,1,1,0,0
sails.io.js,extracted-with-diagnostics,59,1,1,0,2
sailthru-client,extracted-with-diagnostics,55,1,1,0,5
salesforce__canvas-js-sdk,extracted,0,1,1,0,0
salesman.js,extracted,2,1,1,0,0
salling-group__auth,extracted-with-diagnostics,1,1,1,0,1
samirrayani__metascraper-shopping,extracted-with-diagnostics,1,1,1,0,1
saml,extracted-with-diagnostics,181,1,1,0,5
saml2-js,extracted,8,1,1,0,0
saml20,extracted,3,1,1,0,0
samlp,extracted-with-diagnostics,11,1,1,0,5
sammy,extracted,366,1,1,0,0
sanctuary,extracted,373,1,1,0,0
sandboxed-module,extracted,0,1,1,0,0
sane,extracted-with-diagnostics,313,1,1,0,5
sane-email-validation,extracted,4,1,1,0,0
sanitize-html,extracted-with-diagnostics,3,1,1,0,1
sanitize-s3-objectkey,extracted,1,1,1,0,0
sanitizer,extracted,13,1,1,0,0
sap__approuter,extracted-with-diagnostics,964,1,1,0,5
sap__logging,extracted-with-diagnostics,28,1,1,0,5
sap__xsenv,extracted,12,1,1,0,0
sarif,extracted,0,1,1,0,0
sasl-anonymous,extracted,4,1,1,0,0
sasl-digest-md5,extracted,5,1,1,0,0
sasl-external,extracted,4,1,1,0,0
sasl-plain,extracted,4,1,1,0,0
sasl-scram-sha-1,extracted,5,1,1,0,0
saslmechanisms,extracted,9,1,1,0,0
saslprep,extracted,1,1,1,0,0
sass-graph,extracted,6,1,1,0,0
sass-loader,extracted-with-diagnostics,1,1,1,0,7
sat,extracted,132,1,1,0,0
satnav,extracted,0,1,1,0,0
saturn-web,extracted,0,1,1,0,0
save-csv,extracted,1,1,1,0,0
save-pixels,extracted-with-diagnostics,3,1,1,0,5
sawtooth-sdk,extracted-with-diagnostics,1528,1,1,0,13
sax,extracted-with-diagnostics,1963,1,1,0,5
sax-stream,extracted-with-diagnostics,1,1,1,0,5
saywhen,extracted,4,1,1,0,0
sbd,extracted,1,1,1,0,0
sc-auth,extracted-with-diagnostics,5,1,1,0,5
sc-broker,extracted-with-diagnostics,91,1,1,0,5
sc-broker-cluster,extracted-with-diagnostics,462,1,1,0,6
sc-channel,extracted-with-diagnostics,47,1,1,0,5
sc-errors,extracted,21,1,1,0,0
sc-framework-health-check,extracted-with-diagnostics,1,1,1,0,8
sc-hot-reboot,extracted-with-diagnostics,1,1,1,0,7
scaleway-functions,extracted,2,1,1,0,0
scalike,extracted,154,1,1,0,0
scc-broker-client,extracted-with-diagnostics,9,1,1,0,5
schedule,extracted,6,1,1,0,0
scheduler,extracted,13,1,1,0,0
schema-registry,extracted-with-diagnostics,34,1,1,0,5
schluessel,extracted,0,1,1,0,0
schwifty,extracted-with-diagnostics,3,1,1,0,4
scoped-http-client,extracted-with-diagnostics,37,1,1,0,5
scorm-browser,extracted,71,1,1,0,0
scrambo,extracted,14,1,1,0,0
scratch-env,extracted,0,1,1,0,0
screenshot-desktop,extracted-with-diagnostics,4,1,1,0,5
screeps,extracted,0,1,1,0,0
screeps-arena,extracted,235,1,1,0,0
screeps-profiler,extracted,5,1,1,0,0
script-ext-html-webpack-plugin,extracted-with-diagnostics,2,1,1,0,9
scriptable-ios,extracted-with-diagnostics,0,1,1,0,40
scriptjs,extracted,0,1,1,0,0
scrivito,extracted-with-diagnostics,287,1,1,0,8
scroll,extracted,2,1,1,0,0
scroll-into-view,extracted,0,1,1,0,0
scroll-lock,extracted,18,1,1,0,0
scroll-to-element,extracted,1,1,1,0,0
scrollbooster,extracted,7,1,1,0,0
scroller,extracted,0,1,1,0,0
scrollmagic,extracted,893,1,1,0,0
scrollparent,extracted,1,1,1,0,0
scrollreveal,extracted,0,1,1,0,0
scrolltofixed,extracted,0,1,1,0,0
scrypt,extracted-with-diagnostics,14,1,1,0,5
scrypt-async,extracted,42,1,1,0,0
scryptsy,extracted-with-diagnostics,1,1,1,0,5
scss-parser,extracted,2,1,1,0,0
sd-notify,extracted,34,1,1,0,0
sdp-transform,extracted,7,1,1,0,0
seamless,extracted,0,1,1,0,0
seamless-immutable,extracted,62,1,1,0,0
search-index,extracted,1,1,1,0,0
searchjs,extracted,5,1,1,0,0
season,extracted,9,1,1,0,0
secp256k1,extracted-with-diagnostics,22,1,1,0,5
secret-blob,extracted-with-diagnostics,5,1,1,0,5
secret-box,extracted-with-diagnostics,357,1,1,0,5
secretbox-encoding,extracted-with-diagnostics,184,1,1,0,5
section-matter,extracted-with-diagnostics,1,1,1,0,5
secure-password,extracted-with-diagnostics,12,1,1,0,5
secure-random,extracted-with-diagnostics,4,1,1,0,5
secure-random-double,extracted,1,1,1,0,0
secure-random-password,extracted,2,1,1,0,0
secure-random-string,extracted,4,1,1,0,0
secure-random-uniform,extracted,1,1,1,0,0
secure-sample,extracted,1,1,1,0,0
secure-shuffle,extracted,1,1,1,0,0
secure-token,extracted-with-diagnostics,2,1,1,0,5
secure-weighted-sample,extracted,1,1,1,0,0
seed-random,extracted,2,1,1,0,0
seededshuffle,extracted,4,1,1,0,0
seedrandom,extracted,25,1,1,0,0
seen,extracted,732,1,1,0,0
segment-analytics,extracted,37,1,1,0,0
segment-api,extracted,18,1,1,0,0
segment__isodate,extracted,2,1,1,0,0
select,extracted,1,1,1,0,0
select2,extracted,1214,1,1,0,0
selectables,extracted,4,1,1,0,0
selectize,extracted,0,1,1,0,0
selectn,extracted,2,1,1,0,0
selenium-standalone,extracted-with-diagnostics,37,1,1,0,5
selenium-webdriver,extracted-with-diagnostics,625,1,1,0,5
selrond__knit,extracted,1,1,1,0,0
semantic-release__error,extracted,0,1,1,0,0
semantic-ui,extracted,0,1,1,0,0
semantic-ui-accordion,extracted,10,1,1,0,0
semantic-ui-api,extracted,26,1,1,0,0
semantic-ui-checkbox,extracted,27,1,1,0,0
semantic-ui-dimmer,extracted,27,1,1,0,0
semantic-ui-dropdown,extracted,44,1,1,0,0
semantic-ui-embed,extracted,15,1,1,0,0
semantic-ui-form,extracted,26,1,1,0,0
semantic-ui-modal,extracted,18,1,1,0,0
semantic-ui-nag,extracted,8,1,1,0,0
semantic-ui-popup,extracted,20,1,1,0,0
semantic-ui-progress,extracted,34,1,1,0,0
semantic-ui-rating,extracted,10,1,1,0,0
semantic-ui-search,extracted,26,1,1,0,0
semantic-ui-shape,extracted,24,1,1,0,0
semantic-ui-sidebar,extracted,17,1,1,0,0
semantic-ui-site,extracted,5,1,1,0,0
semantic-ui-sticky,extracted,6,1,1,0,0
semantic-ui-tab,extracted,12,1,1,0,0
semantic-ui-transition,extracted,28,1,1,0,0
semantic-ui-visibility,extracted,13,1,1,0,0
semaphore,extracted,7,1,1,0,0
sematext__gc-stats,extracted-with-diagnostics,17,1,1,0,5
semver,extracted,68,1,1,0,0
semver-compare,extracted,1,1,1,0,0
semver-compare-multi,extracted,2,1,1,0,0
semver-sort,extracted,2,1,1,0,0
semver-stable,extracted,3,1,1,0,0
semver-utils,extracted,4,1,1,0,0
sencha_touch,extracted,0,1,1,0,0
send,extracted-with-diagnostics,34,1,1,0,5
sendcloud,extracted-with-diagnostics,30,1,1,0,5
sendmail,extracted,1,1,1,0,0
sendsay-api,extracted,36,1,1,0,0
sentencer,extracted,3,1,1,0,0
sentiment,extracted,4,1,1,0,0
sequelize-fixtures,extracted-with-diagnostics,4,1,1,0,1
sequencify,extracted,1,1,1,0,0
sequester,extracted,7,1,1,0,0
serialize-javascript,extracted,1,1,1,0,0
serve-favicon,extracted-with-diagnostics,1,1,1,0,5
serve-handler,extracted-with-diagnostics,1,1,1,0,5
serve-index,extracted-with-diagnostics,16,1,1,0,5
serve-static,extracted-with-diagnostics,3,1,1,0,5
server,extracted-with-diagnostics,20,1,1,0,6
server-destroy,extracted-with-diagnostics,1,1,1,0,5
server-timing-header,extracted-with-diagnostics,12,1,1,0,5
serverless,extracted,118,1,1,0,0
serverless-jest-plugin,extracted-with-diagnostics,6,1,1,0,1
serverless-step-functions,extracted,0,1,1,0,0
serverless-tencent-scf,extracted,8,1,1,0,0
service-worker-mock,extracted-with-diagnostics,1,1,1,0,4
service-worker-updater,extracted-with-diagnostics,4,1,1,0,1
servicenow,extracted,0,1,1,0,0
servicenow-london,extracted,0,1,1,0,0
serviceworker-webpack-plugin,extracted-with-diagnostics,0,1,1,0,9
session-file-store,extracted-with-diagnostics,2,1,1,0,5
set-accurate-timeout,extracted,1,1,1,0,0
set-blocking,extracted,1,1,1,0,0
set-cookie-parser,extracted-with-diagnostics,8,1,1,0,5
set-link,extracted-with-diagnostics,2,1,1,0,5
set-tz,extracted,1,1,1,0,0
set-value,extracted,4,1,1,0,0
setasap,extracted,1,1,1,0,0
setimmediate,extracted,0,1,1,0,0
settings,extracted,0,1,1,0,0
setup-polly-jest,extracted-with-diagnostics,1,1,1,0,1
sfcookies,extracted,3,1,1,0,0
sfdx-faye,extracted-with-diagnostics,107,1,1,0,5
sha,extracted-with-diagnostics,9,1,1,0,5
sha.js,extracted-with-diagnostics,8,1,1,0,5
sha1,extracted-with-diagnostics,3,1,1,0,5
sha256,extracted-with-diagnostics,4,1,1,0,5
sha256-file,extracted,3,1,1,0,0
sha256-universal,extracted,12,1,1,0,0
sha256-wasm,extracted-with-diagnostics,28,1,1,0,5
sha512-universal,extracted,12,1,1,0,0
sha512-wasm,extracted-with-diagnostics,28,1,1,0,5
shade-blend-color,extracted,1,1,1,0,0
shakacode__recompose,extracted-with-diagnostics,108,1,1,0,1
shallow-clone,extracted,1,1,1,0,0
shallow-equals,extracted,1,1,1,0,0
shallowequal,extracted,2,1,1,0,0
shapefile,extracted-with-diagnostics,6,1,1,0,5
share-api-polyfill,extracted,0,1,1,0,0
sharedb,extracted-with-diagnostics,1441,1,1,0,2
sharepoint,extracted-with-diagnostics,0,1,1,0,29
sharetribe-flex-integration-sdk,extracted,41,1,1,0,0
sharetribe-flex-sdk,extracted,81,1,1,0,0
sharpie,extracted-with-diagnostics,1,1,1,0,6
shasum,extracted,1,1,1,0,0
shebang-command,extracted,1,1,1,0,0
sheetify,extracted,3,1,1,0,0
shell-escape,extracted,1,1,1,0,0
shell-quote,extracted,3,1,1,0,0
shelljs,extracted-with-diagnostics,207,7,7,0,30
shelljs-exec-proxy,extracted-with-diagnostics,88,1,1,0,6
shelljs.exec,extracted-with-diagnostics,1,1,1,0,5
shexj,extracted,0,1,1,0,0
shimmer,extracted,5,1,1,0,0
shipit-cli,extracted-with-diagnostics,221,1,1,0,5
shipit-utils,extracted-with-diagnostics,6,1,1,0,5
shippo,extracted,53,1,1,0,0
shopify-buy,extracted,94,1,1,0,0
short-css-vars,extracted,8,1,1,0,0
short-hash,extracted,1,1,1,0,0
shorten-css-hex,extracted,1,1,1,0,0
shortid,extracted,6,1,1,0,0
shot,extracted-with-diagnostics,554,1,1,0,5
should-format,extracted,3,1,1,0,0
should-sinon,extracted-with-diagnostics,0,1,1,0,2
showdown,extracted,36,1,1,0,0
shpjs,extracted-with-diagnostics,12,1,1,0,5
shrink-ray,extracted-with-diagnostics,2,1,1,0,5
shuffle-array,extracted,4,1,1,0,0
shuffle-seed,extracted,2,1,1,0,0
sic-ecies,extracted-with-diagnostics,758,1,1,0,5
sic-list,extracted,8,1,1,0,0
siege,extracted-with-diagnostics,2,1,1,0,5
siema,extracted,9,1,1,0,0
siesta,extracted-with-diagnostics,0,1,1,0,9
sigmajs,extracted,0,1,1,0,0
sigmund,extracted,1,1,1,0,0
signale,extracted-with-diagnostics,22,1,1,0,5
signalfx-collect,extracted-with-diagnostics,6,1,1,0,6
signalr,extracted,0,1,1,0,0
signalr-no-jquery,extracted,20,1,1,0,0
signals,extracted,37,1,1,0,0
similarity,extracted,1,1,1,0,0
simmerjs,extracted,7,1,1,0,0
simperium,extracted,106,1,1,0,0
simple-assign,extracted,6,1,1,0,0
simple-cw-node,extracted-with-diagnostics,23,1,1,0,6
simple-element-resize-detector,extracted,1,1,1,0,0
simple-get,extracted-with-diagnostics,8,1,1,0,5
simple-lru,extracted,18,1,1,0,0
simple-mock,extracted,43,1,1,0,0
simple-oauth2,extracted,14,1,1,0,0
simple-peer,extracted-with-diagnostics,115,1,1,0,5
simple-query-string,extracted,2,1,1,0,0
simple-react-clipboard,extracted-with-diagnostics,1,1,1,0,1
simple-react-lightbox,extracted-with-diagnostics,3,1,1,0,1
simple-sha1,extracted,2,1,1,0,0
simple-swizzle,extracted,2,1,1,0,0
simple-time-input-engine,extracted,2,1,1,0,0
simple-url-cache,extracted-with-diagnostics,34,1,1,0,2
simple-websocket,extracted-with-diagnostics,138,1,1,0,5
simple-xml,extracted,2,1,1,0,0
simplecrawler,extracted-with-diagnostics,254,1,1,0,5
simpleddp,extracted,14,1,1,0,0
simpleheat,extracted,12,1,1,0,0
simplemde,extracted,38,1,1,0,0
simplesmtp,extracted-with-diagnostics,236,1,1,0,5
simplestorage.js,extracted,10,1,1,0,0
simply-blackjack,extracted-with-diagnostics,50,1,1,0,5
simulant,extracted,4,1,1,0,0
single-line-log,extracted,9,1,1,0,0
single-trailing-newline,extracted,1,1,1,0,0
sinon,extracted,828,1,1,0,0
sinon-as-promised,extracted,0,1,1,0,0
sinon-chai,extracted-with-diagnostics,1,1,1,0,1
sinon-chrome,extracted,38331,1,1,0,0
sinon-express-mock,extracted-with-diagnostics,30,1,1,0,5
sinon-mongoose,extracted,0,1,1,0,0
sinon-sandbox,extracted,59,1,1,0,0
sinon-stub-promise,extracted,1,1,1,0,0
sinon-test,extracted,2,1,1,0,0
sinonjs__fake-timers,extracted,59,1,1,0,0
sipml,extracted,0,1,1,0,0
siren-parser,extracted,68,1,1,0,0
sitemap-generator,extracted-with-diagnostics,1,1,1,0,5
sitemap2,extracted,4,1,1,0,0
six-runtime,extracted,0,1,1,0,0
sizeof,extracted,3,1,1,0,0
sizzle,extracted,14,1,1,0,0
sjcl,extracted,498,1,1,0,0
skatejs,extracted,44,1,1,0,0
skeleton-rendezvous,extracted,12,1,1,0,0
sketchapp,extracted,0,1,1,0,0
ski,extracted,3,1,1,0,0
skilja,extracted,1,1,1,0,0
skipped-periodic-values,extracted,1,1,1,0,0
skmeans,extracted,1,1,1,0,0
slack-mock,extracted-with-diagnostics,57,1,1,0,6
slack-node,extracted-with-diagnostics,12,1,1,0,7
slack-winston,extracted,3,1,1,0,0
slackdown,extracted,1,1,1,0,0
slackify-html,extracted,0,1,1,0,0
slate,extracted-with-diagnostics,6966,1,1,0,2
slate-base64-serializer,extracted-with-diagnostics,4,1,1,0,2
slate-html-serializer,extracted-with-diagnostics,5,1,1,0,2
slate-irc,extracted-with-diagnostics,33,1,1,0,5
slate-plain-serializer,extracted-with-diagnostics,2,1,1,0,2
sleep,extracted,3,1,1,0,0
slice-source,extracted,1,1,1,0,0
slick-carousel,extracted,0,1,1,0,0
slickgrid,extracted,0,1,1,0,0
slideout,extracted,28,1,1,0,0
slimerjs,extracted,0,1,1,0,0
slip,extracted,3,1,1,0,0
sloc,extracted,1,1,1,0,0
slocket,extracted-with-diagnostics,20,1,1,0,5
slug,extracted,5,1,1,0,0
sluggo,extracted,1,1,1,0,0
sm-crypto,extracted,161,1,1,0,0
smallest-enclosing-circle,extracted,1,1,1,0,0
smallwei__avue,extracted,63,1,1,0,0
smart-fox-server,extracted,0,1,1,0,0
smart-truncate,extracted,1,1,1,0,0
smartwizard,extracted,0,1,1,0,0
smartystreets-javascript-sdk,extracted-with-diagnostics,96,1,1,0,5
smb2,extracted,24,1,1,0,0
smooch,extracted,65,1,1,0,0
smooth-scroll,extracted,8,1,1,0,0
smoothscroll-polyfill,extracted,1,1,1,0,0
smpte-timecode,extracted,7,1,1,0,0
smshelper,extracted,3,1,1,0,0
smtp-server,extracted-with-diagnostics,241,1,1,0,5
smtpapi,extracted,30,1,1,0,0
snap-shot-core,extracted,8,1,1,0,0
snapchat-lens-studio,extracted,0,1,1,0,0
snappyjs,extracted,2,1,1,0,0
snapsvg,extracted,438,1,1,0,0
snarkjs,extracted,44,2,2,0,0
snazzy-info-window,extracted,44,1,1,0,0
snekfetch,extracted-with-diagnostics,603,1,1,0,5
snmp-native,extracted-with-diagnostics,99,1,1,0,5
snowball-stemmers,extracted,3,1,1,0,0
snowflake-regex,extracted,1,1,1,0,0
snowflake-sdk,extracted-with-diagnostics,35,1,1,0,6
snowpack-env,extracted,0,1,1,0,0
sns-validator,extracted,2,1,1,0,0
sntp,extracted,5,1,1,0,0
snuownd,extracted,14,1,1,0,0
socket.io-file,extracted-with-diagnostics,2,1,1,0,1
socket.io-p2p,extracted,14,1,1,0,0
socket.io.users,extracted-with-diagnostics,127,1,1,0,6
socketcluster,extracted-with-diagnostics,65,1,1,0,6
socketcluster-client,extracted-with-diagnostics,298,1,1,0,5
socketcluster-server,extracted-with-diagnostics,7029,1,1,0,5
socketio-jwt-auth,extracted-with-diagnostics,2,1,1,0,1
socketio-wildcard,extracted-with-diagnostics,1,1,1,0,3
socketty,extracted,8,1,1,0,0
sockjs,extracted-with-diagnostics,52,1,1,0,5
sockjs-client,extracted,3,1,1,0,0
sodium-native,extracted-with-diagnostics,813,1,1,0,5
sodium-uuid,extracted-with-diagnostics,4,1,1,0,5
solid-auth-client,extracted,47,1,1,0,0
solid__react,extracted-with-diagnostics,103,1,1,0,1
solr-client,extracted-with-diagnostics,58,1,1,0,5
solution-center-communicator,extracted,4,1,1,0,0
something-random-on-discord,extracted,8,1,1,0,0
sonar-js,extracted,5,1,1,0,0
sort-array,extracted,1,1,1,0,0
sort-by,extracted,2,1,1,0,0
sort-json,extracted,2,1,1,0,0
sort-keys-length,extracted,2,1,1,0,0
sort-object-keys,extracted,1,1,1,0,0
sortablejs,extracted,39,1,1,0,0
sorted-array-functions,extracted,11,1,1,0,0
sorted-object,extracted,1,1,1,0,0
sound-play,extracted-with-diagnostics,1,1,1,0,5
soundjs,extracted,0,1,1,0,0
soundmanager2,extracted,0,1,1,0,0
soupbintcp,extracted-with-diagnostics,393,1,1,0,5
source-list-map,extracted,21,1,1,0,0
source-map-support,extracted-with-diagnostics,19,1,1,0,1
sourcemap-validator,extracted,1,1,1,0,0
space-pen,extracted,1223,1,1,0,0
spark-md5,extracted,24,1,1,0,0
sparkpost,extracted-with-diagnostics,457,1,1,0,7
sparql-http-client,extracted-with-diagnostics,63,1,1,0,13
sparqljs,extracted-with-diagnostics,7,1,1,0,1
sparse-bitfield,extracted-with-diagnostics,15,1,1,0,5
spatialite,extracted-with-diagnostics,1,1,1,0,2
spdx-compare,extracted,3,1,1,0,0
spdx-copyleft,extracted,0,1,1,0,0
spdx-correct,extracted,1,1,1,0,0
spdx-exceptions,extracted,0,1,1,0,0
spdx-expression-parse,extracted,1,1,1,0,0
spdx-expression-validate,extracted,1,1,1,0,0
spdx-id-to-url,extracted,1,1,1,0,0
spdx-is-osi,extracted,1,1,1,0,0
spdx-license-ids,extracted,0,1,1,0,0
spdx-osi,extracted,0,1,1,0,0
spdx-ranges,extracted,0,1,1,0,0
spdx-satisfies,extracted,1,1,1,0,0
spdx-to-html,extracted,1,1,1,0,0
spdx-whitelisted,extracted,1,1,1,0,0
spdy,extracted-with-diagnostics,504,1,1,0,5
speakeasy,extracted-with-diagnostics,26,1,1,0,5
speakingurl,extracted,2,1,1,0,0
spected,extracted,3,1,1,0,0
spectrogram,extracted,14,1,1,0,0
spectrum,extracted,0,1,1,0,0
speed-measure-webpack-plugin,extracted-with-diagnostics,4,1,1,0,9
speedometer,extracted,2,1,1,0,0
speedtest-net,extracted,4,1,1,0,0
spellchecker,extracted,5,1,1,0,0
spf-parse,extracted,3,1,1,0,0
sphere-engine-browser,extracted-with-diagnostics,284,1,1,0,4
spinnies,extracted,18,1,1,0,0
splashy,extracted-with-diagnostics,1,1,1,0,5
split,extracted-with-diagnostics,1,1,1,0,5
split-file,extracted-with-diagnostics,3,1,1,0,5
split2,extracted-with-diagnostics,5,1,1,0,5
splitpanes,extracted-with-diagnostics,156,1,1,0,1
splitting,extracted,4,1,1,0,0
splunk-bunyan-logger,extracted-with-diagnostics,52,1,1,0,7
splunk-logging,extracted-with-diagnostics,7,1,1,0,7
spotify-api,extracted,0,1,1,0,0
spotify-node-applescript,extracted,28,1,1,0,0
spotify-web-api-node,extracted,384,1,1,0,0
spotify-web-playback-sdk,extracted,0,1,1,0,0
spreedly-iframe-browser,extracted,0,1,1,0,0
sprintf,extracted,2,1,1,0,0
sprintf-js,extracted,2,1,1,0,0
spritesmith,extracted-with-diagnostics,5,1,1,0,5
sql-tagged-template-literal,extracted,1,1,1,0,0
sql-template,extracted,8,1,1,0,0
sql.js,extracted,17,1,1,0,0
sqlanywhere,extracted,15,1,1,0,0
sqlite3-promise,extracted-with-diagnostics,0,1,1,0,5
sqlstring,extracted,4,1,1,0,0
square-connect,extracted,89,1,1,0,0
squirejs,extracted,18,1,1,0,0
srp,extracted-with-diagnostics,72,1,1,0,5
srt-to-vtt,extracted-with-diagnostics,1,1,1,0,5
srtparsejs,extracted,10,1,1,0,0
ssb-keys,extracted-with-diagnostics,15,1,1,0,5
ssdeep,extracted,3,1,1,0,0
ssdeep.js,extracted,2,1,1,0,0
sse,extracted-with-diagnostics,791,1,1,0,5
sse4_crc32,extracted-with-diagnostics,1874,1,1,0,5
ssh-key-decrypt,extracted-with-diagnostics,2,1,1,0,5
ssh2,extracted-with-diagnostics,5860,1,1,0,5
ssh2-sftp-client,extracted-with-diagnostics,52,1,1,0,5
ssh2-streams,extracted-with-diagnostics,2466,1,1,0,5
sshpk,extracted-with-diagnostics,7326,1,1,0,5
ssi-modal,extracted,34,1,1,0,0
ssri,extracted-with-diagnostics,26,1,1,0,5
stack-mapper,extracted,2,1,1,0,0
stack-trace,extracted,10,1,1,0,0
stack-utils,extracted,28,1,1,0,0
stale-lru-cache,extracted,22,1,1,0,0
stampit,extracted,117,1,1,0,0
standard-error,extracted,0,1,1,0,0
standard-http-error,extracted,0,1,1,0,0
standard-version,extracted-with-diagnostics,3,1,1,0,5
start-server-webpack-plugin,extracted-with-diagnostics,0,1,1,0,9
starwars-names,extracted,2,1,1,0,0
static-eval,extracted,1,1,1,0,0
static-kdtree,extracted,2,1,1,0,0
staticmaps,extracted-with-diagnostics,18,1,1,0,3
stats-lite,extracted,9,1,1,0,0
stats.js,extracted,8,1,1,0,0
statsd-client,extracted-with-diagnostics,30,1,1,0,5
statuses,extracted,4,1,1,0,0
std-mocks,extracted,6,1,1,0,0
stdin,extracted,1,1,1,0,0
stdout-stream,extracted-with-diagnostics,41,1,1,0,5
steam,extracted-with-diagnostics,99,1,1,0,5
steam-client,extracted-with-diagnostics,105,1,1,0,6
steam-login,extracted-with-diagnostics,253,1,1,0,5
steam-totp,extracted-with-diagnostics,8,1,1,0,5
steam-tradeoffer-manager,extracted-with-diagnostics,126,1,1,0,8
steam-user,extracted-with-diagnostics,757,1,1,0,6
steamapi,extracted,48,1,1,0,0
steamcommunity,extracted-with-diagnostics,297,1,1,0,7
steamid,extracted,23,1,1,0,0
steed,extracted,40,1,1,0,0
steelseries,extracted,2234,1,1,0,0
stegcloak,extracted,4,1,1,0,0
sticky-cluster,extracted-with-diagnostics,3,1,1,0,5
sticky-session,extracted-with-diagnostics,1,1,1,0,5
stompit,extracted-with-diagnostics,461,1,1,0,5
stompjs,extracted-with-diagnostics,29,1,1,0,5
stopcock,extracted,2,1,1,0,0
stoppable,extracted-with-diagnostics,2,1,1,0,5
stopword,extracted,2,1,1,0,0
storage-helper,extracted,9,1,1,0,0
store,extracted,0,1,1,0,0
storybook-addon-jsx,extracted-with-diagnostics,2,1,1,0,3
storybook-react-router,extracted-with-diagnostics,1,1,1,0,4
storybook-readme,extracted-with-diagnostics,12,1,1,0,3
storybook__addon-info,extracted-with-diagnostics,3,1,1,0,4
strange,extracted,13,1,1,0,0
stream-array,extracted-with-diagnostics,1,1,1,0,5
stream-buffers,extracted-with-diagnostics,3771,1,1,0,5
stream-chain,extracted-with-diagnostics,3826,1,1,0,5
stream-concat,extracted-with-diagnostics,144,1,1,0,5
stream-counter,extracted-with-diagnostics,82,1,1,0,5
stream-csv-as-json,extracted-with-diagnostics,1836,1,1,0,5
stream-demux,extracted-with-diagnostics,44,1,1,0,5
stream-each,extracted-with-diagnostics,1,1,1,0,5
stream-fork,extracted-with-diagnostics,85,1,1,0,5
stream-json,extracted-with-diagnostics,1836,1,1,0,5
stream-line-wrapper,extracted-with-diagnostics,142,1,1,0,5
stream-meter,extracted-with-diagnostics,74,1,1,0,5
stream-series,extracted-with-diagnostics,2,1,1,0,5
stream-shift,extracted-with-diagnostics,1,1,1,0,5
stream-throttle,extracted-with-diagnostics,1904,1,1,0,5
stream-to-array,extracted-with-diagnostics,2,1,1,0,5
stream-to-blob,extracted-with-diagnostics,1,1,1,0,5
stream-to-promise,extracted-with-diagnostics,2,1,1,0,5
stream-write,extracted-with-diagnostics,1,1,1,0,5
streamifier,extracted-with-diagnostics,1,1,1,0,5
streamify-array,extracted-with-diagnostics,1,1,1,0,5
streamify-string,extracted-with-diagnostics,116,1,1,0,5
streaming-json-stringify,extracted-with-diagnostics,5,1,1,0,5
streamjs,extracted,0,1,1,0,0
streamsaver,extracted,3,1,1,0,0
streamsearch,extracted-with-diagnostics,6,1,1,0,5
streamx,extracted-with-diagnostics,657,1,1,0,5
stremio-addon-sdk,extracted,11,1,1,0,0
strftime,extracted,3,1,1,0,0
strict-uri-encode,extracted,1,1,1,0,0
strikeentco__get,extracted,1,1,1,0,0
string,extracted,1,1,1,0,0
string-algorithms,extracted,9,1,1,0,0
string-format,extracted,3,1,1,0,0
string-hash,extracted,1,1,1,0,0
string-math,extracted,1,1,1,0,0
string-natural-compare,extracted,1,1,1,0,0
string-pixel-width,extracted,1,1,1,0,0
string-placeholder,extracted,1,1,1,0,0
string-replace-loader,extracted-with-diagnostics,1,1,1,0,6
string-replace-webpack-plugin,extracted-with-diagnostics,3,1,1,0,9
string-similarity,extracted,2,1,1,0,0
string-template,extracted,0,1,1,0,0
string.prototype.matchall,extracted,2,1,1,0,0
string.prototype.trim,extracted,4,1,1,0,0
string_score,extracted,0,1,1,0,0
stringify-author,extracted,1,1,1,0,0
stringify-object,extracted,1,1,1,0,0
stringor,extracted,1,1,1,0,0
strip-bom-string,extracted-with-diagnostics,1,1,1,0,5
strip-color,extracted,1,1,1,0,0
strip-comments,extracted,5,1,1,0,0
stripe-v2,extracted,0,1,1,0,0
stripejs,extracted,9,1,1,0,0
strman,extracted,69,1,1,0,0
stroncium__procfs,extracted,112,1,1,0,0
strong-cluster-control,extracted-with-diagnostics,28,1,1,0,5
strong-data-uri,extracted-with-diagnostics,90,1,1,0,5
strong-log-transformer,extracted-with-diagnostics,2,1,1,0,5
stronghold-pay-js,extracted,22,1,1,0,0
strophe,extracted,65,1,1,0,0
strophe.js,extracted,0,1,1,0,0
strophejs-plugin-roster,extracted,3,1,1,0,0
struct,extracted-with-diagnostics,29,1,1,0,5
stubby,extracted-with-diagnostics,151,1,1,0,5
style-inject,extracted,1,1,1,0,0
style-search,extracted,2,1,1,0,0
styled-components,extracted-with-diagnostics,1156,1,1,0,3
styled-components-react-native,extracted-with-diagnostics,250,1,1,0,4
styled-react-modal,extracted-with-diagnostics,15,1,1,0,3
styled-system,extracted-with-diagnostics,256,1,1,0,1
styled-system__core,extracted-with-diagnostics,6,1,1,0,1
styled-system__css,extracted-with-diagnostics,6,1,1,0,1
styled-system__props,extracted,2,1,1,0,0
styled-system__should-forward-prop,extracted,2,1,1,0,0
styled-system__theme-get,extracted,2,1,1,0,0
styled-theming,extracted-with-diagnostics,5,1,1,0,3
stylenames,extracted,2,1,1,0,0
styletron-engine-atomic,extracted-with-diagnostics,40,1,1,0,1
styletron-engine-monolithic,extracted-with-diagnostics,37,1,1,0,1
styletron-react,extracted-with-diagnostics,62,1,1,0,2
styletron-standard,extracted-with-diagnostics,6,1,1,0,1
stylis,extracted,44,1,1,0,0
stylus,extracted-with-diagnostics,179,1,1,0,5
sub-encoder,extracted-with-diagnostics,4,1,1,0,5
subleveldown,extracted-with-diagnostics,1,1,1,0,5
subscribe-ui-event,extracted,8,1,1,0,0
subset-font,extracted-with-diagnostics,1,1,1,0,5
succinct,extracted,0,1,1,0,0
sudokus,extracted,2,1,1,0,0
suitescript,extracted,0,1,1,0,0
summernote,extracted,0,1,1,0,0
sumo-logger,extracted,12,1,1,0,0
suncalc,extracted,6,1,1,0,0
super-number,extracted,32,1,1,0,0
superagent,extracted-with-diagnostics,1375,1,1,0,6
superagent-bunyan,extracted-with-diagnostics,1,1,1,0,6
superagent-no-cache,extracted-with-diagnostics,1,1,1,0,6
superagent-prefix,extracted-with-diagnostics,1,1,1,0,6
superagent-proxy,extracted-with-diagnostics,1,1,1,0,6
superagent-retry-delay,extracted-with-diagnostics,1,1,1,0,6
supercluster,extracted,12,1,1,0,0
superfine,extracted,4,1,1,0,0
supertest,extracted-with-diagnostics,743,1,1,0,6
supertest-as-promised,extracted-with-diagnostics,283,1,1,0,6
surma__rollup-plugin-off-main-thread,extracted-with-diagnostics,1,1,1,0,1
svelte-leafletjs,extracted-with-diagnostics,2538,1,1,0,1
svg-arc-to-cubic-bezier,extracted,1,1,1,0,0
svg-baker-runtime,extracted,13,1,1,0,0
svg-injector,extracted,2,1,1,0,0
svg-intersections,extracted,2,1,1,0,0
svg-maps__brazil,extracted,0,1,1,0,0
svg-maps__common,extracted,0,1,1,0,0
svg-maps__usa,extracted,0,1,1,0,0
svg-outline-stroke,extracted-with-diagnostics,1,1,1,0,5
svg-parser,extracted,1,1,1,0,0
svg-path-bounding-box,extracted,15,1,1,0,0
svg-path-bounds,extracted,1,1,1,0,0
svg-path-contours,extracted,1,1,1,0,0
svg-path-parser,extracted,2,1,1,0,0
svg-path-reverse,extracted,3,1,1,0,0
svg-render,extracted-with-diagnostics,89,1,1,0,5
svg-sprite,extracted-with-diagnostics,41,1,1,0,6
svg-sprite-loader,extracted-with-diagnostics,1,1,1,0,8
svg-tags,extracted,0,1,1,0,0
svg-to-pdfkit,extracted-with-diagnostics,1,1,1,0,5
svg2png,extracted-with-diagnostics,2,1,1,0,5
svg2ttf,extracted,1,1,1,0,0
svg4everybody,extracted,1,1,1,0,0
svg64,extracted,1,1,1,0,0
svgcanvas,extracted,221,1,1,0,0
svgdom,extracted,6,1,1,0,0
svgjs.draggable,extracted,0,1,1,0,0
svgjs.resize,extracted,0,1,1,0,0
sw-precache,extracted-with-diagnostics,4,1,1,0,6
sw-precache-webpack-plugin,extracted-with-diagnostics,0,1,1,0,9
swag,extracted-with-diagnostics,1,1,1,0,2
swagger-express-middleware,extracted-with-diagnostics,107,1,1,0,6
swagger-express-mw,extracted-with-diagnostics,31,1,1,0,6
swagger-express-validator,extracted-with-diagnostics,2,1,1,0,5
swagger-hapi,extracted-with-diagnostics,30,1,1,0,6
swagger-jsdoc,extracted,1,1,1,0,0
swagger-node-runner,extracted-with-diagnostics,206,1,1,0,6
swagger-restify-mw,extracted-with-diagnostics,30,1,1,0,6
swagger-sails-hook,extracted-with-diagnostics,3,1,1,0,6
swagger-schema-official,extracted,0,1,1,0,0
swagger-stats,extracted-with-diagnostics,7,1,1,0,8
swagger-tools,extracted-with-diagnostics,471,1,1,0,5
swagger-ui,extracted,36,4,4,0,0
swagger-ui-dist,extracted,6,1,1,0,0
swagger-ui-express,extracted-with-diagnostics,6,1,1,0,5
swagger-ui-react,extracted-with-diagnostics,2,2,2,0,2
swagger2openapi,extracted-with-diagnostics,29,1,1,0,6
swaggerize-express,extracted-with-diagnostics,620,1,1,0,5
swe-validation,extracted,2,1,1,0,0
sweet-pubsub,extracted,18,1,1,0,0
swfobject,extracted,0,1,1,0,0
swiftclick,extracted,0,1,1,0,0
swig,extracted,37,1,1,0,0
swig-email-templates,extracted,10,1,1,0,0
swipe,extracted,0,1,1,0,0
swipeview,extracted,0,1,1,0,0
swipl-stdio,extracted-with-diagnostics,416,1,1,0,5
switchery,extracted,1,1,1,0,0
swiz,extracted,93,1,1,0,0
sx127x-driver,extracted,36,1,1,0,0
sybase-promised,extracted,6,1,1,0,0
sylvester,extracted,0,1,1,0,0
sylvester-es6,extracted,1070,1,1,0,0
symbol-tree,extracted,58,1,1,0,0
symlink-or-copy,extracted,1,1,1,0,0
symphony-api-client-node,extracted,72,1,1,0,0
synaptic,extracted,395,1,1,0,0
sync-fetch,extracted-with-diagnostics,3,1,1,0,6
sync-storage,extracted,5,1,1,0,0
synchronous-autocomplete,extracted,4,1,1,0,0
syntax-error,extracted-with-diagnostics,1,1,1,0,1
syslog-client,extracted-with-diagnostics,100,1,1,0,5
syslog-pro,extracted,104,1,1,0,0
system-locale,extracted,2,1,1,0,0
system-logger,extracted,2,1,1,0,0
system-service,extracted,27,1,1,0,0
system-sleep,extracted,1,1,1,0,0
system-task,extracted,16,1,1,0,0
systemjs,extracted,0,1,1,0,0
table-resolver,extracted,4,1,1,0,0
tableau,extracted,0,1,1,0,0
tableau-js-api,extracted,49,1,1,0,0
tableify,extracted,3,1,1,0,0
tablesorter,extracted,11852,1,1,0,0
tablestore,extracted-with-diagnostics,42,1,1,0,5
tabtab,extracted-with-diagnostics,5,1,1,0,5
tabulator,extracted,4,1,1,0,0
tabulator-tables,extracted,5338,2,2,0,0
tadashi__koa-jwt-authz,extracted-with-diagnostics,1,1,1,0,5
tail,extracted,5,1,1,0,0
tampermonkey,extracted,0,1,1,0,0
tapable,extracted-with-diagnostics,0,1,1,0,1
tape-async,extracted-with-diagnostics,15,1,1,0,6
tape-catch,extracted-with-diagnostics,0,1,1,0,1
tape-promise,extracted-with-diagnostics,9,1,1,0,2
tar-fs,extracted-with-diagnostics,2,1,1,0,5
tar-js,extracted,6,1,1,0,0
tar-stream,extracted-with-diagnostics,164,1,1,0,5
tarantool-driver,extracted-with-diagnostics,54,1,1,0,5
targz,extracted-with-diagnostics,2,1,1,0,5
task-graph-runner,extracted,2,1,1,0,0
task-worklet,extracted,5,1,1,0,0
tasker-js-runner,extracted-with-diagnostics,4,1,1,0,1
taskkill,extracted,2,1,1,0,0
tcp-ping,extracted,2,1,1,0,0
tcp-port-used,extracted,6,1,1,0,0
tdigest,extracted,33,1,1,0,0
tdweb,extracted,2,1,1,0,0
tea-merge,extracted,1,1,1,0,0
teddy,extracted,14,1,1,0,0
tedious-connection-pool,extracted-with-diagnostics,36,1,1,0,6
teechart,extracted,0,1,1,0,0
telebot,extracted-with-diagnostics,147,1,1,0,5
telegram-mini-app,extracted,247,1,1,0,0
telegram-web-app,extracted,472,1,1,0,0
telegraph.md,extracted,1,1,1,0,0
telnetlib,extracted-with-diagnostics,319,1,1,0,1
temp,extracted-with-diagnostics,12,1,1,0,5
temp-fs,extracted,12,1,1,0,0
tengitsui,extracted-with-diagnostics,33,1,1,0,1
terminal-kit,extracted-with-diagnostics,1153,1,1,0,1
terminal-menu,extracted-with-diagnostics,22,1,1,0,5
termios-fixedv12,extracted,2,1,1,0,0
tern,extracted,279,1,1,0,0
terra-action-footer,extracted-with-diagnostics,1,1,1,0,1
terra-action-header,extracted-with-diagnostics,1,1,1,0,1
terra-button,extracted-with-diagnostics,6,1,1,0,1
terra-content-container,extracted-with-diagnostics,1,1,1,0,1
terra-spacer,extracted-with-diagnostics,1,1,1,0,1
terra-theme-context,extracted-with-diagnostics,5,1,1,0,1
terraformer__arcgis,extracted,2,1,1,0,0
terraformer__spatial,extracted,13,1,1,0,0
terraformer__wkt,extracted,2,1,1,0,0
territory-indonesia,extracted,21,1,1,0,0
teslajs,extracted,134,1,1,0,0
test-console,extracted,36,1,1,0,0
test-exclude,extracted,1,1,1,0,0
test-listen,extracted-with-diagnostics,1,1,1,0,5
testing-library__jasmine-dom,extracted,0,1,1,0,0
testingbot-api,extracted,13,1,1,0,0
tether,extracted,11,1,1,0,0
tether-drop,extracted,31,1,1,0,0
tether-shepherd,extracted,0,1,1,0,0
text-buffer,extracted-with-diagnostics,9,1,1,0,5
text-encoding,extracted,6,1,1,0,0
text-encoding-utf-8,extracted,12,1,1,0,0
text-mask-addons,extracted,2,1,1,0,0
text-mask-core,extracted,3,1,1,0,0
text-metrics,extracted,6,1,1,0,0
text-table,extracted,1,1,1,0,0
text-to-svg,extracted,15,1,1,0,0
textarea-caret,extracted,1,1,1,0,0
textdiff-create,extracted,1,1,1,0,0
textdiff-patch,extracted,1,1,1,0,0
textfit,extracted,1,1,1,0,0
textile-js,extracted,8,1,1,0,0
textr,extracted,6,1,1,0,0
textract,extracted-with-diagnostics,10,1,1,0,5
textversionjs,extracted,3,1,1,0,0
texzilla,extracted,10,1,1,0,0
tg-ads-mediation__ads-cdn,extracted,7,1,1,0,0
tgfancy,extracted-with-diagnostics,308,1,1,0,7
tgwf__co2,extracted,12,2,2,0,0
then-eos,extracted-with-diagnostics,1,1,1,0,5
theo,extracted-with-diagnostics,8,1,1,0,1
thepiratebay,extracted,8,1,1,0,0
thread-loader,extracted,2,1,1,0,0
three,extracted,57280,1,1,0,0
three-dat.gui,extracted,1,1,1,0,0
three-gif-loader,extracted,3,1,1,0,0
three-nebula,extracted,4931,1,1,0,0
three-tds-loader,extracted,48,1,1,0,0
thrift,extracted-with-diagnostics,1190,1,1,0,5
throng,extracted,4,1,1,0,0
throttle,extracted-with-diagnostics,140,1,1,0,5
throttle-debounce,extracted,4,1,1,0,0
throttleit,extracted,1,1,1,0,0
through,extracted-with-diagnostics,72,1,1,0,5
through2-concurrent,extracted-with-diagnostics,4,1,1,0,6
through2-map,extracted-with-diagnostics,8,1,1,0,6
throw-empty,extracted,1,1,1,0,0
thumbsupply,extracted,9,1,1,0,0
thunderbird-webext-browser,extracted,0,1,1,0,0
thunky,extracted,1,1,1,0,0
tictactoejs,extracted,15,1,1,0,0
tiff-to-png,extracted,21,1,1,0,0
tile-reduce,extracted-with-diagnostics,0,1,1,0,5
time-constants,extracted,0,1,1,0,0
time-limit-promise,extracted,3,1,1,0,0
time-limited-regular-expressions,extracted,2,1,1,0,0
timeago,extracted,0,1,1,0,0
timed-cache,extracted,6,1,1,0,0
timelinejs,extracted,0,1,1,0,0
timelinejs3,extracted,0,1,1,0,0
timeout,extracted,1,1,1,0,0
timepicker,extracted,0,1,1,0,0
timer-machine,extracted,22,1,1,0,0
timespan-parser,extracted,3,1,1,0,0
timestring,extracted,1,1,1,0,0
timezone-js,extracted,57,1,1,0,0
timezoned-date,extracted,1,1,1,0,0
timing-safe-equal,extracted-with-diagnostics,1,1,1,0,5
timing.js,extracted,3,1,1,0,0
timsort,extracted,2,1,1,0,0
tinajs__tina-redux,extracted-with-diagnostics,2,1,1,0,1
tinder,extracted-with-diagnostics,37,1,1,0,5
tingle.js,extracted,13,1,1,0,0
tiny-async-pool,extracted,1,1,1,0,0
tiny-human-time,extracted,2,1,1,0,0
tiny-json-http,extracted,14,1,1,0,0
tiny-segmenter,extracted,2,1,1,0,0
tiny-slider-react,extracted-with-diagnostics,5,1,1,0,1
tiny-templater,extracted,1,1,1,0,0
tinycolor2,extracted,56,1,1,0,0
tinycon,extracted,8,1,1,0,0
tinycopy,extracted,5,1,1,0,0
tippy.js,extracted,0,1,1,0,0
titanium,extracted,0,1,1,0,0
titlecase,extracted,3,1,1,0,0
tizen-accessory,extracted,0,1,1,0,0
tizen-common-web,extracted,951,1,1,0,0
tizen-tv-webapis,extracted,401,1,1,0,0
tizentv__webide-common-tizentv,extracted,35,1,1,0,0
tldjs,extracted,9,1,1,0,0
tlf-log,extracted,18,1,1,0,0
tls-keygen,extracted-with-diagnostics,2,1,1,0,5
tmi.js,extracted,101,1,1,0,0
tmilar__furigana-helper,extracted,1,1,1,0,0
tmp,extracted,18,1,1,0,0
tmpl,extracted,2,1,1,0,0
to-absolute-glob,extracted,1,1,1,0,0
to-boolean,extracted,1,1,1,0,0
to-camel-case,extracted,1,1,1,0,0
to-ico,extracted-with-diagnostics,1,1,1,0,5
to-json-schema,extracted,1,1,1,0,0
to-markdown,extracted,5,1,1,0,0
to-object-path,extracted,1,1,1,0,0
to-px,extracted,1,1,1,0,0
to-regex,extracted,2,1,1,0,0
to-regex-range,extracted,1,1,1,0,0
to-slug-case,extracted,1,1,1,0,0
to-snake-case,extracted,1,1,1,0,0
to-space-case,extracted,1,1,1,0,0
to-title-case,extracted,1,1,1,0,0
to-title-case-gouch,extracted,0,1,1,0,0
toastify-js,extracted,2,1,1,0,0
toastr,extracted,10,1,1,0,0
tocktimer,extracted,12,1,1,0,0
toidentifier,extracted,1,1,1,0,0
token-introspection,extracted-with-diagnostics,14,1,1,0,6
token-stream,extracted,8,1,1,0,0
tokgen,extracted,7,1,1,0,0
tonic-ui__react,extracted-with-diagnostics,155,1,1,0,30
tonic-ui__react-icons,extracted-with-diagnostics,467,1,1,0,32
toobusy-js,extracted,8,1,1,0,0
tooltipster,extracted,0,1,1,0,0
topo,extracted,4,1,1,0,0
topojson,extracted,33,1,1,0,0
topojson-client,extracted,18,1,1,0,0
topojson-server,extracted,1,1,1,0,0
topojson-simplify,extracted,14,1,1,0,0
topojson-specification,extracted,0,1,1,0,0
toposort,extracted,2,1,1,0,0
torchlight-api__torchlight-cli,extracted,14,1,1,0,0
torrent-search-api,extracted,21,1,1,0,0
torrent-stream,extracted-with-diagnostics,0,1,1,0,5
touch,extracted-with-diagnostics,6,1,1,0,5
touch-events,extracted,0,1,1,0,0
tough-cookie-file-store,extracted-with-diagnostics,10,1,1,0,1
tough-cookie-filestore,extracted,18,1,1,0,0
tpdirect,extracted,0,1,1,0,0
tr46,extracted,2,1,1,0,0
traceback,extracted,0,1,1,0,0
traceparent,extracted-with-diagnostics,6,1,1,0,5
tracery-grammar,extracted,10,1,1,0,0
tracking,extracted,0,1,1,0,0
transducers-js,extracted,108,1,1,0,0
transducers.js,extracted,51,1,1,0,0
transform-coordinates,extracted-with-diagnostics,1,1,1,0,1
transform-pouch,extracted-with-diagnostics,0,1,1,0,1
transit-js,extracted,70,1,1,0,0
trashable,extracted,1,1,1,0,0
traverse,extracted,28,1,1,0,0
traverson,extracted,7,1,1,0,0
travis-fold,extracted,6,1,1,0,0
trayballoon,extracted,1,1,1,0,0
treeify,extracted,3,1,1,0,0
treescape,extracted,3,1,1,0,0
treeverse,extracted,4,1,1,0,0
trellopowerup,extracted,460,1,1,0,0
tress,extracted,23,1,1,0,0
triangle-wasm,extracted,5,1,1,0,0
trianglify,extracted-with-diagnostics,13,1,1,0,3
trie-prefix-tree,extracted,1,1,1,0,0
trim,extracted,3,1,1,0,0
triple-beam,extracted,0,1,1,0,0
triplesec,extracted-with-diagnostics,180,1,1,0,5
trouter,extracted,26,1,1,0,0
trtc-calling-js,extracted,35,1,1,0,0
trtc-js-sdk,extracted,202,1,1,0,0
truffle-privatekey-provider,extracted,4,1,1,0,0
truncate-middle,extracted,1,1,1,0,0
truncate-utf8-bytes,extracted,1,1,1,0,0
trunk8,extracted,0,1,1,0,0
trust__keyto,extracted-with-diagnostics,8,1,1,0,5
trusted-types,extracted,19,1,1,0,0
try-catch,extracted,1,1,1,0,0
try-to-catch,extracted,2,1,1,0,0
tryer,extracted,2,1,1,0,0
tryghost__admin-api,extracted-with-diagnostics,2,1,1,0,5
tryghost__content-api,extracted,13,1,1,0,0
ts-nameof,extracted,0,1,1,0,0
tsl-textures,extracted-with-diagnostics,160,4,4,0,6
tspromise,extracted-with-diagnostics,18,1,1,0,5
tsqlstring,extracted,8,1,1,0,0
tsscmp,extracted,2,1,1,0,0
tsv,extracted,11,1,1,0,0
ttest,extracted,7,1,1,0,0
ttf2eot,extracted-with-diagnostics,1,1,1,0,5
ttf2woff,extracted-with-diagnostics,1,1,1,0,5
tti-polyfill,extracted,1,1,1,0,0
tunajs,extracted,6,1,1,0,0
tunnel,extracted-with-diagnostics,4,1,1,0,5
turbolinks,extracted,8,1,1,0,0
turbostatus,extracted,15,1,1,0,0
turndown,extracted,39,1,1,0,0
tusk-mastodon,extracted,18,1,1,0,0
tuya-panel-kit,extracted-with-diagnostics,546,1,1,0,5
tv4,extracted,57,1,1,0,0
tween-functions,extracted,64,1,1,0,0
tweenjs,extracted,0,1,1,0,0
tweezer.js,extracted,8,1,1,0,0
twemoji-parser,extracted,2,1,1,0,0
twig,extracted,33,1,1,0,0
twig-drupal-filters,extracted,1,1,1,0,0
twilio-common,extracted,19,1,1,0,0
twine-sugarcube,extracted,709,1,1,0,0
twit,extracted-with-diagnostics,253,1,1,0,5
twitch-browser,extracted,0,1,1,0,0
twitch-ext,extracted,0,1,1,0,0
twitchat,extracted,1,1,1,0,0
twitter,extracted-with-diagnostics,25,1,1,0,7
twitter-autohook,extracted-with-diagnostics,112,1,1,0,5
twitter-for-web,extracted,0,1,1,0,0
twitter-stream-channels,extracted-with-diagnostics,43,1,1,0,5
twitter-text,extracted,45,1,1,0,0
twitter_cldr,extracted,23,1,1,0,0
twix,extracted-with-diagnostics,36,1,1,0,5
two.js,extracted,1213,1,1,0,0
twuni__emojify,extracted,1,1,1,0,0
tx2,extracted-with-diagnostics,26,1,1,0,5
type-check,extracted,4,1,1,0,0
type-detect,extracted,1,1,1,0,0
type-is,extracted-with-diagnostics,7,1,1,0,5
type-name,extracted,1,1,1,0,0
typeahead.js,extracted,22,1,1,0,0
typedarray-pool,extracted,27,1,1,0,0
typedarray-to-buffer,extracted-with-diagnostics,1,1,1,0,5
typeof,extracted,1,1,1,0,0
typescript-deferred,extracted,30,1,1,0,0
typo-js,extracted,4,1,1,0,0
typography,extracted,14,1,1,0,0
typography-breakpoint-constants,extracted,0,1,1,0,0
typopo,extracted,1,1,1,0,0
typpy,extracted,104,1,1,0,0
tz-format,extracted,3,1,1,0,0
tz-lookup,extracted,1,1,1,0,0
tz-offset,extracted,3,1,1,0,0
ua-parser-js,extracted,16,1,1,0,0
uapi-json,extracted,4,1,1,0,0
udp-discovery,extracted,25,1,1,0,0
uglify-es,extracted-with-diagnostics,1,1,1,0,1
uglify-js,extracted-with-diagnostics,1,1,1,0,1
uglifycss,extracted,2,1,1,0,0
uglifyjs-webpack-plugin,extracted-with-diagnostics,0,1,1,0,8
ui-grid,extracted,614,1,1,0,0
ui-router-extras,extracted,0,1,1,0,0
ui-select,extracted,0,1,1,0,0
uid-generator,extracted,2,1,1,0,0
uid-safe,extracted,6,1,1,0,0
uid2,extracted,2,1,1,0,0
uikit,extracted,149,1,1,0,0
uinput,extracted-with-diagnostics,5,1,1,0,5
uint32,extracted,19,1,1,0,0
uint48be,extracted-with-diagnostics,3,1,1,0,5
uint64be,extracted-with-diagnostics,3,1,1,0,5
ultra-strftime,extracted,9,1,1,0,0
ultron,extracted,9,1,1,0,0
umami-browser,extracted,0,1,1,0,0
umbraco,extracted,310,1,1,0,0
umd,extracted,3,1,1,0,0
umtrack-wx,extracted,4,1,1,0,0
unbzip2-stream,extracted-with-diagnostics,1,1,1,0,5
unc-path-regex,extracted,1,1,1,0,0
underscore,extracted,2417,2,2,0,0
underscore-ko,extracted,87,1,1,0,0
underscore.string,extracted,66,1,1,0,0
undertaker,extracted-with-diagnostics,57,1,1,0,6
undertaker-registry,extracted,8,1,1,0,0
unescape-js,extracted,1,1,1,0,0
ungap__create-content,extracted,1,1,1,0,0
ungap__global-this,extracted,0,1,1,0,0
ungap__structured-clone,extracted,3,1,1,0,0
ungap__url-search-params,extracted,24,1,1,0,0
ungap__weakmap,extracted,8,1,1,0,0
uni-app,extracted-with-diagnostics,0,1,1,0,1
unicode-dragon,extracted,1,1,1,0,0
unicode-escape,extracted,1,1,1,0,0
unicode-name,extracted,9,1,1,0,0
unicode-properties,extracted,14,1,1,0,0
unicode-trie,extracted-with-diagnostics,2,1,1,0,5
unidecode,extracted,1,1,1,0,0
uniq,extracted,0,1,1,0,0
uniqid,extracted,3,1,1,0,0
unique-hash-stream,extracted-with-diagnostics,1834,1,1,0,5
unique-push-id,extracted,1,1,1,0,0
unique-slug,extracted,1,1,1,0,0
unist,extracted,0,1,1,0,0
unity-webapi,extracted,0,1,1,0,0
universal-analytics,extracted,68,1,1,0,0
universalify,extracted,2,1,1,0,0
unix-time,extracted,1,1,1,0,0
unixify,extracted,1,1,1,0,0
unl-core,extracted,18,1,1,0,0
unordered-array-remove,extracted,1,1,1,0,0
unorm,extracted,8,1,1,0,0
unpaginated,extracted,4,1,1,0,0
unquote,extracted,1,1,1,0,0
untar.js,extracted,1,1,1,0,0
until-promise,extracted,1,1,1,0,0
unused-files-webpack-plugin,extracted-with-diagnostics,1,1,1,0,8
unused-webpack-plugin,extracted-with-diagnostics,2,1,1,0,9
unzalgo,extracted,4,1,1,0,0
unzip,extracted-with-diagnostics,73,1,1,0,5
unzip-stream,extracted-with-diagnostics,73,1,1,0,5
unzipper,extracted-with-diagnostics,244,1,1,0,5
update-notifier,extracted-with-diagnostics,5,1,1,0,1
uploadcare,extracted-with-diagnostics,5,1,1,0,5
upng-js,extracted,5,1,1,0,0
upnp-mediarenderer-client,extracted,20,1,1,0,0
uppercamelcase,extracted,1,1,1,0,0
upyun,extracted-with-diagnostics,20,1,1,0,5
urbanairship-cordova,extracted,0,1,1,0,0
uri-template-lite,extracted,5,1,1,0,0
uri-template-route,extracted-with-diagnostics,1,1,1,0,5
uri-templates,extracted,5,1,1,0,0
urijs,extracted,133,1,1,0,0
uritemplate,extracted,3,1,1,0,0
urix,extracted,1,1,1,0,0
url-assembler,extracted,22,1,1,0,0
url-file-size,extracted-with-diagnostics,1,1,1,0,5
url-format-lax,extracted,1,1,1,0,0
url-match-patterns,extracted,2,1,1,0,0
url-params,extracted,4,1,1,0,0
url-params-parser,extracted,1,1,1,0,0
url-parse,extracted,5,1,1,0,0
url-parse-lax,extracted-with-diagnostics,1,1,1,0,5
url-regex-safe,extracted,1,1,1,0,0
url-search-params,extracted,24,1,1,0,0
url-slugify,extracted,2,1,1,0,0
url-state,extracted,4,1,1,0,0
urlparser,extracted,5,1,1,0,0
urlrouter,extracted-with-diagnostics,540,1,1,0,5
urlsafe-base64,extracted-with-diagnostics,3,1,1,0,5
usage,extracted,3,1,1,0,0
use-ackee,extracted,2,1,1,0,0
use-analytics,extracted-with-diagnostics,9,1,1,0,2
use-color-scheme,extracted,5,1,1,0,0
use-combined-reducers,extracted-with-diagnostics,1,1,1,0,1
use-double-click,extracted-with-diagnostics,1,1,1,0,1
use-global-hook,extracted-with-diagnostics,3,1,1,0,1
use-persisted-state,extracted-with-diagnostics,1,1,1,0,1
use-persisted-state-hook,extracted-with-diagnostics,1,1,1,0,1
use-position,extracted,1,1,1,0,0
use-set-interval,extracted,1,1,1,0,0
use-set-timeout,extracted,1,1,1,0,0
use-subscription,extracted,4,1,1,0,0
use-sync-external-store,extracted,4,4,4,0,0
use-synced-local-storage,extracted,1,1,1,0,0
user-agents,extracted,4,1,1,0,0
user-event,extracted,4,1,1,0,0
user-home,extracted,0,1,1,0,0
user-idle-observer,extracted,3,1,1,0,0
useragent,extracted,24,1,1,0,0
usercentrics-browser-ui,extracted,19,1,1,0,0
usetube,extracted,7,1,1,0,0
uslug,extracted,1,1,1,0,0
uswds__uswds,extracted,103,1,1,0,0
utf-8-validate,extracted-with-diagnostics,1,1,1,0,5
utf8,extracted,2,1,1,0,0
utif,extracted-with-diagnostics,6,1,1,0,5
util-deprecate,extracted,1,1,1,0,0
util.promisify,extracted-with-diagnostics,30,1,1,0,5
utils-merge,extracted,1,1,1,0,0
utm,extracted,3,1,1,0,0
uuencode,extracted-with-diagnostics,2,1,1,0,5
uuid-1345,extracted-with-diagnostics,58,1,1,0,5
uuid-browser,extracted,6,1,1,0,0
uuid-encoder,extracted,6,1,1,0,0
uuid-js,extracted,10,1,1,0,0
uuid-parse,extracted-with-diagnostics,2,1,1,0,5
uuid-readable,extracted,4,1,1,0,0
uuid-to-hex,extracted,1,1,1,0,0
uuid-validate,extracted,2,1,1,0,0
uuid-with-v6,extracted-with-diagnostics,2,1,1,0,1
uuid4,extracted,2,1,1,0,0
uws,extracted-with-diagnostics,656,1,1,0,5
uzip,extracted,7,1,1,0,0
v-chart-plugin,extracted-with-diagnostics,0,1,1,0,1
v8-callsites,extracted,2,1,1,0,0
v8-profiler,extracted-with-diagnostics,0,1,1,0,5
v8flags,extracted,1,1,1,0,0
valdr,extracted,0,1,1,0,0
valdr-message,extracted,0,1,1,0,0
valerie-browser,extracted,0,1,1,0,0
vali-date,extracted,1,1,1,0,0
valiant,extracted,40,1,1,0,0
valid-data-url,extracted,1,1,1,0,0
valid-url,extracted,4,1,1,0,0
validate-npm-package,extracted,1,1,1,0,0
validate-npm-package-license,extracted,1,1,1,0,0
validate-npm-package-name,extracted,1,1,1,0,0
validate-objectid,extracted,1,1,1,0,0
validator,extracted,1665,1,1,0,0
validatorjs,extracted,40,1,1,0,0
valvelet,extracted,1,1,1,0,0
vanilla-masker,extracted,5,1,1,0,0
vanilla-modal,extracted,18,1,1,0,0
vanillajs-datepicker,extracted,20,1,1,0,0
vara,extracted,1,1,1,0,0
varint,extracted-with-diagnostics,3,1,1,0,5
varstruct,extracted-with-diagnostics,71,1,1,0,5
vary,extracted-with-diagnostics,2,1,1,0,5
vast-client,extracted-with-diagnostics,220,1,1,0,5
vault-auth-aws,extracted-with-diagnostics,4,1,1,0,5
vcards-js,extracted,1,1,1,0,0
vcf,extracted-with-diagnostics,31,1,1,0,5
vec2,extracted,72,1,1,0,0
vector-object,extracted,30,1,1,0,0
vector2js,extracted,652,1,1,0,0
vegas,extracted,8,1,1,0,0
venn,extracted,15,1,1,0,0
verovio,extracted,88,5,5,0,0
verror,extracted,608,1,1,0,0
vertx3-eventbus-client,extracted,12,1,1,0,0
vertx__eventbus-bridge-client.js,extracted,12,1,1,0,0
vex-js,extracted,8,1,1,0,0
vextab,extracted-with-diagnostics,55,1,1,0,1
vhost,extracted-with-diagnostics,227,1,1,0,5
vhtml,extracted,2,1,1,0,0
victor,extracted,144,1,1,0,0
video-name-parser,extracted,1,1,1,0,0
video-react,extracted-with-diagnostics,45,1,1,0,1
video.js,extracted,42220,1,1,0,0
videojs-errors,extracted,5,1,1,0,0
videojs-hls-quality-selector,extracted,8,1,1,0,0
videojs-mobile-ui,extracted,1,1,1,0,0
videojs-playlist-ui,extracted,1,1,1,0,0
videojs-seek-buttons,extracted,815,1,1,0,0
videojs-vtt.js,extracted,10,1,1,0,0
viewability-helper,extracted,2,1,1,0,0
viewport-list,extracted,1,1,1,0,0
viewporter,extracted,0,1,1,0,0
vigour-ua,extracted,2,1,1,0,0
vimeo,extracted,13,1,1,0,0
vimeo__player,extracted,118,1,1,0,0
vimeo__vimeo,extracted,19,1,1,0,0
vinyl,extracted-with-diagnostics,161,1,1,0,5
vinyl-buffer,extracted-with-diagnostics,2,1,1,0,5
vinyl-fs,extracted-with-diagnostics,3,1,1,0,5
vinyl-named,extracted-with-diagnostics,1,1,1,0,5
vinyl-paths,extracted-with-diagnostics,33,1,1,0,5
vinyl-source-stream,extracted-with-diagnostics,1,1,1,0,5
virtual-dom,extracted,20,1,1,0,0
virtual-keyboard,extracted,1,1,1,0,0
virtual-scroll,extracted,7,1,1,0,0
vis,extracted-with-diagnostics,163,1,1,0,1
vision,extracted-with-diagnostics,10,1,1,0,6
vitalsigns,extracted-with-diagnostics,8,1,1,0,5
vite-plugin-react-svg,extracted-with-diagnostics,1,1,1,0,3
vivus,extracted,22,1,1,0,0
viz.js,extracted,8,1,1,0,0
vk-openapi,extracted,0,1,1,0,0
vkbeautify,extracted,8,1,1,0,0
vmap,extracted,1,1,1,0,0
vndb,extracted-with-diagnostics,2,1,1,0,5
vnu-jar,extracted,0,1,1,0,0
voca,extracted,292,1,1,0,0
voice-activity-detection,extracted,1,1,1,0,0
void-elements,extracted,0,1,1,0,0
voilab-pdf-table,extracted-with-diagnostics,445,1,1,0,5
voronoi-diagram,extracted,1,1,1,0,0
vorpal,extracted,119,1,1,0,0
vortex-web-client,extracted,0,1,1,0,0
vosk,extracted-with-diagnostics,20,1,1,0,5
voucher-code-generator,extracted,2,1,1,0,0
voximplant-websdk,extracted,350,1,1,0,0
vpk,extracted-with-diagnostics,6,1,1,0,5
vscode,extracted,2054,1,1,0,0
vscode-notebook-renderer,extracted,9,1,1,0,0
vscode-webview,extracted,3,1,1,0,0
vscode-windows-registry,extracted,1,1,1,0,0
vssln-parser,extracted-with-diagnostics,1,1,1,0,5
vt-pbf,extracted,4,1,1,0,0
vtex.js,extracted,0,1,1,0,0
vue-barcode-reader,extracted-with-diagnostics,0,1,1,0,1
vue-chartkick,extracted-with-diagnostics,1,1,1,0,1
vue-clickaway,extracted-with-diagnostics,0,1,1,0,1
vue-color,extracted-with-diagnostics,0,1,1,0,1
vue-cropperjs,extracted-with-diagnostics,135,1,1,0,1
vue-datetime,extracted-with-diagnostics,4,1,1,0,1
vue-draggable-resizable,extracted-with-diagnostics,2,2,2,0,2
vue-feather-icons,extracted-with-diagnostics,0,1,1,0,2
vue-json-compare,extracted-with-diagnostics,0,1,1,0,1
vue-ls,extracted-with-diagnostics,9,1,1,0,1
vue-markdown,extracted,0,1,1,0,0
vue-moment,extracted-with-diagnostics,0,1,1,0,2
vue-nice-dates,extracted-with-diagnostics,88,1,1,0,7
vue-scroll-up,extracted-with-diagnostics,0,1,1,0,1
vue-select,extracted-with-diagnostics,254,1,1,0,4
vue-splitpane,extracted-with-diagnostics,31,1,1,0,1
vue-template-es2015-compiler,extracted,1,1,1,0,0
vue-the-mask,extracted-with-diagnostics,0,1,1,0,1
vue-writer,extracted-with-diagnostics,2,1,1,0,1
vue2-datepicker,extracted-with-diagnostics,3,1,1,0,1
vue2-editor,extracted-with-diagnostics,67,1,1,0,2
vue2-hammer,extracted-with-diagnostics,0,1,1,0,1
vue3-carousel-3d,extracted-with-diagnostics,3,1,1,0,1
vuelidate,extracted-with-diagnostics,3,1,1,0,3
vusion__webfonts-generator,extracted-with-diagnostics,355,1,1,0,6
vxna__mini-html-webpack-template,extracted-with-diagnostics,1,1,1,0,1
w2ui,extracted,0,1,1,0,0
w3c-capture-all-screens,extracted,0,1,1,0,0
w3c-controlled-frame,extracted,5,1,1,0,0
w3c-css-typed-object-model-level-1,extracted,0,1,1,0,0
w3c-direct-sockets,extracted,0,1,1,0,0
w3c-generic-sensor,extracted,0,1,1,0,0
w3c-hr-time,extracted,4,1,1,0,0
w3c-image-capture,extracted,0,1,1,0,0
w3c-screen-capture,extracted,0,1,1,0,0
w3c-sub-apps,extracted,0,1,1,0,0
w3c-web-hid,extracted,0,1,1,0,0
w3c-web-nfc,extracted,0,1,1,0,0
w3c-web-serial,extracted,0,1,1,0,0
w3c-web-smart-card,extracted,8,1,1,0,0
w3c-web-usb,extracted,0,1,1,0,0
w3c-xmlserializer,extracted,1,1,1,0,0
waaclock,extracted,16,1,1,0,0
wait-on,extracted-with-diagnostics,3,1,1,0,5
wait-please,extracted,4,1,1,0,0
wait-promise,extracted,21,1,1,0,0
waitme,extracted,0,1,1,0,0
wake_on_lan,extracted-with-diagnostics,9,1,1,0,5
walk,extracted-with-diagnostics,19,1,1,0,5
walk-asyncgen,extracted,1,1,1,0,0
wallabyjs,extracted-with-diagnostics,15,1,1,0,14
wallop,extracted,12,1,1,0,0
wampy,extracted,24,1,1,0,0
warning,extracted,1,1,1,0,0
watch,extracted-with-diagnostics,25,1,1,0,5
watchify,extracted-with-diagnostics,6,1,1,0,5
watchpack,extracted-with-diagnostics,56,1,1,0,5
waterline,extracted-with-diagnostics,37,1,1,0,5
watermark-dom,extracted,3,1,1,0,0
wav,extracted-with-diagnostics,5750,1,1,0,5
wav-encoder,extracted,1,1,1,0,0
wavesurfer.js,extracted,1578,1,1,0,0
wawoff2,extracted-with-diagnostics,2,1,1,0,5
wax-on,extracted,2,1,1,0,0
waypoints,extracted,0,1,1,0,0
wcag-contrast,extracted,4,1,1,0,0
wcwidth,extracted,1,1,1,0,0
weak,extracted-with-diagnostics,9,1,1,0,5
weak-napi,extracted-with-diagnostics,19,1,1,0,5
weapp-api,extracted,206,1,1,0,0
weaveid,extracted-with-diagnostics,5,1,1,0,1
web-animations-js,extracted,0,1,1,0,0
web-app-manifest,extracted,0,1,1,0,0
web-bluetooth,extracted,0,1,1,0,0
web-ie11,extracted,0,1,1,0,0
web-install-api,extracted,0,1,1,0,0
web-locks-api,extracted,0,1,1,0,0
web-push,extracted-with-diagnostics,102,1,1,0,5
web-resource-inliner,extracted-with-diagnostics,3,1,1,0,7
web3-provider-engine,extracted-with-diagnostics,12,1,1,0,1
webappsec-credential-management,extracted,0,1,1,0,0
webassembly-web-api,extracted,0,1,1,0,0
webcamjs,extracted,16,1,1,0,0
webcl,extracted,0,1,1,0,0
webcomponents.js,extracted,3,1,1,0,0
webcrypto,extracted,0,1,1,0,0
webextension-polyfill,extracted,2491,1,1,0,0
webfontloader,extracted,1,1,1,0,0
webgl-ext,extracted,0,1,1,0,0
webgl2,extracted,0,1,1,0,0
webgl2-compute,extracted,0,1,1,0,0
webicon,extracted,23,1,1,0,0
webidl-conversions,extracted,40,1,1,0,0
webidl2,extracted,4,1,1,0,0
webidl2js,extracted,7,1,1,0,0
webos-service,extracted-with-diagnostics,253,1,1,0,5
webostvjs,extracted,38,1,1,0,0
webp-in-css,extracted-with-diagnostics,0,1,1,0,6
webpack,extracted-with-diagnostics,0,1,1,0,6
webpack-blocks,extracted-with-diagnostics,51,1,1,0,18
webpack-blocks__assets,extracted-with-diagnostics,9,1,1,0,18
webpack-blocks__babel,extracted-with-diagnostics,0,1,1,0,18
webpack-blocks__core,extracted-with-diagnostics,19,1,1,0,10
webpack-blocks__dev-server,extracted-with-diagnostics,8,1,1,0,18
webpack-blocks__extract-text,extracted-with-diagnostics,1,1,1,0,18
webpack-blocks__postcss,extracted-with-diagnostics,2,1,1,0,18
webpack-blocks__sass,extracted-with-diagnostics,1,1,1,0,18
webpack-blocks__typescript,extracted-with-diagnostics,2,1,1,0,18
webpack-blocks__uglify,extracted-with-diagnostics,3,1,1,0,18
webpack-blocks__webpack,extracted-with-diagnostics,24,1,1,0,17
webpack-bugsnag-plugins,extracted-with-diagnostics,2,1,1,0,6
webpack-bundle-analyzer,extracted-with-diagnostics,14,1,1,0,11
webpack-cdn-inject,extracted-with-diagnostics,0,1,1,0,8
webpack-clean,extracted-with-diagnostics,0,1,1,0,8
webpack-cleanup-plugin,extracted-with-diagnostics,0,1,1,0,8
webpack-concat-plugin,extracted-with-diagnostics,12,1,1,0,10
webpack-config-utils,extracted,29,1,1,0,0
webpack-deadcode-plugin,extracted-with-diagnostics,2,1,1,0,9
webpack-dotenv-plugin,extracted-with-diagnostics,0,1,1,0,6
webpack-entry-manifest-plugin,extracted-with-diagnostics,0,1,1,0,8
webpack-env,extracted,0,1,1,0,0
webpack-error-notification,extracted-with-diagnostics,4,1,1,0,9
webpack-fail-plugin,extracted-with-diagnostics,0,1,1,0,8
webpack-files-archive-plugin,extracted-with-diagnostics,2,1,1,0,8
webpack-hot-client,extracted-with-diagnostics,94,1,1,0,6
webpack-hot-middleware,extracted-with-diagnostics,4,1,1,0,6
webpack-livereload-plugin,extracted-with-diagnostics,14,1,1,0,9
webpack-log,extracted,6,1,1,0,0
webpack-merge-and-include-globally,extracted-with-diagnostics,4,1,1,0,9
webpack-node-externals,extracted-with-diagnostics,3,1,1,0,8
webpack-pkg-plugin-v4,extracted-with-diagnostics,1,1,1,0,8
webpack-plugin-serve,extracted-with-diagnostics,10,1,1,0,7
webpack-react-component-name,extracted-with-diagnostics,2,1,1,0,9
webpack-serve,extracted-with-diagnostics,421,1,1,0,8
webpack-shell-plugin,extracted-with-diagnostics,0,1,1,0,8
webpack-sources,extracted-with-diagnostics,79,1,1,0,11
webpack-stats-plugin,extracted-with-diagnostics,6,1,1,0,9
webpack-stream,extracted-with-diagnostics,1,1,1,0,6
webpack-validator,extracted-with-diagnostics,0,1,1,0,8
webpack-watch-files-plugin,extracted-with-diagnostics,2,1,1,0,8
webpack-watched-glob-entries-plugin,extracted-with-diagnostics,0,1,1,0,10
webpagetest,extracted,95,1,1,0,0
webprogbase-console-view,extracted,10,1,1,0,0
webrtc,extracted,0,1,1,0,0
webscopeio__react-textarea-autocomplete,extracted-with-diagnostics,11,1,1,0,1
webscreens-window-placement,extracted,0,1,1,0,0
webshot-node,extracted-with-diagnostics,4,1,1,0,5
website-scraper,extracted-with-diagnostics,5,1,1,0,7
websocket,extracted-with-diagnostics,2264,1,1,0,5
websocket-async,extracted,12,1,1,0,0
websql,extracted,0,1,1,0,0
webtorrent,extracted-with-diagnostics,493,1,1,0,5
webvis,extracted,0,1,1,0,0
webvr-api,extracted,0,1,1,0,0
webvtt-parser,extracted,9,1,1,0,0
webxr,extracted,0,1,1,0,0
wechat-miniprogram,extracted-with-diagnostics,0,1,1,0,1
wechat-miniprogram-xmly,extracted,42,1,1,0,0
week,extracted,1,1,1,0,0
wegame-api,extracted,0,1,1,0,0
weighted-random-object,extracted,1,1,1,0,0
weixin-app,extracted,0,1,1,0,0
wellknown,extracted,2,1,1,0,0
wepy,extracted,56,1,1,0,0
wepy-redux,extracted-with-diagnostics,3,1,1,0,1
wgs84,extracted,0,1,1,0,0
whatwg-encoding,extracted,4,1,1,0,0
whatwg-mimetype,extracted,39,1,1,0,0
whatwg-url,extracted,41,1,1,0,0
wheel,extracted,3,1,1,0,0
when,extracted,133,1,1,0,0
when-dom-ready,extracted,3,1,1,0,0
which,extracted,2,1,1,0,0
which-pm-runs,extracted,1,1,1,0,0
which-polygon,extracted-with-diagnostics,4,1,1,0,1
whitelist-object,extracted,1,1,1,0,0
whois-json,extracted,1,1,1,0,0
whois-parsed,extracted,1,1,1,0,0
whoops,extracted,13,1,1,0,0
why-did-you-update,extracted-with-diagnostics,1,1,1,0,1
wicg-cross-origin-storage,extracted,0,1,1,0,0
wicg-entries-api,extracted,0,1,1,0,0
wicg-file-system-access,extracted,0,1,1,0,0
wicg-js-self-profiling,extracted,0,1,1,0,0
wicg-mediasession,extracted,0,1,1,0,0
wicg-task-scheduling,extracted,0,1,1,0,0
wicg-ua-client-hints,extracted,0,1,1,0,0
wicg-web-app-launch,extracted,0,1,1,0,0
wicket,extracted,0,1,1,0,0
wifgrs,extracted-with-diagnostics,92,1,1,0,5
wiiu,extracted,0,1,1,0,0
wildstring,extracted,2,1,1,0,0
win-ca,extracted-with-diagnostics,9,1,1,0,5
win-version-info,extracted,1,1,1,0,0
winattr,extracted,4,1,1,0,0
winbox,extracted,38,1,1,0,0
winchan,extracted,2,1,1,0,0
window-or-global,extracted-with-diagnostics,163,1,1,0,5
window-size,extracted-with-diagnostics,0,1,1,0,5
windows-elevate,extracted-with-diagnostics,1,1,1,0,5
windows-mutex,extracted,4,1,1,0,0
windows-script-host,extracted-with-diagnostics,0,1,1,0,3
windows-service,extracted-with-diagnostics,5,1,1,0,5
winjs,extracted,1911,1,1,0,0
wink-jaro-distance,extracted,1,1,1,0,0
wink-pos-tagger,extracted,10,1,1,0,0
wink-tokenizer,extracted,8,1,1,0,0
winreg,extracted,33,1,1,0,0
winrt,extracted-with-diagnostics,0,1,1,0,1
winrt-uwp,extracted-with-diagnostics,0,1,1,0,7
winston-dynamodb,extracted-with-diagnostics,3,1,1,0,3
winston-loggly-bulk,extracted-with-diagnostics,11,1,1,0,6
winston-mail,extracted-with-diagnostics,3,1,1,0,1
winston-syslog,extracted-with-diagnostics,4,1,1,0,6
wiredep,extracted-with-diagnostics,2,1,1,0,5
wiring-pi,extracted-with-diagnostics,137,1,1,0,5
wistia-player-browser,extracted,0,1,1,0,0
wkhtmltopdf,extracted-with-diagnostics,3,1,1,0,5
wnumb,extracted,3,1,1,0,0
wol,extracted-with-diagnostics,4,1,1,0,5
wonder.js,extracted-with-diagnostics,16601,1,1,0,38
woocommerce__woocommerce-rest-api,extracted,13,1,1,0,0
woosmap.map,extracted-with-diagnostics,0,1,1,0,1
woothee,extracted,2,1,1,0,0
word-extractor,extracted-with-diagnostics,9,1,1,0,5
word2vector,extracted,13,1,1,0,0
wordcloud,extracted,3,1,1,0,0
wordfilter,extracted,4,1,1,0,0
wordpress-hash-node,extracted,2,1,1,0,0
wordpress__admin,extracted,8,1,1,0,0
wordpress__block-editor,extracted-with-diagnostics,44,1,1,0,28
wordpress__block-library,extracted,1,1,1,0,0
wordpress__block-serialization-spec-parser,extracted,1,1,1,0,0
wordpress__customize-browser,extracted,0,1,1,0,0
wordpress__edit-post,extracted-with-diagnostics,3,1,1,0,10
words-to-time-converter,extracted,3,1,1,0,0
wordwrap,extracted,5,1,1,0,0
wordwrapjs,extracted,21,2,2,0,0
workbox-sw,extracted-with-diagnostics,0,1,1,0,12
worker-plugin,extracted-with-diagnostics,2,1,1,0,6
worker-threads-pool,extracted-with-diagnostics,6,1,1,0,5
workerb-api,extracted-with-diagnostics,0,1,1,0,1
world-currencies,extracted,0,1,1,0,0
wpapi,extracted,71,1,1,0,0
wrap-text,extracted,1,1,1,0,0
wreck,extracted-with-diagnostics,70,1,1,0,5
wrench,extracted,13,1,1,0,0
writable-consumable-stream,extracted-with-diagnostics,40,1,1,0,5
write,extracted-with-diagnostics,5,1,1,0,5
write-file-atomic,extracted-with-diagnostics,4,1,1,0,5
write-file-atomically,extracted-with-diagnostics,1,1,1,0,5
write-file-webpack-plugin,extracted-with-diagnostics,0,1,1,0,6
write-good,extracted,1,1,1,0,0
ws,extracted-with-diagnostics,2871,2,2,0,10
wtfnode,extracted,4,1,1,0,0
wu,extracted,85,1,1,0,0
wuzzy,extracted,6,1,1,0,0
wx-js-sdk-browser,extracted,0,1,1,0,0
wx-js-sdk-dt,extracted,0,1,1,0,0
wx-server-sdk,extracted-with-diagnostics,10,1,1,0,5
x-axios-progress-bar,extracted-with-diagnostics,1,1,1,0,1
x-editable,extracted,0,1,1,0,0
x-ray,extracted-with-diagnostics,33,1,1,0,5
x-ray-crawler,extracted-with-diagnostics,23,1,1,0,5
x509.js,extracted,3,1,1,0,0
xar,extracted-with-diagnostics,7,1,1,0,5
xast,extracted,0,1,1,0,0
xcode,extracted,115,1,1,0,0
xdate,extracted,154,1,1,0,0
xdialog,extracted,0,1,1,0,0
xdomain,extracted,3,1,1,0,0
xelib,extracted,470,1,1,0,0
xhook,extracted,6,1,1,0,0
xk6-sql-browser,extracted,8,1,1,0,0
xml,extracted-with-diagnostics,6,1,1,0,5
xml-c14n,extracted,8,1,1,0,0
xml-crypto,extracted-with-diagnostics,20,1,1,0,6
xml-encryption,extracted-with-diagnostics,4,1,1,0,5
xml-escape,extracted,1,1,1,0,0
xml-flow,extracted-with-diagnostics,2,1,1,0,5
xml-name-validator,extracted,2,1,1,0,0
xml-parser,extracted,1,1,1,0,0
xml2js,extracted-with-diagnostics,110,1,1,0,5
xml2json,extracted-with-diagnostics,3,1,1,0,5
xmldom,extracted,11,1,1,0,0
xmlhttprequest,extracted,0,1,1,0,0
xmljs,extracted,2,1,1,0,0
xmlpoke,extracted-with-diagnostics,0,1,1,0,5
xmlrpc,extracted-with-diagnostics,32,1,1,0,5
xmlserializer,extracted-with-diagnostics,1,1,1,0,1
xmltojson,extracted,5,1,1,0,0
xmpp__base64,extracted,2,1,1,0,0
xmpp__client,extracted-with-diagnostics,211,1,1,0,9
xmpp__client-core,extracted-with-diagnostics,88,1,1,0,5
xmpp__component,extracted-with-diagnostics,147,1,1,0,7
xmpp__component-core,extracted-with-diagnostics,88,1,1,0,5
xmpp__connection,extracted-with-diagnostics,176,1,1,0,5
xmpp__connection-tcp,extracted-with-diagnostics,123,1,1,0,5
xmpp__debug,extracted-with-diagnostics,2,1,1,0,5
xmpp__error,extracted,2,1,1,0,0
xmpp__events,extracted-with-diagnostics,87,1,1,0,5
xmpp__id,extracted,1,1,1,0,0
xmpp__iq,extracted,0,1,1,0,0
xmpp__jid,extracted,25,1,1,0,0
xmpp__middleware,extracted-with-diagnostics,45,1,1,0,5
xmpp__reconnect,extracted-with-diagnostics,3,1,1,0,5
xmpp__resolve,extracted-with-diagnostics,1,1,1,0,5
xmpp__resource-binding,extracted-with-diagnostics,2,1,1,0,6
xmpp__sasl,extracted-with-diagnostics,5,1,1,0,5
xmpp__sasl-anonymous,extracted-with-diagnostics,1,1,1,0,5
xmpp__sasl-ht-sha-256-none,extracted-with-diagnostics,2,1,1,0,5
xmpp__sasl-plain,extracted-with-diagnostics,1,1,1,0,5
xmpp__sasl-scram-sha-1,extracted-with-diagnostics,1,1,1,0,5
xmpp__sasl2,extracted-with-diagnostics,4,1,1,0,6
xmpp__session-establishment,extracted-with-diagnostics,1,1,1,0,6
xmpp__starttls,extracted-with-diagnostics,1,1,1,0,5
xmpp__stream-features,extracted-with-diagnostics,2,1,1,0,5
xmpp__stream-management,extracted-with-diagnostics,3,1,1,0,5
xmpp__tcp,extracted-with-diagnostics,1,1,1,0,5
xmpp__time,extracted,4,1,1,0,0
xmpp__tls,extracted-with-diagnostics,1,1,1,0,5
xmpp__uri,extracted-with-diagnostics,10,1,1,0,5
xmpp__websocket,extracted-with-diagnostics,1,1,1,0,5
xmpp__xml,extracted,48,1,1,0,0
xo,extracted-with-diagnostics,5,1,1,0,1
xrandr,extracted,1,1,1,0,0
xrm,extracted,0,1,1,0,0
xsalsa20,extracted-with-diagnostics,6,1,1,0,5
xsalsa20-encoding,extracted-with-diagnostics,184,1,1,0,5
xsockets,extracted,0,1,1,0,0
xss-filters,extracted,0,1,1,0,0
xtend,extracted,6,1,1,0,0
xxhashjs,extracted-with-diagnostics,11,1,1,0,5
ya-disk,extracted,13,1,1,0,0
yadda,extracted,715,1,1,0,0
yaeti,extracted,4,1,1,0,0
yaireo__relative-time,extracted,2,1,1,0,0
yaireo__tagify,extracted-with-diagnostics,10888,9,9,0,4
yaml-front-matter,extracted-with-diagnostics,4,1,1,0,5
yamljs,extracted,4,1,1,0,0
yandex-maps,extracted,8146,1,1,0,0
yandex-metrika-tag,extracted,0,1,1,0,0
yandex-money-sdk,extracted-with-diagnostics,23,1,1,0,5
yar,extracted-with-diagnostics,10,1,1,0,6
yargs,extracted-with-diagnostics,331,5,5,0,1
yargs-interactive,extracted,155,1,1,0,0
yargs-parser,extracted,10,1,1,0,0
yargs-unparser,extracted,2,1,1,0,0
yarnpkg__lockfile,extracted,2,1,1,0,0
yauzl,extracted-with-diagnostics,751,1,1,0,5
yauzl-promise,extracted-with-diagnostics,112,1,1,0,5
yayson,extracted,0,1,1,0,0
yazl,extracted-with-diagnostics,126,1,1,0,5
ydn-db,extracted,0,1,1,0,0
yeast,extracted,3,1,1,0,0
yelp-fusion-plus,extracted,2,1,1,0,0
yeoman-assert,extracted-with-diagnostics,236,1,1,0,5
yesql,extracted,3,1,1,0,0
yieldable-json,extracted,10,1,1,0,0
yodasws__gulp-pattern-replace,extracted-with-diagnostics,1,1,1,0,5
yog-bigpipe,extracted-with-diagnostics,1961,1,1,0,5
yog-log,extracted-with-diagnostics,25,1,1,0,5
yog2-kernel,extracted-with-diagnostics,866,1,1,0,5
yosay,extracted,1,1,1,0,0
youtube,extracted,0,1,1,0,0
youtube-captions-scraper,extracted,1,1,1,0,0
youtube-dl,extracted-with-diagnostics,72,1,1,0,5
youtube-player,extracted,1,1,1,0,0
ysdk,extracted,81,1,1,0,0
yt-player,extracted,80,1,1,0,0
yt-search,extracted,16,1,1,0,0
yui,extracted,0,1,1,0,0
yuka,extracted,4734,1,1,0,0
yup-locale-pl,extracted-with-diagnostics,0,1,1,0,1
zafclient,extracted,13,1,1,0,0
zalgo-promise,extracted,29,1,1,0,0
zarinpal-checkout,extracted,5,1,1,0,0
zchat-browser,extracted,47,1,1,0,0
zdf,extracted,2,1,1,0,0
zdog,extracted,519,1,1,0,0
zedit__upf,extracted-with-diagnostics,245,1,1,0,2
zeit__next-source-maps,extracted,1,1,1,0,0
zeit__next-typescript,extracted,1,1,1,0,0
zen-observable,extracted,24,1,1,0,0
zen-push,extracted,28,1,1,0,0
zenaton,extracted,100,1,1,0,0
zendesk-web-widget,extracted,0,1,1,0,0
zengin-code,extracted,0,1,1,0,0
zenscroll,extracted,10,1,1,0,0
zepto,extracted,0,1,1,0,0
zerobounce__zero-bounce-sdk,extracted,30,1,1,0,0
zeroclipboard,extracted,0,1,1,0,0
zetrix-encryption-nodejs,extracted,12,1,1,0,0
zetrix-sdk-nodejs,extracted,114,1,1,0,0
zfont,extracted,1,1,1,0,0
zingchart,extracted,4,1,1,0,0
zip-stream,extracted-with-diagnostics,690,1,1,0,5
zip-webpack-plugin,extracted-with-diagnostics,2,1,1,0,8
zipcelx,extracted,1,1,1,0,0
zipcelx-on-steroids,extracted,1,1,1,0,0
zipcode-to-timezone,extracted,1,1,1,0,0
zipcodes,extracted,10,1,1,0,0
zipkin-context-cls,extracted-with-diagnostics,8,1,1,0,1
zipkin-instrumentation-fetch,extracted-with-diagnostics,1,1,1,0,7
zipkin-javascript-opentracing,extracted,10,1,1,0,0
zmq,extracted-with-diagnostics,24,1,1,0,5
zongji,extracted-with-diagnostics,6,1,1,0,5
zopflipng-bin,extracted-with-diagnostics,0,1,1,0,5
zpl-image,extracted-with-diagnostics,2,1,1,0,5
zui,extracted,0,1,1,0,0
zumly,extracted,8,1,1,0,0
zurb-twentytwenty,extracted,0,1,1,0,0
zwjsbridge,extracted,0,1,1,0,0
zwlog-browser,extracted,0,1,1,0,0
zxcvbn,extracted,1,1,1,0,0
